CREATE DATABASE IF NOT EXISTS musicdb;
USE musicdb;
-- MySQL dump 10.13  Distrib 8.0.34, for Win64 (x86_64)
--
-- Host: localhost    Database: musicdb
-- ------------------------------------------------------
-- Server version	8.0.34

/*!40101 SET @OLD_CHARACTER_SET_CLIENT=@@CHARACTER_SET_CLIENT */;
/*!40101 SET @OLD_CHARACTER_SET_RESULTS=@@CHARACTER_SET_RESULTS */;
/*!40101 SET @OLD_COLLATION_CONNECTION=@@COLLATION_CONNECTION */;
/*!50503 SET NAMES utf8 */;
/*!40103 SET @OLD_TIME_ZONE=@@TIME_ZONE */;
/*!40103 SET TIME_ZONE='+00:00' */;
/*!40014 SET @OLD_UNIQUE_CHECKS=@@UNIQUE_CHECKS, UNIQUE_CHECKS=0 */;
/*!40014 SET @OLD_FOREIGN_KEY_CHECKS=@@FOREIGN_KEY_CHECKS, FOREIGN_KEY_CHECKS=0 */;
/*!40101 SET @OLD_SQL_MODE=@@SQL_MODE, SQL_MODE='NO_AUTO_VALUE_ON_ZERO' */;
/*!40111 SET @OLD_SQL_NOTES=@@SQL_NOTES, SQL_NOTES=0 */;

--
-- Table structure for table `album`
--

DROP TABLE IF EXISTS `album`;
/*!40101 SET @saved_cs_client     = @@character_set_client */;
/*!50503 SET character_set_client = utf8mb4 */;
CREATE TABLE `album` (
  `album_id` int DEFAULT NULL,
  `title` text,
  `artist_id` int DEFAULT NULL
) ENGINE=InnoDB DEFAULT CHARSET=utf8mb4 COLLATE=utf8mb4_0900_ai_ci;
/*!40101 SET character_set_client = @saved_cs_client */;

--
-- Dumping data for table `album`
--

LOCK TABLES `album` WRITE;
/*!40000 ALTER TABLE `album` DISABLE KEYS */;
INSERT INTO `album` VALUES (1,'For Those About To Rock We Salute You',1),(2,'Balls to the Wall',2),(3,'Restless and Wild',2),(4,'Let There Be Rock',1),(5,'Big Ones',3),(6,'Jagged Little Pill',4),(7,'Facelift',5),(8,'Warner 25 Anos',6),(9,'Plays Metallica By Four Cellos',7),(10,'Audioslave',8),(11,'Out Of Exile',8),(12,'BackBeat Soundtrack',9),(13,'The Best Of Billy Cobham',10),(14,'Alcohol Fueled Brewtality Live! Disc 1',11),(15,'Alcohol Fueled Brewtality Live! Disc 2',11),(16,'Black Sabbath',12),(17,'Black Sabbath Vol 4 (Remaster)',12),(18,'Body Count',13),(19,'Chemical Wedding',14),(20,'The Best Of Buddy Guy  The Millenium Collection',15),(21,'Prenda Minha',16),(22,'Sozinho Remix Ao Vivo',16),(23,'Minha Historica',17),(24,'Afrociberdelia',18),(25,'Da Lama Ao Caos',18),(26,'Acastico MTV live',19),(27,'Cidade Negra  Hits',19),(28,'Na Pista',20),(29,'AxA Bahia 2001',21),(30,'BBC Sessions Disc 1 live',22),(31,'Bongo Fury',23),(32,'Carnaval 2001',21),(33,'Chill Brazil (Disc 1)',24),(34,'Chill Brazil (Disc 2)',6),(35,'Garage Inc (Disc 1)',50),(36,'Greatest Hits 2',51),(37,'Greatest Kiss',52),(38,'Heart of the Night',53),(39,'International Superhits',54),(40,'Into The Light',55),(41,'Meus Momentos',56),(42,'Minha Historica',57),(43,'MK III The Final Concerts Disc 1',58),(44,'Physical Graffiti Disc 1',22),(45,'Sambas De Enredo 2001',21),(46,'Supernatural',59),(47,'The Best of Ed Motta',37),(48,'The Essential Miles Davis Disc 1',68),(49,'The Essential Miles Davis Disc 2',68),(50,'The Final Concerts (Disc 2)',58),(51,'Up An Atom',69),(52,'Vinícius De Moraes  Sem Limite',70),(53,'Vozes do MPB',21),(54,'Chronicle Vol 1',76),(55,'Chronicle Vol 2',76),(56,'Eller  Coleo Sem Limite Disc 2',77),(57,'Eller  Coleo Sem Limite Disc 1',77),(58,'Come Taste The Band',58),(59,'Deep Purple In Rock',58),(60,'Fireball',58),(61,'Knocking at Your Back Door ',58),(62,'Machine Head',58),(63,'Purpendicular',58),(64,'Slaves And Masters',58),(65,'Stormbringer',58),(66,'The Battle Rages On',58),(67,'Vault Def Leppards Greatest Hits',78),(68,'Outbreak',79),(69,'Djavan Ao Vivo  Vol 02',80),(70,'Djavan Ao Vivo  Vol 1',80),(71,'Elis ReginaMinha',41),(72,'The Cream Of Clapton',81),(73,'Unplugged',81),(74,'Album Of The Year',82),(75,'Angel Dust',82),(76,'King For A Day Fool For A Lifetime',82),(77,'The Real Thing',82),(78,'Deixa Entrar',83),(79,'In Your Honor Disc 1',84),(80,'In Your Honor Disc 2',84),(81,'One By One',84),(82,'The Colour And The Shape',84),(83,'My Way The Best Of Frank Sinatra Disc 1',85),(84,'Roda De Funk',86),(85,'As CanEles',27),(86,'Quanta Gente Veio Ver (Live)',27),(87,'Quanta Gente Veio verBônus De Carnaval',27),(88,'Faceless',87),(89,'American Idiot',54),(90,'Appetite for Destruction',88),(91,'Use Your Illusion I',88),(92,'Use Your Illusion II',88),(93,'Blue Moods',89),(94,'A Matter of Life and Death',90),(95,'A Real Dead One',90),(96,'A Real Live One',90),(97,'Brave New World',90),(98,'Dance Of Death',90),(99,'Fear Of The Dark',90),(100,'Iron Maiden',90),(101,'Killers',90),(102,'Live After Death',90),(103,'Live At Donington 1992 (Disc 1)',90),(104,'Live At Donington 1992 (Disc 2)',90),(105,'No Prayer For The Dying',90),(106,'Piece Of Mind',90),(107,'Powerslave',90),(108,'Rock In Rio cd1',90),(109,'Rock In Rio cd2',90),(110,'Seventh Son of a Seventh Son',90),(111,'Somewhere in Time',90),(112,'The Number of The Beast',90),(113,'The X Factor',90),(114,'Virtual 11',90),(115,'Sex Machine',91),(116,'Emergency On Planet Earth',92),(117,'Synkronized',92),(118,'The Return Of The Space Cowboy',92),(119,'Get Born',93),(120,'Are You Experienced',94),(121,'Surfing with the Alien (Remastered)',95),(122,'Jorge Ben Jor 25 Anos',46),(123,'Jota Quest1995',96),(124,'Cafezinho',97),(125,'Living After Midnight',98),(126,'Unplugged live',52),(127,'BBC Sessions Disc 2 live',22),(128,'Coda',22),(129,'Houses Of The Holy',22),(130,'In Through The Out Door',22),(131,'fourth',22),(132,'Led Zeppelin I',22),(133,'Led Zeppelin II',22),(134,'Led Zeppelin III',22),(135,'Physical Graffiti Disc 2',22),(136,'Presence',22),(137,'The Song Remains The Same (Disc 1)',22),(138,'The Song Remains The Same (Disc 2)',22),(139,'A TempestadeTempestade Ou O Livro Dos Dias',99),(140,'Mais Do Mesmo',99),(141,'Greatest Hits',100),(142,'Lulu Santos  RCA 100 Anos De Album 01',101),(143,'Lulu Santos  RCA 100 Anos De Album 02',101),(144,'Misplaced Childhood',102),(145,'Barulhinho Bom',103),(146,'Seek And Shall Find More Of The Best (19631981)',104),(147,'The Best Of Men At Work',105),(148,'Black Album',50),(149,'Garage Inc (Disc 2)',50),(150,'Kill Em All',50),(151,'Load',50),(152,'Master Of Puppets',50),(153,'ReLoad',50),(154,'Ride The Lightning',50),(155,'St Anger',50),(156,'And Justice For All',50),(157,'Miles Ahead',68),(158,'Milton Nascimento Ao Vivo',42),(159,'Minas',42),(160,'Ace Of Spades',106),(161,'Demorou',108),(162,'Motley Crue Greatest Hits',109),(163,'From The Muddy Banks Of The Wishkah live',110),(164,'Nevermind',110),(165,'Compositores',111),(166,'Olodum',112),(167,'Acastico MTV',113),(168,'Arquivo II',113),(169,'Arquivo Os Paralamas Do Sucesso',113),(170,'Bark at the Moon (Remastered)',114),(171,'Blizzard of Ozz',114),(172,'Diary of a Madman (Remastered)',114),(173,'No More Tears (Remastered)',114),(174,'Tribute',114),(175,'Walking Into Clarksdale',115),(176,'Original Soundtracks 1',116),(177,'The Beast Live',117),(178,'Live On Two Legs live',118),(179,'Pearl Jam',118),(180,'Riot Act',118),(181,'Ten',118),(182,'Vs',118),(183,'Dark Side Of The Moon',120),(184,'Os Ladram Mas A Caravana',121),(185,'Greatest Hits 1',51),(186,'News Of The World',51),(187,'Out Of Time',122),(188,'Green',124),(189,'New Adventures In HiFi',124),(190,'The Best Of REM The IRS Years',124),(191,'Cesta Basic',125),(192,'Raul Seixas',126),(193,'Blood Sugar Sex Magik',127),(194,'By The Way',127),(195,'Californication',127),(196,'Retrospective 1 (19741980)',128),(197,'Santana  As Years Go By',59),(198,'Santana Live',59),(199,'Maquinarama',130),(200,'O Samba Pocona',130),(201,'Judas 0 BSides and Rarities',131),(202,'Rotten Apples Greatest Hits',131),(203,'Aides',132),(204,'Morning Dance',53),(205,'In Step',133),(206,'Core',134),(207,'Mezmerize',135),(208,'Black Light Syndrome',136),(209,'Live Disc 1',137),(210,'Live Disc 2',137),(211,'The Singles',138),(212,'Beyond Good And Evil',139),(213,'Pure Cult The Best Of The Cult',139),(214,'The Doors',140),(215,'The Police Greatest Hits',141),(216,'Hot Rocks 19641971 (Disc 1)',142),(217,'No Security',142),(218,'Voodoo Lounge',142),(219,'Tangents',143),(220,'Transmission',143),(221,'My Generation  The Very Best Of The Who',144),(222,'Serie Sem Limite (Disc 1)',145),(223,'Serie Sem Limite (Disc 2)',145),(224,'Acastico',146),(225,'Volume Dois',146),(226,'Battlestar Galactica The Story So Far',147),(227,'Battlestar Galactica Season 3',147),(228,'Heroes Season 1',148),(229,'Lost Season 3',149),(230,'Lost Season 1',149),(231,'Lost Season 2',149),(232,'Achtung Baby',150),(233,'All That You Cant Leave Behind',150),(234,'BSides 19801990',150),(235,'How To Dismantle An Atomic Bomb',150),(236,'Pop',150),(237,'Rattle And Hum',150),(238,'The Best Of 19801990',150),(239,'War',150),(240,'Zooropa',150),(241,'UB40 The Best Of  Volume Two uk',151),(242,'Diver Down',152),(243,'The Best Of Van Halen Vol I',152),(244,'Van Halen',152),(245,'Van Halen III',152),(246,'Contraband',153),(247,'Vinicius De Moraes',72),(248,'Ao Vivo import',155),(249,'The Office Season 1',156),(250,'The Office Season 2',156),(251,'The Office Season 3',156),(252,'UnLedEd',157),(253,'Battlestar Galactica (Classic) Season 1',158),(254,'Aquaman',159),(255,'Instant Karma The Amnesty Campaign',150),(256,'Speak of the Devil',114),(257,'20th Century Masters  The Millennium Collection',179),(258,'House of Pain',180),(259,'Radio Brasil Seleccao de Henrique Amaro',36),(260,'Cake BSides and Rarities',196),(261,'LOST Season 4',149),(262,'Quiet Songs',197),(263,'Muso Ko',198),(264,'Realize',199),(265,'Every Kind of Light',200),(266,'Duos II',201),(267,'Worlds',202),(268,'The Best of Beethoven',203),(269,'Temple of the Dog',204),(270,'Carry On',205),(271,'Revelations',8),(272,'Adorate Deum Gregorian Chant Hari',206),(273,'Allegri Miserere',207),(274,'Pachelbel Canon & Gigue',208),(275,'Vivaldi The Four Seasons',209),(276,'Bach Violin Concertos',210),(277,'Bach Goldberg Variations',211),(278,'Bach The Cello Suites',212),(279,'Handel The Messiah (Highlights)',213),(280,'The World of Classical Favourites',214),(281,'Sir Neville Marriner A Celebration',215),(282,'Mozart Wind Concertos',216),(283,'Haydn Symphonies 99  104',217),(284,'Beethoven Symhonies Nos 5 & 6',218),(285,'A Soprano Inspired',219),(286,'Great Opera Choruses',220),(287,'Wagner Favourite Overtures',221),(288,'requiem Ravel Pavane & Others',222),(289,'Tchaikovsky The Nutcracker',223),(290,'The Last Night of the Proms',224),(291,'Puccini Madama Butterfly  Highlights',225),(292,'Holst The Planets Op 32 & Vaughan Williams',226),(293,'Pavarottis Opera Made Easy',227),(294,'Great Performances  Barbers Adagio',228),(295,'Carmina Burana',229),(296,'A Copland Celebration Vol I',230),(297,'Bach Toccata & Fugue in D Minor',231),(298,'Prokofiev Symphony No1',232),(299,'Scheherazade',233),(300,'Bach The Brandenburg Concertos',234),(301,'Chopin Piano Concertos Nos 1 & 2',235),(302,'Mascagni Cavalleria Rusticana',236),(303,'Sibelius Finlandia',237),(304,'Beethoven Piano Sonatas Moonlight & Pastorale',238),(305,'Great Recordings of the Century',240),(306,'Elgar Cello Concerto & Vaughan Williams Fantasias',241),(307,'Adams John The Chairman Dances',242),(308,'Tchaikovsky 1812 Festival Overture Victory',243),(309,'Palestrina Missa Papae Marcelli & Allegri Miserere',244),(310,'Prokofiev Romeo & Juliet',245),(311,'Strauss Waltzes',226),(312,'Berlioz Symphonie Fantastique',245),(313,'Bizet Carmen Highlights',246),(314,'English Renaissance',247),(315,'Handel Music for the Royal Fireworks',208),(316,'Grieg Peer Gynt Suites & Sibelius',248),(317,'Mozart Gala Famous Arias',249),(318,'SCRIABIN Vers la flamme',250),(319,'Armada Music from the Courts of England and Spain',251),(320,'Mozart Symphonies Nos 40 & 41',248),(321,'Back to Black',252),(322,'Frank',252),(323,'Carried to Dust (Bonus Track Version)',253),(324,'Beethoven Symphony No 6 Pastoral Etc',254),(325,'Bartok Violin & Viola Concertos',255),(326,'Mendelssohn A Midsummer Nights Dream',256),(327,'Bach Orchestral Suites Nos 1 to 4',257),(328,'Charpentier Divertissements Airs & Concerts',258),(329,'South American Getaway',259),(330,'GArecki Symphony No 3',260),(331,'Purcell The Fairy Queen',261),(332,'The Ultimate Relexation Album',262),(333,'Purcell Music for the Queen Mary',263),(334,'Weill The Seven Deadly Sins',264),(335,'JS Bach Chaconne Suite in E Minor Partita in E Major',265),(336,'Prokofiev Symphony No5 & Stravinksy',248),(337,'Szymanowski Piano Works Vol 1',266),(338,'Nielsen The Six Symphonies',267),(339,'Great Recordings of the Century Paganinis',268),(340,'Liszt  12Atitudes DExecution Transcendante',269),(341,'Great Recordings of the Century',270),(342,'Locatelli Concertos for Violin Strings Vol 3',271),(343,'RespighiPines of Rome',226),(344,'Schubert The Late String Quartets & String Quintet',272),(345,'Monteverdi LOrfeo',273),(346,'Mozart Chamber Music',274),(347,'Koyaanisqatsi',275);
/*!40000 ALTER TABLE `album` ENABLE KEYS */;
UNLOCK TABLES;

--
-- Table structure for table `artist`
--

DROP TABLE IF EXISTS `artist`;
/*!40101 SET @saved_cs_client     = @@character_set_client */;
/*!50503 SET character_set_client = utf8mb4 */;
CREATE TABLE `artist` (
  `artist_id` int DEFAULT NULL,
  `name` text
) ENGINE=InnoDB DEFAULT CHARSET=utf8mb4 COLLATE=utf8mb4_0900_ai_ci;
/*!40101 SET character_set_client = @saved_cs_client */;

--
-- Dumping data for table `artist`
--

LOCK TABLES `artist` WRITE;
/*!40000 ALTER TABLE `artist` DISABLE KEYS */;
INSERT INTO `artist` VALUES (1,'AC/DC'),(2,'Accept'),(3,'Aerosmith'),(4,'Alanis Morissette'),(5,'Alice In Chains'),(6,'Antônio Carlos Jobim'),(7,'Apocalyptica'),(8,'Audioslave'),(9,'BackBeat'),(10,'Billy Cobham'),(11,'Black Label Society'),(12,'Black Sabbath'),(13,'Body Count'),(14,'Bruce Dickinson'),(15,'Buddy Guy'),(16,'Caetano Veloso'),(17,'Chico Buarque'),(18,'Chico Science & Nação Zumbi'),(19,'Cidade Negra'),(20,'Cláudio Zoli'),(21,'Various Artists'),(22,'Led Zeppelin'),(23,'Frank Zappa & Captain Beefheart'),(24,'Marcos Valle'),(25,'Milton Nascimento & Bebeto'),(26,'Azymuth'),(27,'Gilberto Gil'),(28,'João Gilberto'),(29,'Bebel Gilberto'),(30,'Jorge Vercilo'),(31,'Baby Consuelo'),(32,'Ney Matogrosso'),(33,'Luiz Melodia'),(34,'Nando Reis'),(35,'Pedro Luís & A Parede'),(36,'O Rappa'),(37,'Ed Motta'),(38,'Banda Black Rio'),(39,'Fernanda Porto'),(40,'Os Cariocas'),(41,'Elis Regina'),(42,'Milton Nascimento'),(43,'A Cor Do Som'),(44,'Kid Abelha'),(45,'Sandra De Sá'),(46,'Jorge Ben'),(47,'Hermeto Pascoal'),(48,'Barão Vermelho'),(49,'Edson, DJ Marky & DJ Patife Featuring Fernanda Porto'),(50,'Metallica'),(51,'Queen'),(52,'Kiss'),(53,'Spyro Gyra'),(54,'Green Day'),(55,'David Coverdale'),(56,'Gonzaguinha'),(57,'Os Mutantes'),(58,'Deep Purple'),(59,'Santana'),(60,'Santana Feat. Dave Matthews'),(61,'Santana Feat. Everlast'),(62,'Santana Feat. Rob Thomas'),(63,'Santana Feat. Lauryn Hill & Cee-Lo'),(64,'Santana Feat. The Project G&B'),(65,'Santana Feat. Maná'),(66,'Santana Feat. Eagle-Eye Cherry'),(67,'Santana Feat. Eric Clapton'),(68,'Miles Davis'),(69,'Gene Krupa'),(70,'Toquinho & Vinícius'),(71,'Vinícius De Moraes & Baden Powell'),(72,'Vinícius De Moraes'),(73,'Vinícius E Qurteto Em Cy'),(74,'Vinícius E Odette Lara'),(75,'Vinicius, Toquinho & Quarteto Em Cy'),(76,'Creedence Clearwater Revival'),(77,'Cássia Eller'),(78,'Def Leppard'),(79,'Dennis Chambers'),(80,'Djavan'),(81,'Eric Clapton'),(82,'Faith No More'),(83,'Falamansa'),(84,'Foo Fighters'),(85,'Frank Sinatra'),(86,'Funk Como Le Gusta'),(87,'Godsmack'),(88,'Guns N\' Roses'),(89,'Incognito'),(90,'Iron Maiden'),(91,'James Brown'),(92,'Jamiroquai'),(93,'JET'),(94,'Jimi Hendrix'),(95,'Joe Satriani'),(96,'Jota Quest'),(97,'João Suplicy'),(98,'Judas Priest'),(99,'Legião Urbana'),(100,'Lenny Kravitz'),(101,'Lulu Santos'),(102,'Marillion'),(103,'Marisa Monte'),(104,'Marvin Gaye'),(105,'Men At Work'),(106,'Motörhead'),(107,'Motörhead & Girlschool'),(108,'Mônica Marianno'),(109,'Mötley Crüe'),(110,'Nirvana'),(111,'O Terço'),(112,'Olodum'),(113,'Os Paralamas Do Sucesso'),(114,'Ozzy Osbourne'),(115,'Page & Plant'),(116,'Passengers'),(117,'Paul D\'Ianno'),(118,'Pearl Jam'),(119,'Peter Tosh'),(120,'Pink Floyd'),(121,'Planet Hemp'),(122,'R.E.M. Feat. Kate Pearson'),(123,'R.E.M. Feat. KRS-One'),(124,'R.E.M.'),(125,'Raimundos'),(126,'Raul Seixas'),(127,'Red Hot Chili Peppers'),(128,'Rush'),(129,'Simply Red'),(130,'Skank'),(131,'Smashing Pumpkins'),(132,'Soundgarden'),(133,'Stevie Ray Vaughan & Double Trouble'),(134,'Stone Temple Pilots'),(135,'System Of A Down'),(136,'Terry Bozzio, Tony Levin & Steve Stevens'),(137,'The Black Crowes'),(138,'The Clash'),(139,'The Cult'),(140,'The Doors'),(141,'The Police'),(142,'The Rolling Stones'),(143,'The Tea Party'),(144,'The Who'),(145,'Tim Maia'),(146,'Titãs'),(147,'Battlestar Galactica'),(148,'Heroes'),(149,'Lost'),(150,'U2'),(151,'UB40'),(152,'Van Halen'),(153,'Velvet Revolver'),(154,'Whitesnake'),(155,'Zeca Pagodinho'),(156,'The Office'),(157,'Dread Zeppelin'),(158,'Battlestar Galactica (Classic)'),(159,'Aquaman'),(160,'Christina Aguilera featuring BigElf'),(161,'Aerosmith & Sierra Leone\'s Refugee Allstars'),(162,'Los Lonely Boys'),(163,'Corinne Bailey Rae'),(164,'Dhani Harrison & Jakob Dylan'),(165,'Jackson Browne'),(166,'Avril Lavigne'),(167,'Big & Rich'),(168,'Youssou N\'Dour'),(169,'Black Eyed Peas'),(170,'Jack Johnson'),(171,'Ben Harper'),(172,'Snow Patrol'),(173,'Matisyahu'),(174,'The Postal Service'),(175,'Jaguares'),(176,'The Flaming Lips'),(177,'Jack\'s Mannequin & Mick Fleetwood'),(178,'Regina Spektor'),(179,'Scorpions'),(180,'House Of Pain'),(181,'Xis'),(182,'Nega Gizza'),(183,'Gustavo & Andres Veiga & Salazar'),(184,'Rodox'),(185,'Charlie Brown Jr.'),(186,'Pedro Luís E A Parede'),(187,'Los Hermanos'),(188,'Mundo Livre S/A'),(189,'Otto'),(190,'Instituto'),(191,'Nação Zumbi'),(192,'DJ Dolores & Orchestra Santa Massa'),(193,'Seu Jorge'),(194,'Sabotage E Instituto'),(195,'Stereo Maracana'),(196,'Cake'),(197,'Aisha Duo'),(198,'Habib Koité and Bamada'),(199,'Karsh Kale'),(200,'The Posies'),(201,'Luciana Souza/Romero Lubambo'),(202,'Aaron Goldberg'),(203,'Nicolaus Esterhazy Sinfonia'),(204,'Temple of the Dog'),(205,'Chris Cornell'),(206,'Alberto Turco & Nova Schola Gregoriana'),(207,'Richard Marlow & The Choir of Trinity College, Cambridge'),(208,'English Concert & Trevor Pinnock'),(209,'Anne-Sophie Mutter, Herbert Von Karajan & Wiener Philharmoniker'),(210,'Hilary Hahn, Jeffrey Kahane, Los Angeles Chamber Orchestra & Margaret Batjer'),(211,'Wilhelm Kempff'),(212,'Yo-Yo Ma'),(213,'Scholars Baroque Ensemble'),(214,'Academy of St. Martin in the Fields & Sir Neville Marriner'),(215,'Academy of St. Martin in the Fields Chamber Ensemble & Sir Neville Marriner'),(216,'Berliner Philharmoniker, Claudio Abbado & Sabine Meyer'),(217,'Royal Philharmonic Orchestra & Sir Thomas Beecham'),(218,'Orchestre Révolutionnaire et Romantique & John Eliot Gardiner'),(219,'Britten Sinfonia, Ivor Bolton & Lesley Garrett'),(220,'Chicago Symphony Chorus, Chicago Symphony Orchestra & Sir Georg Solti'),(221,'Sir Georg Solti & Wiener Philharmoniker'),(222,'Academy of St. Martin in the Fields, John Birch, Sir Neville Marriner & Sylvia McNair'),(223,'London Symphony Orchestra & Sir Charles Mackerras'),(224,'Barry Wordsworth & BBC Concert Orchestra'),(225,'Herbert Von Karajan, Mirella Freni & Wiener Philharmoniker'),(226,'Eugene Ormandy'),(227,'Luciano Pavarotti'),(228,'Leonard Bernstein & New York Philharmonic'),(229,'Boston Symphony Orchestra & Seiji Ozawa'),(230,'Aaron Copland & London Symphony Orchestra'),(231,'Ton Koopman'),(232,'Sergei Prokofiev & Yuri Temirkanov'),(233,'Chicago Symphony Orchestra & Fritz Reiner'),(234,'Orchestra of The Age of Enlightenment'),(235,'Emanuel Ax, Eugene Ormandy & Philadelphia Orchestra'),(236,'James Levine'),(237,'Berliner Philharmoniker & Hans Rosbaud'),(238,'Maurizio Pollini'),(239,'Academy of St. Martin in the Fields, Sir Neville Marriner & William Bennett'),(240,'Gustav Mahler'),(241,'Felix Schmidt, London Symphony Orchestra & Rafael Frühbeck de Burgos'),(242,'Edo de Waart & San Francisco Symphony'),(243,'Antal Doráti & London Symphony Orchestra'),(244,'Choir Of Westminster Abbey & Simon Preston'),(245,'Michael Tilson Thomas & San Francisco Symphony'),(246,'Chor der Wiener Staatsoper, Herbert Von Karajan & Wiener Philharmoniker'),(247,'The King\'s Singers'),(248,'Berliner Philharmoniker & Herbert Von Karajan'),(249,'Sir Georg Solti, Sumi Jo & Wiener Philharmoniker'),(250,'Christopher O\'Riley'),(251,'Fretwork'),(252,'Amy Winehouse'),(253,'Calexico'),(254,'Otto Klemperer & Philharmonia Orchestra'),(255,'Yehudi Menuhin'),(256,'Philharmonia Orchestra & Sir Neville Marriner'),(257,'Academy of St. Martin in the Fields, Sir Neville Marriner & Thurston Dart'),(258,'Les Arts Florissants & William Christie'),(259,'The 12 Cellists of The Berlin Philharmonic'),(260,'Adrian Leaper & Doreen de Feis'),(261,'Roger Norrington, London Classical Players'),(262,'Charles Dutoit & L\'Orchestre Symphonique de Montréal'),(263,'Equale Brass Ensemble, John Eliot Gardiner & Munich Monteverdi Orchestra and Choir'),(264,'Kent Nagano and Orchestre de l\'Opéra de Lyon'),(265,'Julian Bream'),(266,'Martin Roscoe'),(267,'Göteborgs Symfoniker & Neeme Järvi'),(268,'Itzhak Perlman'),(269,'Michele Campanella'),(270,'Gerald Moore'),(271,'Mela Tenenbaum, Pro Musica Prague & Richard Kapp'),(272,'Emerson String Quartet'),(273,'C. Monteverdi, Nigel Rogers - Chiaroscuro; London Baroque; London Cornett & Sackbu'),(274,'Nash Ensemble'),(275,'Philip Glass Ensemble');
/*!40000 ALTER TABLE `artist` ENABLE KEYS */;
UNLOCK TABLES;

--
-- Table structure for table `customer`
--

DROP TABLE IF EXISTS `customer`;
/*!40101 SET @saved_cs_client     = @@character_set_client */;
/*!50503 SET character_set_client = utf8mb4 */;
CREATE TABLE `customer` (
  `customer_id` int DEFAULT NULL,
  `first_name` text,
  `last_name` text,
  `company` text,
  `address` text,
  `city` text,
  `state` text,
  `country` text,
  `postal_code` text,
  `phone` text,
  `fax` text,
  `email` text,
  `support_rep_id` int DEFAULT NULL
) ENGINE=InnoDB DEFAULT CHARSET=utf8mb4 COLLATE=utf8mb4_0900_ai_ci;
/*!40101 SET character_set_client = @saved_cs_client */;

--
-- Dumping data for table `customer`
--

LOCK TABLES `customer` WRITE;
/*!40000 ALTER TABLE `customer` DISABLE KEYS */;
INSERT INTO `customer` VALUES (1,'Luís','Gonçalves','Embraer - Empresa Brasileira de Aeronáutica S.A.','Av. Brigadeiro Faria Lima, 2170','São José dos Campos','SP','Brazil','12227-000','+55 (12) 3923-5555','+55 (12) 3923-5566','luisg@embraer.com.br',3),(2,'Leonie','Köhler','','Theodor-Heuss-Straße 34','Stuttgart','','Germany','70174','+49 0711 2842222','','leonekohler@surfeu.de',5),(3,'François','Tremblay','','1498 rue Bélanger','Montréal','QC','Canada','H2G 1A7','+1 (514) 721-4711','','ftremblay@gmail.com',3),(4,'Bjørn','Hansen','','Ullevålsveien 14','Oslo','','Norway','171','+47 22 44 22 22','','bjorn.hansen@yahoo.no',4),(5,'František','Wichterlová','JetBrains s.r.o.','Klanova 9/506','Prague','','Czech Republic','14700','+420 2 4172 5555','+420 2 4172 5555','frantisekw@jetbrains.com',4),(6,'Helena','Holý','','Rilská 3174/6','Prague','','Czech Republic','14300','+420 2 4177 0449','','hholy@gmail.com',5),(7,'Astrid','Gruber','','Rotenturmstraße 4, 1010 Innere Stadt','Vienne','','Austria','1010','+43 01 5134505','','astrid.gruber@apple.at',5),(8,'Daan','Peeters','','Grétrystraat 63','Brussels','','Belgium','1000','+32 02 219 03 03','','daan_peeters@apple.be',4),(9,'Kara','Nielsen','','Sønder Boulevard 51','Copenhagen','','Denmark','1720','+453 3331 9991','','kara.nielsen@jubii.dk',4),(10,'Eduardo','Martins','Woodstock Discos','Rua Dr. Falcão Filho, 155','São Paulo','SP','Brazil','01007-010','+55 (11) 3033-5446','+55 (11) 3033-4564','eduardo@woodstock.com.br',4),(11,'Alexandre','Rocha','Banco do Brasil S.A.','Av. Paulista, 2022','São Paulo','SP','Brazil','01310-200','+55 (11) 3055-3278','+55 (11) 3055-8131','alero@uol.com.br',5),(12,'Roberto','Almeida','Riotur','Praça Pio X, 119','Rio de Janeiro','RJ','Brazil','20040-020','+55 (21) 2271-7000','+55 (21) 2271-7070','roberto.almeida@riotur.gov.br',3),(13,'Fernanda','Ramos','','Qe 7 Bloco G','Brasília','DF','Brazil','71020-677','+55 (61) 3363-5547','+55 (61) 3363-7855','fernadaramos4@uol.com.br',4),(14,'Mark','Philips','Telus','8210 111 ST NW','Edmonton','AB','Canada','T6G 2C7','+1 (780) 434-4554','+1 (780) 434-5565','mphilips12@shaw.ca',5),(15,'Jennifer','Peterson','Rogers Canada','700 W Pender Street','Vancouver','BC','Canada','V6C 1G8','+1 (604) 688-2255','+1 (604) 688-8756','jenniferp@rogers.ca',3),(16,'Frank','Harris','Google Inc.','1600 Amphitheatre Parkway','Mountain View','CA','USA','94043-1351','+1 (650) 253-0000','+1 (650) 253-0000','fharris@google.com',4),(17,'Jack','Smith','Microsoft Corporation','1 Microsoft Way','Redmond','WA','USA','98052-8300','+1 (425) 882-8080','+1 (425) 882-8081','jacksmith@microsoft.com',5),(18,'Michelle','Brooks','','627 Broadway','New York','NY','USA','10012-2612','+1 (212) 221-3546','+1 (212) 221-4679','michelleb@aol.com',3),(19,'Tim','Goyer','Apple Inc.','1 Infinite Loop','Cupertino','CA','USA','95014','+1 (408) 996-1010','+1 (408) 996-1011','tgoyer@apple.com',3),(20,'Dan','Miller','','541 Del Medio Avenue','Mountain View','CA','USA','94040-111','+1 (650) 644-3358','','dmiller@comcast.com',4),(21,'Kathy','Chase','','801 W 4th Street','Reno','NV','USA','89503','+1 (775) 223-7665','','kachase@hotmail.com',5),(22,'Heather','Leacock','','120 S Orange Ave','Orlando','FL','USA','32801','+1 (407) 999-7788','','hleacock@gmail.com',4),(23,'John','Gordon','','69 Salem Street','Boston','MA','USA','2113','+1 (617) 522-1333','','johngordon22@yahoo.com',4),(24,'Frank','Ralston','','162 E Superior Street','Chicago','IL','USA','60611','+1 (312) 332-3232','','fralston@gmail.com',3),(25,'Victor','Stevens','','319 N. Frances Street','Madison','WI','USA','53703','+1 (608) 257-0597','','vstevens@yahoo.com',5),(26,'Richard','Cunningham','','2211 W Berry Street','Fort Worth','TX','USA','76110','+1 (817) 924-7272','','ricunningham@hotmail.com',4),(27,'Patrick','Gray','','1033 N Park Ave','Tucson','AZ','USA','85719','+1 (520) 622-4200','','patrick.gray@aol.com',4),(28,'Julia','Barnett','','302 S 700 E','Salt Lake City','UT','USA','84102','+1 (801) 531-7272','','jubarnett@gmail.com',5),(29,'Robert','Brown','','796 Dundas Street West','Toronto','ON','Canada','M6J 1V1','+1 (416) 363-8888','','robbrown@shaw.ca',3),(30,'Edward','Francis','','230 Elgin Street','Ottawa','ON','Canada','K2P 1L7','+1 (613) 234-3322','','edfrancis@yachoo.ca',3),(31,'Martha','Silk','','194A Chain Lake Drive','Halifax','NS','Canada','B3S 1C5','+1 (902) 450-0450','','marthasilk@gmail.com',5),(32,'Aaron','Mitchell','','696 Osborne Street','Winnipeg','MB','Canada','R3L 2B9','+1 (204) 452-6452','','aaronmitchell@yahoo.ca',4),(33,'Ellie','Sullivan','','5112 48 Street','Yellowknife','NT','Canada','X1A 1N6','+1 (867) 920-2233','','ellie.sullivan@shaw.ca',3),(34,'João','Fernandes','','Rua da Assunção 53','Lisbon','','Portugal','','+351 (213) 466-111','','jfernandes@yahoo.pt',4),(35,'Madalena','Sampaio','','Rua dos Campeões Europeus de Viena, 4350','Porto','','Portugal','','+351 (225) 022-448','','masampaio@sapo.pt',4),(36,'Hannah','Schneider','','Tauentzienstraße 8','Berlin','','Germany','10789','+49 030 26550280','','hannah.schneider@yahoo.de',5),(37,'Fynn','Zimmermann','','Berger Straße 10','Frankfurt','','Germany','60316','+49 069 40598889','','fzimmermann@yahoo.de',3),(38,'Niklas','Schröder','','Barbarossastraße 19','Berlin','','Germany','10779','+49 030 2141444','','nschroder@surfeu.de',3),(39,'Camille','Bernard','','4, Rue Milton','Paris','','France','75009','+33 01 49 70 65 65','','camille.bernard@yahoo.fr',4),(40,'Dominique','Lefebvre','','8, Rue Hanovre','Paris','','France','75002','+33 01 47 42 71 71','','dominiquelefebvre@gmail.com',4),(41,'Marc','Dubois','','11, Place Bellecour','Lyon','','France','69002','+33 04 78 30 30 30','','marc.dubois@hotmail.com',5),(42,'Wyatt','Girard','','9, Place Louis Barthou','Bordeaux','','France','33000','+33 05 56 96 96 96','','wyatt.girard@yahoo.fr',3),(43,'Isabelle','Mercier','','68, Rue Jouvence','Dijon','','France','21000','+33 03 80 73 66 99','','isabelle_mercier@apple.fr',3),(44,'Terhi','Hämäläinen','','Porthaninkatu 9','Helsinki','','Finland','530','+358 09 870 2000','','terhi.hamalainen@apple.fi',3),(45,'Ladislav','Kovács','','Erzsébet krt. 58.','Budapest','','Hungary','H-1073','','','ladislav_kovacs@apple.hu',3),(46,'Hugh','O\'Reilly','','3 Chatham Street','Dublin','Dublin','Ireland','','+353 01 6792424','','hughoreilly@apple.ie',3),(47,'Lucas','Mancini','','Via Degli Scipioni, 43','Rome','RM','Italy','192','+39 06 39733434','','lucas.mancini@yahoo.it',5),(48,'Johannes','Van der Berg','','Lijnbaansgracht 120bg','Amsterdam','VV','Netherlands','1016','+31 020 6223130','','johavanderberg@yahoo.nl',5),(49,'Stanisław','Wójcik','','Ordynacka 10','Warsaw','','Poland','00-358','+48 22 828 37 39','','stanisław.wójcik@wp.pl',4),(50,'Enrique','Muñoz','','C/ San Bernardo 85','Madrid','','Spain','28015','+34 914 454 454','','enrique_munoz@yahoo.es',5),(51,'Joakim','Johansson','','Celsiusg. 9','Stockholm','','Sweden','11230','+46 08-651 52 52','','joakim.johansson@yahoo.se',5),(52,'Emma','Jones','','202 Hoxton Street','London','','United Kingdom','N1 5LH','+44 020 7707 0707','','emma_jones@hotmail.com',3),(53,'Phil','Hughes','','113 Lupus St','London','','United Kingdom','SW1V 3EN','+44 020 7976 5722','','phil.hughes@gmail.com',3),(54,'Steve','Murray','','110 Raeburn Pl','Edinburgh ','','United Kingdom','EH4 1HH','+44 0131 315 3300','','steve.murray@yahoo.uk',5),(55,'Mark','Taylor','','421 Bourke Street','Sidney','NSW','Australia','2010','+61 (02) 9332 3633','','mark.taylor@yahoo.au',4),(56,'Diego','Gutiérrez','','307 Macacha Güemes','Buenos Aires','','Argentina','1106','+54 (0)11 4311 4333','','diego.gutierrez@yahoo.ar',4),(57,'Luis','Rojas','','Calle Lira, 198','Santiago','','Chile','','+56 (0)2 635 4444','','luisrojas@yahoo.cl',5),(58,'Manoj','Pareek','','12,Community Centre','Delhi','','India','110017','+91 0124 39883988','','manoj.pareek@rediff.com',3),(59,'Rishabh','Mishra','','3,Raj Bhavan Road','Bangalore','','India','560001','+91 080 22289999','','rishabh_mishra@yahoo.in',3);
/*!40000 ALTER TABLE `customer` ENABLE KEYS */;
UNLOCK TABLES;

--
-- Table structure for table `employee`
--

DROP TABLE IF EXISTS `employee`;
/*!40101 SET @saved_cs_client     = @@character_set_client */;
/*!50503 SET character_set_client = utf8mb4 */;
CREATE TABLE `employee` (
  `employee_id` int DEFAULT NULL,
  `last_name` text,
  `first_name` text,
  `title` text,
  `reports_to` int DEFAULT NULL,
  `levels` text,
  `birthdate` text,
  `hire_date` text,
  `address` text,
  `city` text,
  `state` text,
  `country` text,
  `postal_code` text,
  `phone` text,
  `fax` text,
  `email` text
) ENGINE=InnoDB DEFAULT CHARSET=utf8mb4 COLLATE=utf8mb4_0900_ai_ci;
/*!40101 SET character_set_client = @saved_cs_client */;

--
-- Dumping data for table `employee`
--

LOCK TABLES `employee` WRITE;
/*!40000 ALTER TABLE `employee` DISABLE KEYS */;
INSERT INTO `employee` VALUES (1,'Adams','Andrew','General Manager',9,'L6','18-02-1962 00:00','14-08-2016 00:00','11120 Jasper Ave NW','Edmonton','AB','Canada','T5K 2N1','+1 (780) 428-9482','+1 (780) 428-3457','andrew@chinookcorp.com'),(2,'Edwards','Nancy','Sales Manager',1,'L4','08-12-1958 00:00','01-05-2016 00:00','825 8 Ave SW','Calgary','AB','Canada','T2P 2T3','+1 (403) 262-3443','+1 (403) 262-3322','nancy@chinookcorp.com'),(3,'Peacock','Jane','Sales Support Agent',2,'L1','29-08-1973 00:00','01-04-2017 00:00','1111 6 Ave SW','Calgary','AB','Canada','T2P 5M5','+1 (403) 262-3443','+1 (403) 262-6712','jane@chinookcorp.com'),(4,'Park','Margaret','Sales Support Agent',2,'L1','19-09-1947 00:00','03-05-2017 00:00','683 10 Street SW','Calgary','AB','Canada','T2P 5G3','+1 (403) 263-4423','+1 (403) 263-4289','margaret@chinookcorp.com'),(5,'Johnson','Steve','Sales Support Agent',2,'L1','03-03-1965 00:00','17-10-2017 00:00','7727B 41 Ave','Calgary','AB','Canada','T3B 1Y7','1 (780) 836-9987','1 (780) 836-9543','steve@chinookcorp.com'),(6,'Mitchell','Michael','IT Manager',1,'L3','01-07-1973 00:00','17-10-2016 00:00','5827 Bowness Road NW','Calgary','AB','Canada','T3B 0C5','+1 (403) 246-9887','+1 (403) 246-9899','michael@chinookcorp.com'),(7,'King','Robert','IT Staff',6,'L2','29-05-1970 00:00','02-01-2017 00:00','590 Columbia Boulevard West','Lethbridge','AB','Canada','T1K 5N8','+1 (403) 456-9986','+1 (403) 456-8485','robert@chinookcorp.com'),(8,'Callahan','Laura','IT Staff',6,'L2','09-01-1968 00:00','04-03-2017 00:00','923 7 ST NW','Lethbridge','AB','Canada','T1H 1Y8','+1 (403) 467-3351','+1 (403) 467-8772','laura@chinookcorp.com');
/*!40000 ALTER TABLE `employee` ENABLE KEYS */;
UNLOCK TABLES;

--
-- Table structure for table `genre`
--

DROP TABLE IF EXISTS `genre`;
/*!40101 SET @saved_cs_client     = @@character_set_client */;
/*!50503 SET character_set_client = utf8mb4 */;
CREATE TABLE `genre` (
  `genre_id` int DEFAULT NULL,
  `name` text
) ENGINE=InnoDB DEFAULT CHARSET=utf8mb4 COLLATE=utf8mb4_0900_ai_ci;
/*!40101 SET character_set_client = @saved_cs_client */;

--
-- Dumping data for table `genre`
--

LOCK TABLES `genre` WRITE;
/*!40000 ALTER TABLE `genre` DISABLE KEYS */;
INSERT INTO `genre` VALUES (1,'Rock'),(2,'Jazz'),(3,'Metal'),(4,'Alternative & Punk'),(5,'Rock And Roll'),(6,'Blues'),(7,'Latin'),(8,'Reggae'),(9,'Pop'),(10,'Soundtrack'),(11,'Bossa Nova'),(12,'Easy Listening'),(13,'Heavy Metal'),(14,'R&B/Soul'),(15,'Electronica/Dance'),(16,'World'),(17,'Hip Hop/Rap'),(18,'Science Fiction'),(19,'TV Shows'),(20,'Sci Fi & Fantasy'),(21,'Drama'),(22,'Comedy'),(23,'Alternative'),(24,'Classical'),(25,'Opera');
/*!40000 ALTER TABLE `genre` ENABLE KEYS */;
UNLOCK TABLES;

--
-- Table structure for table `invoice`
--

DROP TABLE IF EXISTS `invoice`;
/*!40101 SET @saved_cs_client     = @@character_set_client */;
/*!50503 SET character_set_client = utf8mb4 */;
CREATE TABLE `invoice` (
  `invoice_id` int DEFAULT NULL,
  `customer_id` int DEFAULT NULL,
  `invoice_date` text,
  `billing_address` text,
  `billing_city` text,
  `billing_state` text,
  `billing_country` text,
  `billing_postal_code` text,
  `total` double DEFAULT NULL
) ENGINE=InnoDB DEFAULT CHARSET=utf8mb4 COLLATE=utf8mb4_0900_ai_ci;
/*!40101 SET character_set_client = @saved_cs_client */;

--
-- Dumping data for table `invoice`
--

LOCK TABLES `invoice` WRITE;
/*!40000 ALTER TABLE `invoice` DISABLE KEYS */;
INSERT INTO `invoice` VALUES (1,18,'2017-01-03 00:00:00','627 Broadway','New York','NY','USA','10012-2612',15.84),(2,30,'2017-01-03 00:00:00','230 Elgin Street','Ottawa','ON','Canada','K2P 1L7',9.9),(3,40,'2017-01-05 00:00:00','8, Rue Hanovre','Paris','None','France','75002',1.98),(4,18,'2017-01-06 00:00:00','627 Broadway','New York','NY','USA','10012-2612',7.92),(5,27,'2017-01-07 00:00:00','1033 N Park Ave','Tucson','AZ','USA','85719',16.83),(6,31,'2017-01-10 00:00:00','194A Chain Lake Drive','Halifax','NS','Canada','B3S 1C5',1.98),(7,49,'2017-01-12 00:00:00','Ordynacka 10','Warsaw','None','Poland','00-358',10.89),(8,59,'2017-01-13 00:00:00','3,Raj Bhavan Road','Bangalore','None','India','560001',9.9),(9,18,'2017-01-18 00:00:00','627 Broadway','New York','NY','USA','10012-2612',8.91),(10,31,'2017-01-18 00:00:00','194A Chain Lake Drive','Halifax','NS','Canada','B3S 1C5',1.98),(11,38,'2017-01-20 00:00:00','Barbarossastraße 19','Berlin','None','Germany','10779',10.89),(12,42,'2017-01-21 00:00:00','9, Place Louis Barthou','Bordeaux','None','France','33000',3.96),(13,35,'2017-01-22 00:00:00','Rua dos Campeões Europeus de Viena, 4350','Porto','None','Portugal','None',0.99),(14,25,'2017-01-23 00:00:00','319 N. Frances Street','Madison','WI','USA','53703',0.99),(15,44,'2017-01-25 00:00:00','Porthaninkatu 9','Helsinki','None','Finland','00530',3.96),(16,1,'2017-01-26 00:00:00','Av. Brigadeiro Faria Lima, 2170','São José dos Campos','SP','Brazil','12227-000',8.91),(17,20,'2017-01-28 00:00:00','541 Del Medio Avenue','Mountain View','CA','USA','94040-111',10.89),(18,24,'2017-02-02 00:00:00','162 E Superior Street','Chicago','IL','USA','60611',4.95),(19,10,'2017-02-06 00:00:00','Rua Dr. Falcão Filho, 155','São Paulo','SP','Brazil','01007-010',6.93),(20,43,'2017-02-06 00:00:00','68, Rue Jouvence','Dijon','None','France','21000',9.9),(21,9,'2017-02-07 00:00:00','Sønder Boulevard 51','Copenhagen','None','Denmark','1720',8.91),(22,35,'2017-02-08 00:00:00','Rua dos Campeões Europeus de Viena, 4350','Porto','None','Portugal','None',1.98),(23,53,'2017-02-09 00:00:00','113 Lupus St','London','None','United Kingdom','SW1V 3EN',9.9),(24,4,'2017-02-10 00:00:00','Ullevålsveien 14','Oslo','None','Norway','0171',11.879999999999999),(25,39,'2017-02-11 00:00:00','4, Rue Milton','Paris','None','France','75009',7.92),(26,55,'2017-02-15 00:00:00','421 Bourke Street','Sidney','NSW','Australia','2010',1.98),(27,35,'2017-02-15 00:00:00','Rua dos Campeões Europeus de Viena, 4350','Porto','None','Portugal','None',7.92),(28,12,'2017-02-17 00:00:00','Praça Pio X, 119','Rio de Janeiro','RJ','Brazil','20040-020',2.9699999999999998),(29,45,'2017-02-17 00:00:00','Erzsébet krt. 58.','Budapest','None','Hungary','H-1073',5.9399999999999995),(30,46,'2017-02-18 00:00:00','3 Chatham Street','Dublin','Dublin','Ireland','None',10.89),(31,3,'2017-02-21 00:00:00','1498 rue Bélanger','Montréal','QC','Canada','H2G 1A7',19.8),(32,30,'2017-02-21 00:00:00','230 Elgin Street','Ottawa','ON','Canada','K2P 1L7',12.87),(33,58,'2017-02-21 00:00:00','12,Community Centre','Delhi','None','India','110017',3.96),(34,33,'2017-02-23 00:00:00','5112 48 Street','Yellowknife','NT','Canada','X1A 1N6',0.99),(35,34,'2017-02-25 00:00:00','Rua da Assunção 53','Lisbon','None','Portugal','None',4.95),(36,51,'2017-02-27 00:00:00','Celsiusg. 9','Stockholm','None','Sweden','11230',6.93),(37,59,'2017-03-05 00:00:00','3,Raj Bhavan Road','Bangalore','None','India','560001',9.9),(38,49,'2017-03-05 00:00:00','Ordynacka 10','Warsaw','None','Poland','00-358',6.93),(39,39,'2017-03-12 00:00:00','4, Rue Milton','Paris','None','France','75009',7.92),(40,37,'2017-03-13 00:00:00','Berger Straße 10','Frankfurt','None','Germany','60316',9.9),(41,50,'2017-03-17 00:00:00','C/ San Bernardo 85','Madrid','None','Spain','28015',7.92),(42,19,'2017-03-18 00:00:00','1 Infinite Loop','Cupertino','CA','USA','95014',8.91),(43,22,'2017-03-19 00:00:00','120 S Orange Ave','Orlando','FL','USA','32801',6.93),(44,21,'2017-03-20 00:00:00','801 W 4th Street','Reno','NV','USA','89503',11.879999999999999),(45,36,'2017-03-24 00:00:00','Tauentzienstraße 8','Berlin','None','Germany','10789',7.92),(46,4,'2017-03-24 00:00:00','Ullevålsveien 14','Oslo','None','Norway','0171',10.89),(47,57,'2017-03-25 00:00:00','Calle Lira, 198','Santiago','None','Chile','None',5.9399999999999995),(48,44,'2017-03-28 00:00:00','Porthaninkatu 9','Helsinki','None','Finland','00530',3.96),(49,10,'2017-03-30 00:00:00','Rua Dr. Falcão Filho, 155','São Paulo','SP','Brazil','01007-010',4.95),(50,18,'2017-04-02 00:00:00','627 Broadway','New York','NY','USA','10012-2612',6.93),(51,19,'2017-04-03 00:00:00','1 Infinite Loop','Cupertino','CA','USA','95014',7.92),(52,19,'2017-04-11 00:00:00','1 Infinite Loop','Cupertino','CA','USA','95014',11.879999999999999),(53,43,'2017-04-12 00:00:00','68, Rue Jouvence','Dijon','None','France','21000',2.9699999999999998),(54,26,'2017-04-13 00:00:00','2211 W Berry Street','Fort Worth','TX','USA','76110',17.82),(55,33,'2017-04-16 00:00:00','5112 48 Street','Yellowknife','NT','Canada','X1A 1N6',9.9),(56,34,'2017-04-22 00:00:00','Rua da Assunção 53','Lisbon','None','Portugal','None',16.83),(57,19,'2017-04-22 00:00:00','1 Infinite Loop','Cupertino','CA','USA','95014',0.99),(58,9,'2017-04-23 00:00:00','Sønder Boulevard 51','Copenhagen','None','Denmark','1720',5.9399999999999995),(59,38,'2017-04-24 00:00:00','Barbarossastraße 19','Berlin','None','Germany','10779',10.89),(60,15,'2017-04-24 00:00:00','700 W Pender Street','Vancouver','BC','Canada','V6C 1G8',7.92),(61,59,'2017-04-24 00:00:00','3,Raj Bhavan Road','Bangalore','None','India','560001',11.879999999999999),(62,9,'2017-04-25 00:00:00','Sønder Boulevard 51','Copenhagen','None','Denmark','1720',2.9699999999999998),(63,31,'2017-04-25 00:00:00','194A Chain Lake Drive','Halifax','NS','Canada','B3S 1C5',5.9399999999999995),(64,52,'2017-04-25 00:00:00','202 Hoxton Street','London','None','United Kingdom','N1 5LH',12.87),(65,47,'2017-04-26 00:00:00','Via Degli Scipioni, 43','Rome','RM','Italy','00192',1.98),(66,16,'2017-04-29 00:00:00','1600 Amphitheatre Parkway','Mountain View','CA','USA','94043-1351',6.93),(67,39,'2017-05-01 00:00:00','4, Rue Milton','Paris','None','France','75009',10.89),(68,57,'2017-05-01 00:00:00','Calle Lira, 198','Santiago','None','Chile','None',10.89),(69,2,'2017-05-09 00:00:00','Theodor-Heuss-Straße 34','Stuttgart','None','Germany','70174',13.86),(70,31,'2017-05-13 00:00:00','194A Chain Lake Drive','Halifax','NS','Canada','B3S 1C5',0.99),(71,3,'2017-05-17 00:00:00','1498 rue Bélanger','Montréal','QC','Canada','H2G 1A7',16.83),(72,47,'2017-05-18 00:00:00','Via Degli Scipioni, 43','Rome','RM','Italy','00192',2.9699999999999998),(73,13,'2017-05-18 00:00:00','Qe 7 Bloco G','Brasília','DF','Brazil','71020-677',14.85),(74,26,'2017-05-18 00:00:00','2211 W Berry Street','Fort Worth','TX','USA','76110',1.98),(75,16,'2017-05-24 00:00:00','1600 Amphitheatre Parkway','Mountain View','CA','USA','94043-1351',3.96),(76,40,'2017-05-26 00:00:00','8, Rue Hanovre','Paris','None','France','75002',12.87),(77,1,'2017-05-28 00:00:00','Av. Brigadeiro Faria Lima, 2170','São José dos Campos','SP','Brazil','12227-000',5.9399999999999995),(78,5,'2017-05-29 00:00:00','Klanova 9/506','Prague','None','Czech Republic','14700',8.91),(79,36,'2017-06-08 00:00:00','Tauentzienstraße 8','Berlin','None','Germany','10789',13.86),(80,13,'2017-06-08 00:00:00','Qe 7 Bloco G','Brasília','DF','Brazil','71020-677',0.99),(81,4,'2017-06-12 00:00:00','Ullevålsveien 14','Oslo','None','Norway','0171',5.9399999999999995),(82,58,'2017-06-13 00:00:00','12,Community Centre','Delhi','None','India','110017',6.93),(83,22,'2017-06-15 00:00:00','120 S Orange Ave','Orlando','FL','USA','32801',3.96),(84,48,'2017-06-15 00:00:00','Lijnbaansgracht 120bg','Amsterdam','VV','Netherlands','1016',11.879999999999999),(85,33,'2017-06-17 00:00:00','5112 48 Street','Yellowknife','NT','Canada','X1A 1N6',4.95),(86,46,'2017-06-18 00:00:00','3 Chatham Street','Dublin','Dublin','Ireland','None',0.99),(87,30,'2017-06-20 00:00:00','230 Elgin Street','Ottawa','ON','Canada','K2P 1L7',7.92),(88,31,'2017-06-21 00:00:00','194A Chain Lake Drive','Halifax','NS','Canada','B3S 1C5',4.95),(89,21,'2017-06-23 00:00:00','801 W 4th Street','Reno','NV','USA','89503',1.98),(90,55,'2017-06-28 00:00:00','421 Bourke Street','Sidney','NSW','Australia','2010',10.89),(91,36,'2017-07-01 00:00:00','Tauentzienstraße 8','Berlin','None','Germany','10789',10.89),(92,32,'2017-07-02 00:00:00','696 Osborne Street','Winnipeg','MB','Canada','R3L 2B9',19.8),(93,42,'2017-07-05 00:00:00','9, Place Louis Barthou','Bordeaux','None','France','33000',9.9),(94,51,'2017-07-08 00:00:00','Celsiusg. 9','Stockholm','None','Sweden','11230',7.92),(95,45,'2017-07-10 00:00:00','Erzsébet krt. 58.','Budapest','None','Hungary','H-1073',10.89),(96,53,'2017-07-17 00:00:00','113 Lupus St','London','None','United Kingdom','SW1V 3EN',5.9399999999999995),(97,8,'2017-07-22 00:00:00','Grétrystraat 63','Brussels','None','Belgium','1000',5.9399999999999995),(98,17,'2017-07-23 00:00:00','1 Microsoft Way','Redmond','WA','USA','98052-8300',9.9),(99,55,'2017-07-28 00:00:00','421 Bourke Street','Sidney','NSW','Australia','2010',17.82),(100,58,'2017-07-31 00:00:00','12,Community Centre','Delhi','None','India','110017',5.9399999999999995),(101,20,'2017-07-31 00:00:00','541 Del Medio Avenue','Mountain View','CA','USA','94040-111',3.96),(102,8,'2017-08-02 00:00:00','Grétrystraat 63','Brussels','None','Belgium','1000',9.9),(103,39,'2017-08-03 00:00:00','4, Rue Milton','Paris','None','France','75009',5.9399999999999995),(104,4,'2017-08-06 00:00:00','Ullevålsveien 14','Oslo','None','Norway','0171',1.98),(105,31,'2017-08-12 00:00:00','194A Chain Lake Drive','Halifax','NS','Canada','B3S 1C5',7.92),(106,54,'2017-08-19 00:00:00','110 Raeburn Pl','Edinburgh ','None','United Kingdom','EH4 1HH',7.92),(107,32,'2017-08-21 00:00:00','696 Osborne Street','Winnipeg','MB','Canada','R3L 2B9',10.89),(108,30,'2017-08-27 00:00:00','230 Elgin Street','Ottawa','ON','Canada','K2P 1L7',4.95),(109,22,'2017-08-29 00:00:00','120 S Orange Ave','Orlando','FL','USA','32801',10.89),(110,15,'2017-08-29 00:00:00','700 W Pender Street','Vancouver','BC','Canada','V6C 1G8',5.9399999999999995),(111,13,'2017-08-30 00:00:00','Qe 7 Bloco G','Brasília','DF','Brazil','71020-677',4.95),(112,6,'2017-08-31 00:00:00','Rilská 3174/6','Prague','None','Czech Republic','14300',16.83),(113,13,'2017-09-01 00:00:00','Qe 7 Bloco G','Brasília','DF','Brazil','71020-677',9.9),(114,12,'2017-09-05 00:00:00','Praça Pio X, 119','Rio de Janeiro','RJ','Brazil','20040-020',16.83),(115,50,'2017-09-08 00:00:00','C/ San Bernardo 85','Madrid','None','Spain','28015',8.91),(116,6,'2017-09-08 00:00:00','Rilská 3174/6','Prague','None','Czech Republic','14300',10.89),(117,44,'2017-09-10 00:00:00','Porthaninkatu 9','Helsinki','None','Finland','00530',10.89),(118,28,'2017-09-10 00:00:00','302 S 700 E','Salt Lake City','UT','USA','84102',0.99),(119,5,'2017-09-12 00:00:00','Klanova 9/506','Prague','None','Czech Republic','14700',1.98),(120,29,'2017-09-19 00:00:00','796 Dundas Street West','Toronto','ON','Canada','M6J 1V1',5.9399999999999995),(121,59,'2017-09-20 00:00:00','3,Raj Bhavan Road','Bangalore','None','India','560001',8.91),(122,9,'2017-09-21 00:00:00','Sønder Boulevard 51','Copenhagen','None','Denmark','1720',4.95),(123,7,'2017-09-23 00:00:00','Rotenturmstraße 4, 1010 Innere Stadt','Vienne','None','Austria','1010',11.879999999999999),(124,8,'2017-09-25 00:00:00','Grétrystraat 63','Brussels','None','Belgium','1000',5.9399999999999995),(125,3,'2017-09-29 00:00:00','1498 rue Bélanger','Montréal','QC','Canada','H2G 1A7',9.9),(126,32,'2017-10-07 00:00:00','696 Osborne Street','Winnipeg','MB','Canada','R3L 2B9',3.96),(127,35,'2017-10-08 00:00:00','Rua dos Campeões Europeus de Viena, 4350','Porto','None','Portugal','None',10.89),(128,17,'2017-10-12 00:00:00','1 Microsoft Way','Redmond','WA','USA','98052-8300',6.93),(129,17,'2017-10-16 00:00:00','1 Microsoft Way','Redmond','WA','USA','98052-8300',10.89),(130,13,'2017-10-19 00:00:00','Qe 7 Bloco G','Brasília','DF','Brazil','71020-677',3.96),(131,2,'2017-10-21 00:00:00','Theodor-Heuss-Straße 34','Stuttgart','None','Germany','70174',2.9699999999999998),(132,14,'2017-10-22 00:00:00','8210 111 ST NW','Edmonton','AB','Canada','T6G 2C7',1.98),(133,35,'2017-10-22 00:00:00','Rua dos Campeões Europeus de Viena, 4350','Porto','None','Portugal','None',9.9),(134,2,'2017-10-23 00:00:00','Theodor-Heuss-Straße 34','Stuttgart','None','Germany','70174',7.92),(135,11,'2017-10-25 00:00:00','Av. Paulista, 2022','São Paulo','SP','Brazil','01310-200',2.9699999999999998),(136,33,'2017-10-29 00:00:00','5112 48 Street','Yellowknife','NT','Canada','X1A 1N6',3.96),(137,34,'2017-10-29 00:00:00','Rua da Assunção 53','Lisbon','None','Portugal','None',1.98),(138,33,'2017-10-30 00:00:00','5112 48 Street','Yellowknife','NT','Canada','X1A 1N6',10.89),(139,23,'2017-11-03 00:00:00','69 Salem Street','Boston','MA','USA','2113',4.95),(140,58,'2017-11-06 00:00:00','12,Community Centre','Delhi','None','India','110017',7.92),(141,45,'2017-11-07 00:00:00','Erzsébet krt. 58.','Budapest','None','Hungary','H-1073',17.82),(142,15,'2017-11-10 00:00:00','700 W Pender Street','Vancouver','BC','Canada','V6C 1G8',14.85),(143,25,'2017-11-10 00:00:00','319 N. Frances Street','Madison','WI','USA','53703',4.95),(144,33,'2017-11-18 00:00:00','5112 48 Street','Yellowknife','NT','Canada','X1A 1N6',2.9699999999999998),(145,28,'2017-11-22 00:00:00','302 S 700 E','Salt Lake City','UT','USA','84102',4.95),(146,58,'2017-11-22 00:00:00','12,Community Centre','Delhi','None','India','110017',12.87),(147,19,'2017-11-28 00:00:00','1 Infinite Loop','Cupertino','CA','USA','95014',4.95),(148,42,'2017-11-30 00:00:00','9, Place Louis Barthou','Bordeaux','None','France','33000',8.91),(149,1,'2017-11-30 00:00:00','Av. Brigadeiro Faria Lima, 2170','São José dos Campos','SP','Brazil','12227-000',8.91),(150,22,'2017-12-01 00:00:00','120 S Orange Ave','Orlando','FL','USA','32801',2.9699999999999998),(151,35,'2017-12-06 00:00:00','Rua dos Campeões Europeus de Viena, 4350','Porto','None','Portugal','None',2.9699999999999998),(152,12,'2017-12-12 00:00:00','Praça Pio X, 119','Rio de Janeiro','RJ','Brazil','20040-020',5.9399999999999995),(153,1,'2017-12-14 00:00:00','Av. Brigadeiro Faria Lima, 2170','São José dos Campos','SP','Brazil','12227-000',13.86),(154,39,'2017-12-17 00:00:00','4, Rue Milton','Paris','None','France','75009',2.9699999999999998),(155,59,'2018-01-02 00:00:00','3,Raj Bhavan Road','Bangalore','None','India','560001',8.91),(156,10,'2018-01-03 00:00:00','Rua Dr. Falcão Filho, 155','São Paulo','SP','Brazil','01007-010',10.89),(157,57,'2018-01-04 00:00:00','Calle Lira, 198','Santiago','None','Chile','None',0.99),(158,57,'2018-01-07 00:00:00','Calle Lira, 198','Santiago','None','Chile','None',5.9399999999999995),(159,20,'2018-01-08 00:00:00','541 Del Medio Avenue','Mountain View','CA','USA','94040-111',5.9399999999999995),(160,41,'2018-01-09 00:00:00','11, Place Bellecour','Lyon','None','France','69002',8.91),(161,24,'2018-01-13 00:00:00','162 E Superior Street','Chicago','IL','USA','60611',7.92),(162,2,'2018-01-15 00:00:00','Theodor-Heuss-Straße 34','Stuttgart','None','Germany','70174',8.91),(163,6,'2018-01-16 00:00:00','Rilská 3174/6','Prague','None','Czech Republic','14300',8.91),(164,49,'2018-01-20 00:00:00','Ordynacka 10','Warsaw','None','Poland','00-358',3.96),(165,41,'2018-01-21 00:00:00','11, Place Bellecour','Lyon','None','France','69002',7.92),(166,17,'2018-01-21 00:00:00','1 Microsoft Way','Redmond','WA','USA','98052-8300',9.9),(167,21,'2018-01-25 00:00:00','801 W 4th Street','Reno','NV','USA','89503',5.9399999999999995),(168,47,'2018-01-27 00:00:00','Via Degli Scipioni, 43','Rome','RM','Italy','00192',5.9399999999999995),(169,21,'2018-01-28 00:00:00','801 W 4th Street','Reno','NV','USA','89503',8.91),(170,45,'2018-01-28 00:00:00','Erzsébet krt. 58.','Budapest','None','Hungary','H-1073',9.9),(171,53,'2018-01-30 00:00:00','113 Lupus St','London','None','United Kingdom','SW1V 3EN',12.87),(172,33,'2018-01-31 00:00:00','5112 48 Street','Yellowknife','NT','Canada','X1A 1N6',7.92),(173,5,'2018-01-31 00:00:00','Klanova 9/506','Prague','None','Czech Republic','14700',10.89),(174,48,'2018-01-31 00:00:00','Lijnbaansgracht 120bg','Amsterdam','VV','Netherlands','1016',6.93),(175,39,'2018-01-31 00:00:00','4, Rue Milton','Paris','None','France','75009',17.82),(176,46,'2018-01-31 00:00:00','3 Chatham Street','Dublin','Dublin','Ireland','None',6.93),(177,47,'2018-02-01 00:00:00','Via Degli Scipioni, 43','Rome','RM','Italy','00192',1.98),(178,9,'2018-02-02 00:00:00','Sønder Boulevard 51','Copenhagen','None','Denmark','1720',2.9699999999999998),(179,25,'2018-02-03 00:00:00','319 N. Frances Street','Madison','WI','USA','53703',9.9),(180,46,'2018-02-05 00:00:00','3 Chatham Street','Dublin','Dublin','Ireland','None',9.9),(181,45,'2018-02-06 00:00:00','Erzsébet krt. 58.','Budapest','None','Hungary','H-1073',6.93),(182,1,'2018-02-07 00:00:00','Av. Brigadeiro Faria Lima, 2170','São José dos Campos','SP','Brazil','12227-000',5.9399999999999995),(183,42,'2018-02-09 00:00:00','9, Place Louis Barthou','Bordeaux','None','France','33000',23.759999999999998),(184,1,'2018-02-09 00:00:00','Av. Brigadeiro Faria Lima, 2170','São José dos Campos','SP','Brazil','12227-000',0.99),(185,21,'2018-02-10 00:00:00','801 W 4th Street','Reno','NV','USA','89503',8.91),(186,11,'2018-02-10 00:00:00','Av. Paulista, 2022','São Paulo','SP','Brazil','01310-200',2.9699999999999998),(187,18,'2018-02-18 00:00:00','627 Broadway','New York','NY','USA','10012-2612',6.93),(188,13,'2018-02-20 00:00:00','Qe 7 Bloco G','Brasília','DF','Brazil','71020-677',10.89),(189,13,'2018-02-21 00:00:00','Qe 7 Bloco G','Brasília','DF','Brazil','71020-677',3.96),(190,51,'2018-02-21 00:00:00','Celsiusg. 9','Stockholm','None','Sweden','11230',4.95),(191,51,'2018-02-22 00:00:00','Celsiusg. 9','Stockholm','None','Sweden','11230',3.96),(192,28,'2018-02-25 00:00:00','302 S 700 E','Salt Lake City','UT','USA','84102',8.91),(193,41,'2018-02-26 00:00:00','11, Place Bellecour','Lyon','None','France','69002',1.98),(194,34,'2018-02-27 00:00:00','Rua da Assunção 53','Lisbon','None','Portugal','None',0.99),(195,27,'2018-03-02 00:00:00','1033 N Park Ave','Tucson','AZ','USA','85719',10.89),(196,37,'2018-03-02 00:00:00','Berger Straße 10','Frankfurt','None','Germany','60316',9.9),(197,46,'2018-03-05 00:00:00','3 Chatham Street','Dublin','Dublin','Ireland','None',10.89),(198,13,'2018-03-05 00:00:00','Qe 7 Bloco G','Brasília','DF','Brazil','71020-677',10.89),(199,20,'2018-03-08 00:00:00','541 Del Medio Avenue','Mountain View','CA','USA','94040-111',2.9699999999999998),(200,24,'2018-03-08 00:00:00','162 E Superior Street','Chicago','IL','USA','60611',7.92),(201,39,'2018-03-11 00:00:00','4, Rue Milton','Paris','None','France','75009',11.879999999999999),(202,25,'2018-03-13 00:00:00','319 N. Frances Street','Madison','WI','USA','53703',1.98),(203,38,'2018-03-16 00:00:00','Barbarossastraße 19','Berlin','None','Germany','10779',9.9),(204,20,'2018-03-17 00:00:00','541 Del Medio Avenue','Mountain View','CA','USA','94040-111',10.89),(205,4,'2018-03-20 00:00:00','Ullevålsveien 14','Oslo','None','Norway','0171',9.9),(206,11,'2018-03-21 00:00:00','Av. Paulista, 2022','São Paulo','SP','Brazil','01310-200',4.95),(207,17,'2018-03-21 00:00:00','1 Microsoft Way','Redmond','WA','USA','98052-8300',3.96),(208,4,'2018-03-22 00:00:00','Ullevålsveien 14','Oslo','None','Norway','0171',5.9399999999999995),(209,27,'2018-03-25 00:00:00','1033 N Park Ave','Tucson','AZ','USA','85719',3.96),(210,2,'2018-03-25 00:00:00','Theodor-Heuss-Straße 34','Stuttgart','None','Germany','70174',10.89),(211,51,'2018-03-26 00:00:00','Celsiusg. 9','Stockholm','None','Sweden','11230',8.91),(212,45,'2018-03-31 00:00:00','Erzsébet krt. 58.','Budapest','None','Hungary','H-1073',11.879999999999999),(213,53,'2018-04-01 00:00:00','113 Lupus St','London','None','United Kingdom','SW1V 3EN',10.89),(214,57,'2018-04-03 00:00:00','Calle Lira, 198','Santiago','None','Chile','None',4.95),(215,26,'2018-04-04 00:00:00','2211 W Berry Street','Fort Worth','TX','USA','76110',1.98),(216,49,'2018-04-14 00:00:00','Ordynacka 10','Warsaw','None','Poland','00-358',4.95),(217,27,'2018-04-17 00:00:00','1033 N Park Ave','Tucson','AZ','USA','85719',9.9),(218,56,'2018-04-19 00:00:00','307 Macacha Güemes','Buenos Aires','None','Argentina','1106',8.91),(219,20,'2018-04-21 00:00:00','541 Del Medio Avenue','Mountain View','CA','USA','94040-111',2.9699999999999998),(220,59,'2018-04-25 00:00:00','3,Raj Bhavan Road','Bangalore','None','India','560001',8.91),(221,35,'2018-04-25 00:00:00','Rua dos Campeões Europeus de Viena, 4350','Porto','None','Portugal','None',7.92),(222,2,'2018-04-29 00:00:00','Theodor-Heuss-Straße 34','Stuttgart','None','Germany','70174',1.98),(223,1,'2018-05-04 00:00:00','Av. Brigadeiro Faria Lima, 2170','São José dos Campos','SP','Brazil','12227-000',17.82),(224,34,'2018-05-06 00:00:00','Rua da Assunção 53','Lisbon','None','Portugal','None',9.9),(225,7,'2018-05-08 00:00:00','Rotenturmstraße 4, 1010 Innere Stadt','Vienne','None','Austria','1010',5.9399999999999995),(226,42,'2018-05-12 00:00:00','9, Place Louis Barthou','Bordeaux','None','France','33000',10.89),(227,52,'2018-05-16 00:00:00','202 Hoxton Street','London','None','United Kingdom','N1 5LH',9.9),(228,57,'2018-05-16 00:00:00','Calle Lira, 198','Santiago','None','Chile','None',3.96),(229,15,'2018-05-19 00:00:00','700 W Pender Street','Vancouver','BC','Canada','V6C 1G8',2.9699999999999998),(230,54,'2018-05-21 00:00:00','110 Raeburn Pl','Edinburgh ','None','United Kingdom','EH4 1HH',7.92),(231,19,'2018-05-27 00:00:00','1 Infinite Loop','Cupertino','CA','USA','95014',2.9699999999999998),(232,57,'2018-05-29 00:00:00','Calle Lira, 198','Santiago','None','Chile','None',3.96),(233,14,'2018-06-01 00:00:00','8210 111 ST NW','Edmonton','AB','Canada','T6G 2C7',5.9399999999999995),(234,36,'2018-06-01 00:00:00','Tauentzienstraße 8','Berlin','None','Germany','10789',0.99),(235,5,'2018-06-06 00:00:00','Klanova 9/506','Prague','None','Czech Republic','14700',6.93),(236,35,'2018-06-08 00:00:00','Rua dos Campeões Europeus de Viena, 4350','Porto','None','Portugal','None',2.9699999999999998),(237,52,'2018-06-13 00:00:00','202 Hoxton Street','London','None','United Kingdom','N1 5LH',15.84),(238,46,'2018-06-14 00:00:00','3 Chatham Street','Dublin','Dublin','Ireland','None',9.9),(239,38,'2018-06-16 00:00:00','Barbarossastraße 19','Berlin','None','Germany','10779',15.84),(240,10,'2018-06-17 00:00:00','Rua Dr. Falcão Filho, 155','São Paulo','SP','Brazil','01007-010',2.9699999999999998),(241,45,'2018-06-18 00:00:00','Erzsébet krt. 58.','Budapest','None','Hungary','H-1073',1.98),(242,36,'2018-06-18 00:00:00','Tauentzienstraße 8','Berlin','None','Germany','10789',9.9),(243,6,'2018-06-23 00:00:00','Rilská 3174/6','Prague','None','Czech Republic','14300',10.89),(244,53,'2018-06-23 00:00:00','113 Lupus St','London','None','United Kingdom','SW1V 3EN',4.95),(245,20,'2018-06-30 00:00:00','541 Del Medio Avenue','Mountain View','CA','USA','94040-111',2.9699999999999998),(246,58,'2018-07-12 00:00:00','12,Community Centre','Delhi','None','India','110017',8.91),(247,27,'2018-07-12 00:00:00','1033 N Park Ave','Tucson','AZ','USA','85719',10.89),(248,3,'2018-07-13 00:00:00','1498 rue Bélanger','Montréal','QC','Canada','H2G 1A7',6.93),(249,12,'2018-07-14 00:00:00','Praça Pio X, 119','Rio de Janeiro','RJ','Brazil','20040-020',1.98),(250,23,'2018-07-20 00:00:00','69 Salem Street','Boston','MA','USA','2113',10.89),(251,7,'2018-07-20 00:00:00','Rotenturmstraße 4, 1010 Innere Stadt','Vienne','None','Austria','1010',6.93),(252,44,'2018-07-25 00:00:00','Porthaninkatu 9','Helsinki','None','Finland','00530',7.92),(253,8,'2018-07-29 00:00:00','Grétrystraat 63','Brussels','None','Belgium','1000',11.879999999999999),(254,57,'2018-07-30 00:00:00','Calle Lira, 198','Santiago','None','Chile','None',9.9),(255,46,'2018-07-31 00:00:00','3 Chatham Street','Dublin','Dublin','Ireland','None',3.96),(256,13,'2018-07-31 00:00:00','Qe 7 Bloco G','Brasília','DF','Brazil','71020-677',4.95),(257,16,'2018-08-01 00:00:00','1600 Amphitheatre Parkway','Mountain View','CA','USA','94043-1351',10.89),(258,48,'2018-08-02 00:00:00','Lijnbaansgracht 120bg','Amsterdam','VV','Netherlands','1016',0.99),(259,38,'2018-08-03 00:00:00','Barbarossastraße 19','Berlin','None','Germany','10779',6.93),(260,10,'2018-08-04 00:00:00','Rua Dr. Falcão Filho, 155','São Paulo','SP','Brazil','01007-010',7.92),(261,49,'2018-08-06 00:00:00','Ordynacka 10','Warsaw','None','Poland','00-358',8.91),(262,3,'2018-08-09 00:00:00','1498 rue Bélanger','Montréal','QC','Canada','H2G 1A7',7.92),(263,36,'2018-08-13 00:00:00','Tauentzienstraße 8','Berlin','None','Germany','10789',4.95),(264,38,'2018-08-15 00:00:00','Barbarossastraße 19','Berlin','None','Germany','10779',0.99),(265,52,'2018-08-18 00:00:00','202 Hoxton Street','London','None','United Kingdom','N1 5LH',6.93),(266,44,'2018-08-22 00:00:00','Porthaninkatu 9','Helsinki','None','Finland','00530',5.9399999999999995),(267,9,'2018-08-22 00:00:00','Sønder Boulevard 51','Copenhagen','None','Denmark','1720',1.98),(268,16,'2018-08-23 00:00:00','1600 Amphitheatre Parkway','Mountain View','CA','USA','94043-1351',10.89),(269,43,'2018-08-26 00:00:00','68, Rue Jouvence','Dijon','None','France','21000',0.99),(270,1,'2018-08-27 00:00:00','Av. Brigadeiro Faria Lima, 2170','São José dos Campos','SP','Brazil','12227-000',10.89),(271,47,'2018-08-30 00:00:00','Via Degli Scipioni, 43','Rome','RM','Italy','00192',10.89),(272,4,'2018-08-30 00:00:00','Ullevålsveien 14','Oslo','None','Norway','0171',8.91),(273,37,'2018-09-02 00:00:00','Berger Straße 10','Frankfurt','None','Germany','60316',16.83),(274,26,'2018-09-04 00:00:00','2211 W Berry Street','Fort Worth','TX','USA','76110',4.95),(275,6,'2018-09-06 00:00:00','Rilská 3174/6','Prague','None','Czech Republic','14300',7.92),(276,22,'2018-09-07 00:00:00','120 S Orange Ave','Orlando','FL','USA','32801',18.81),(277,53,'2018-09-10 00:00:00','113 Lupus St','London','None','United Kingdom','SW1V 3EN',4.95),(278,22,'2018-09-23 00:00:00','120 S Orange Ave','Orlando','FL','USA','32801',2.9699999999999998),(279,41,'2018-10-01 00:00:00','11, Place Bellecour','Lyon','None','France','69002',4.95),(280,6,'2018-10-02 00:00:00','Rilská 3174/6','Prague','None','Czech Republic','14300',10.89),(281,50,'2018-10-06 00:00:00','C/ San Bernardo 85','Madrid','None','Spain','28015',13.86),(282,20,'2018-10-11 00:00:00','541 Del Medio Avenue','Mountain View','CA','USA','94040-111',16.83),(283,48,'2018-10-13 00:00:00','Lijnbaansgracht 120bg','Amsterdam','VV','Netherlands','1016',8.91),(284,49,'2018-10-16 00:00:00','Ordynacka 10','Warsaw','None','Poland','00-358',10.89),(285,58,'2018-10-25 00:00:00','12,Community Centre','Delhi','None','India','110017',9.9),(286,27,'2018-10-25 00:00:00','1033 N Park Ave','Tucson','AZ','USA','85719',1.98),(287,23,'2018-11-04 00:00:00','69 Salem Street','Boston','MA','USA','2113',1.98),(288,17,'2018-11-04 00:00:00','1 Microsoft Way','Redmond','WA','USA','98052-8300',10.89),(289,16,'2018-11-06 00:00:00','1600 Amphitheatre Parkway','Mountain View','CA','USA','94043-1351',6.93),(290,17,'2018-11-18 00:00:00','1 Microsoft Way','Redmond','WA','USA','98052-8300',4.95),(291,35,'2018-11-19 00:00:00','Rua dos Campeões Europeus de Viena, 4350','Porto','None','Portugal','None',2.9699999999999998),(292,4,'2018-11-21 00:00:00','Ullevålsveien 14','Oslo','None','Norway','0171',9.9),(293,14,'2018-11-29 00:00:00','8210 111 ST NW','Edmonton','AB','Canada','T6G 2C7',4.95),(294,58,'2018-12-02 00:00:00','12,Community Centre','Delhi','None','India','110017',10.89),(295,33,'2018-12-03 00:00:00','5112 48 Street','Yellowknife','NT','Canada','X1A 1N6',0.99),(296,1,'2018-12-10 00:00:00','Av. Brigadeiro Faria Lima, 2170','São José dos Campos','SP','Brazil','12227-000',12.87),(297,22,'2018-12-11 00:00:00','120 S Orange Ave','Orlando','FL','USA','32801',2.9699999999999998),(298,12,'2018-12-13 00:00:00','Praça Pio X, 119','Rio de Janeiro','RJ','Brazil','20040-020',8.91),(299,30,'2018-12-14 00:00:00','230 Elgin Street','Ottawa','ON','Canada','K2P 1L7',5.9399999999999995),(300,25,'2018-12-15 00:00:00','319 N. Frances Street','Madison','WI','USA','53703',11.879999999999999),(301,34,'2018-12-15 00:00:00','Rua da Assunção 53','Lisbon','None','Portugal','None',7.92),(302,40,'2018-12-18 00:00:00','8, Rue Hanovre','Paris','None','France','75002',3.96),(303,28,'2018-12-21 00:00:00','302 S 700 E','Salt Lake City','UT','USA','84102',9.9),(304,56,'2018-12-23 00:00:00','307 Macacha Güemes','Buenos Aires','None','Argentina','1106',6.93),(305,40,'2018-12-26 00:00:00','8, Rue Hanovre','Paris','None','France','75002',14.85),(306,8,'2019-01-01 00:00:00','Grétrystraat 63','Brussels','None','Belgium','1000',10.89),(307,26,'2019-01-05 00:00:00','2211 W Berry Street','Fort Worth','TX','USA','76110',9.9),(308,37,'2019-01-06 00:00:00','Berger Straße 10','Frankfurt','None','Germany','60316',10.89),(309,36,'2019-01-14 00:00:00','Tauentzienstraße 8','Berlin','None','Germany','10789',8.91),(310,22,'2019-01-16 00:00:00','120 S Orange Ave','Orlando','FL','USA','32801',8.91),(311,8,'2019-01-18 00:00:00','Grétrystraat 63','Brussels','None','Belgium','1000',5.9399999999999995),(312,42,'2019-01-21 00:00:00','9, Place Louis Barthou','Bordeaux','None','France','33000',9.9),(313,30,'2019-01-24 00:00:00','230 Elgin Street','Ottawa','ON','Canada','K2P 1L7',4.95),(314,43,'2019-01-29 00:00:00','68, Rue Jouvence','Dijon','None','France','21000',9.9),(315,10,'2019-01-30 00:00:00','Rua Dr. Falcão Filho, 155','São Paulo','SP','Brazil','01007-010',4.95),(316,11,'2019-02-03 00:00:00','Av. Paulista, 2022','São Paulo','SP','Brazil','01310-200',1.98),(317,40,'2019-02-14 00:00:00','8, Rue Hanovre','Paris','None','France','75002',11.879999999999999),(318,43,'2019-02-19 00:00:00','68, Rue Jouvence','Dijon','None','France','21000',7.92),(319,50,'2019-02-20 00:00:00','C/ San Bernardo 85','Madrid','None','Spain','28015',9.9),(320,58,'2019-02-22 00:00:00','12,Community Centre','Delhi','None','India','110017',16.83),(321,14,'2019-02-23 00:00:00','8210 111 ST NW','Edmonton','AB','Canada','T6G 2C7',0.99),(322,21,'2019-02-24 00:00:00','801 W 4th Street','Reno','NV','USA','89503',9.9),(323,23,'2019-03-03 00:00:00','69 Salem Street','Boston','MA','USA','2113',7.92),(324,57,'2019-03-03 00:00:00','Calle Lira, 198','Santiago','None','Chile','None',4.95),(325,33,'2019-03-04 00:00:00','5112 48 Street','Yellowknife','NT','Canada','X1A 1N6',9.9),(326,52,'2019-03-04 00:00:00','202 Hoxton Street','London','None','United Kingdom','N1 5LH',8.91),(327,49,'2019-03-05 00:00:00','Ordynacka 10','Warsaw','None','Poland','00-358',8.91),(328,10,'2019-03-08 00:00:00','Rua Dr. Falcão Filho, 155','São Paulo','SP','Brazil','01007-010',3.96),(329,9,'2019-03-09 00:00:00','Sønder Boulevard 51','Copenhagen','None','Denmark','1720',0.99),(330,22,'2019-03-13 00:00:00','120 S Orange Ave','Orlando','FL','USA','32801',12.87),(331,25,'2019-03-15 00:00:00','319 N. Frances Street','Madison','WI','USA','53703',5.9399999999999995),(332,29,'2019-03-15 00:00:00','796 Dundas Street West','Toronto','ON','Canada','M6J 1V1',9.9),(333,12,'2019-03-21 00:00:00','Praça Pio X, 119','Rio de Janeiro','RJ','Brazil','20040-020',5.9399999999999995),(334,53,'2019-03-21 00:00:00','113 Lupus St','London','None','United Kingdom','SW1V 3EN',14.85),(335,57,'2019-03-23 00:00:00','Calle Lira, 198','Santiago','None','Chile','None',14.85),(336,6,'2019-03-31 00:00:00','Rilská 3174/6','Prague','None','Czech Republic','14300',15.84),(337,7,'2019-04-03 00:00:00','Rotenturmstraße 4, 1010 Innere Stadt','Vienne','None','Austria','1010',9.9),(338,58,'2019-04-03 00:00:00','12,Community Centre','Delhi','None','India','110017',4.95),(339,36,'2019-04-07 00:00:00','Tauentzienstraße 8','Berlin','None','Germany','10789',7.92),(340,48,'2019-04-08 00:00:00','Lijnbaansgracht 120bg','Amsterdam','VV','Netherlands','1016',2.9699999999999998),(341,5,'2019-04-09 00:00:00','Klanova 9/506','Prague','None','Czech Republic','14700',11.879999999999999),(342,3,'2019-04-13 00:00:00','1498 rue Bélanger','Montréal','QC','Canada','H2G 1A7',2.9699999999999998),(343,2,'2019-04-13 00:00:00','Theodor-Heuss-Straße 34','Stuttgart','None','Germany','70174',5.9399999999999995),(344,3,'2019-04-15 00:00:00','1498 rue Bélanger','Montréal','QC','Canada','H2G 1A7',16.83),(345,50,'2019-04-16 00:00:00','C/ San Bernardo 85','Madrid','None','Spain','28015',9.9),(346,40,'2019-04-17 00:00:00','8, Rue Hanovre','Paris','None','France','75002',5.9399999999999995),(347,44,'2019-04-17 00:00:00','Porthaninkatu 9','Helsinki','None','Finland','00530',3.96),(348,35,'2019-04-18 00:00:00','Rua dos Campeões Europeus de Viena, 4350','Porto','None','Portugal','None',8.91),(349,37,'2019-04-21 00:00:00','Berger Straße 10','Frankfurt','None','Germany','60316',0.99),(350,44,'2019-04-21 00:00:00','Porthaninkatu 9','Helsinki','None','Finland','00530',2.9699999999999998),(351,57,'2019-04-23 00:00:00','Calle Lira, 198','Santiago','None','Chile','None',9.9),(352,10,'2019-04-23 00:00:00','Rua Dr. Falcão Filho, 155','São Paulo','SP','Brazil','01007-010',0.99),(353,28,'2019-04-28 00:00:00','302 S 700 E','Salt Lake City','UT','USA','84102',9.9),(354,9,'2019-05-02 00:00:00','Sønder Boulevard 51','Copenhagen','None','Denmark','1720',4.95),(355,43,'2019-05-04 00:00:00','68, Rue Jouvence','Dijon','None','France','21000',6.93),(356,55,'2019-05-04 00:00:00','421 Bourke Street','Sidney','NSW','Australia','2010',6.93),(357,13,'2019-05-08 00:00:00','Qe 7 Bloco G','Brasília','DF','Brazil','71020-677',2.9699999999999998),(358,19,'2019-05-12 00:00:00','1 Infinite Loop','Cupertino','CA','USA','95014',6.93),(359,43,'2019-05-12 00:00:00','68, Rue Jouvence','Dijon','None','France','21000',8.91),(360,45,'2019-05-15 00:00:00','Erzsébet krt. 58.','Budapest','None','Hungary','H-1073',3.96),(361,5,'2019-05-18 00:00:00','Klanova 9/506','Prague','None','Czech Republic','14700',1.98),(362,29,'2019-05-24 00:00:00','796 Dundas Street West','Toronto','ON','Canada','M6J 1V1',19.8),(363,38,'2019-05-24 00:00:00','Barbarossastraße 19','Berlin','None','Germany','10779',2.9699999999999998),(364,26,'2019-05-26 00:00:00','2211 W Berry Street','Fort Worth','TX','USA','76110',5.9399999999999995),(365,28,'2019-05-27 00:00:00','302 S 700 E','Salt Lake City','UT','USA','84102',3.96),(366,26,'2019-05-27 00:00:00','2211 W Berry Street','Fort Worth','TX','USA','76110',8.91),(367,40,'2019-05-29 00:00:00','8, Rue Hanovre','Paris','None','France','75002',7.92),(368,35,'2019-05-30 00:00:00','Rua dos Campeões Europeus de Viena, 4350','Porto','None','Portugal','None',1.98),(369,50,'2019-05-31 00:00:00','C/ San Bernardo 85','Madrid','None','Spain','28015',9.9),(370,14,'2019-06-01 00:00:00','8210 111 ST NW','Edmonton','AB','Canada','T6G 2C7',8.91),(371,14,'2019-06-01 00:00:00','8210 111 ST NW','Edmonton','AB','Canada','T6G 2C7',0.99),(372,18,'2019-06-01 00:00:00','627 Broadway','New York','NY','USA','10012-2612',13.86),(373,39,'2019-06-01 00:00:00','4, Rue Milton','Paris','None','France','75009',3.96),(374,43,'2019-06-03 00:00:00','68, Rue Jouvence','Dijon','None','France','21000',5.9399999999999995),(375,35,'2019-06-05 00:00:00','Rua dos Campeões Europeus de Viena, 4350','Porto','None','Portugal','None',8.91),(376,5,'2019-06-06 00:00:00','Klanova 9/506','Prague','None','Czech Republic','14700',3.96),(377,28,'2019-06-09 00:00:00','302 S 700 E','Salt Lake City','UT','USA','84102',2.9699999999999998),(378,48,'2019-06-13 00:00:00','Lijnbaansgracht 120bg','Amsterdam','VV','Netherlands','1016',3.96),(379,54,'2019-06-13 00:00:00','110 Raeburn Pl','Edinburgh ','None','United Kingdom','EH4 1HH',11.879999999999999),(380,56,'2019-06-14 00:00:00','307 Macacha Güemes','Buenos Aires','None','Argentina','1106',9.9),(381,56,'2019-06-21 00:00:00','307 Macacha Güemes','Buenos Aires','None','Argentina','1106',12.87),(382,48,'2019-06-22 00:00:00','Lijnbaansgracht 120bg','Amsterdam','VV','Netherlands','1016',3.96),(383,23,'2019-07-03 00:00:00','69 Salem Street','Boston','MA','USA','2113',9.9),(384,50,'2019-07-10 00:00:00','C/ San Bernardo 85','Madrid','None','Spain','28015',10.89),(385,42,'2019-07-11 00:00:00','9, Place Louis Barthou','Bordeaux','None','France','33000',6.93),(386,26,'2019-07-12 00:00:00','2211 W Berry Street','Fort Worth','TX','USA','76110',4.95),(387,6,'2019-07-15 00:00:00','Rilská 3174/6','Prague','None','Czech Republic','14300',5.9399999999999995),(388,5,'2019-07-16 00:00:00','Klanova 9/506','Prague','None','Czech Republic','14700',9.9),(389,16,'2019-07-18 00:00:00','1600 Amphitheatre Parkway','Mountain View','CA','USA','94043-1351',16.83),(390,34,'2019-07-19 00:00:00','Rua da Assunção 53','Lisbon','None','Portugal','None',2.9699999999999998),(391,30,'2019-07-20 00:00:00','230 Elgin Street','Ottawa','ON','Canada','K2P 1L7',3.96),(392,11,'2019-07-24 00:00:00','Av. Paulista, 2022','São Paulo','SP','Brazil','01310-200',7.92),(393,17,'2019-07-25 00:00:00','1 Microsoft Way','Redmond','WA','USA','98052-8300',10.89),(394,31,'2019-07-27 00:00:00','194A Chain Lake Drive','Halifax','NS','Canada','B3S 1C5',7.92),(395,24,'2019-07-28 00:00:00','162 E Superior Street','Chicago','IL','USA','60611',9.9),(396,42,'2019-07-29 00:00:00','9, Place Louis Barthou','Bordeaux','None','France','33000',8.91),(397,36,'2019-07-31 00:00:00','Tauentzienstraße 8','Berlin','None','Germany','10789',6.93),(398,51,'2019-08-03 00:00:00','Celsiusg. 9','Stockholm','None','Sweden','11230',16.83),(399,51,'2019-08-03 00:00:00','Celsiusg. 9','Stockholm','None','Sweden','11230',11.879999999999999),(400,36,'2019-08-06 00:00:00','Tauentzienstraße 8','Berlin','None','Germany','10789',3.96),(401,46,'2019-08-06 00:00:00','3 Chatham Street','Dublin','Dublin','Ireland','None',9.9),(402,54,'2019-08-09 00:00:00','110 Raeburn Pl','Edinburgh ','None','United Kingdom','EH4 1HH',8.91),(403,54,'2019-08-10 00:00:00','110 Raeburn Pl','Edinburgh ','None','United Kingdom','EH4 1HH',8.91),(404,31,'2019-08-13 00:00:00','194A Chain Lake Drive','Halifax','NS','Canada','B3S 1C5',13.86),(405,6,'2019-08-14 00:00:00','Rilská 3174/6','Prague','None','Czech Republic','14300',7.92),(406,10,'2019-08-15 00:00:00','Rua Dr. Falcão Filho, 155','São Paulo','SP','Brazil','01007-010',1.98),(407,57,'2019-08-19 00:00:00','Calle Lira, 198','Santiago','None','Chile','None',9.9),(408,34,'2019-08-20 00:00:00','Rua da Assunção 53','Lisbon','None','Portugal','None',5.9399999999999995),(409,48,'2019-08-24 00:00:00','Lijnbaansgracht 120bg','Amsterdam','VV','Netherlands','1016',10.89),(410,7,'2019-08-27 00:00:00','Rotenturmstraße 4, 1010 Innere Stadt','Vienne','None','Austria','1010',3.96),(411,9,'2019-08-27 00:00:00','Sønder Boulevard 51','Copenhagen','None','Denmark','1720',1.98),(412,12,'2019-08-28 00:00:00','Praça Pio X, 119','Rio de Janeiro','RJ','Brazil','20040-020',7.92),(413,47,'2019-08-28 00:00:00','Via Degli Scipioni, 43','Rome','RM','Italy','00192',14.85),(414,54,'2019-08-30 00:00:00','110 Raeburn Pl','Edinburgh ','None','United Kingdom','EH4 1HH',9.9),(415,54,'2019-08-31 00:00:00','110 Raeburn Pl','Edinburgh ','None','United Kingdom','EH4 1HH',8.91),(416,5,'2019-08-31 00:00:00','Klanova 9/506','Prague','None','Czech Republic','14700',0.99),(417,24,'2019-09-01 00:00:00','162 E Superior Street','Chicago','IL','USA','60611',9.9),(418,50,'2019-09-01 00:00:00','C/ San Bernardo 85','Madrid','None','Spain','28015',0.99),(419,3,'2019-09-02 00:00:00','1498 rue Bélanger','Montréal','QC','Canada','H2G 1A7',9.9),(420,20,'2019-09-05 00:00:00','541 Del Medio Avenue','Mountain View','CA','USA','94040-111',9.9),(421,48,'2019-09-05 00:00:00','Lijnbaansgracht 120bg','Amsterdam','VV','Netherlands','1016',7.92),(422,53,'2019-09-07 00:00:00','113 Lupus St','London','None','United Kingdom','SW1V 3EN',6.93),(423,21,'2019-09-07 00:00:00','801 W 4th Street','Reno','NV','USA','89503',10.89),(424,35,'2019-09-09 00:00:00','Rua dos Campeões Europeus de Viena, 4350','Porto','None','Portugal','None',1.98),(425,14,'2019-09-13 00:00:00','8210 111 ST NW','Edmonton','AB','Canada','T6G 2C7',0.99),(426,37,'2019-09-14 00:00:00','Berger Straße 10','Frankfurt','None','Germany','60316',4.95),(427,55,'2019-09-14 00:00:00','421 Bourke Street','Sidney','NSW','Australia','2010',14.85),(428,43,'2019-09-17 00:00:00','68, Rue Jouvence','Dijon','None','France','21000',3.96),(429,5,'2019-09-17 00:00:00','Klanova 9/506','Prague','None','Czech Republic','14700',10.89),(430,55,'2019-09-20 00:00:00','421 Bourke Street','Sidney','NSW','Australia','2010',1.98),(431,8,'2019-09-21 00:00:00','Grétrystraat 63','Brussels','None','Belgium','1000',9.9),(432,32,'2019-09-23 00:00:00','696 Osborne Street','Winnipeg','MB','Canada','R3L 2B9',1.98),(433,33,'2019-09-24 00:00:00','5112 48 Street','Yellowknife','NT','Canada','X1A 1N6',2.9699999999999998),(434,26,'2019-09-27 00:00:00','2211 W Berry Street','Fort Worth','TX','USA','76110',9.9),(435,38,'2019-09-28 00:00:00','Barbarossastraße 19','Berlin','None','Germany','10779',5.9399999999999995),(436,17,'2019-10-02 00:00:00','1 Microsoft Way','Redmond','WA','USA','98052-8300',5.9399999999999995),(437,54,'2019-10-02 00:00:00','110 Raeburn Pl','Edinburgh ','None','United Kingdom','EH4 1HH',9.9),(438,23,'2019-10-04 00:00:00','69 Salem Street','Boston','MA','USA','2113',10.89),(439,11,'2019-10-08 00:00:00','Av. Paulista, 2022','São Paulo','SP','Brazil','01310-200',6.93),(440,45,'2019-10-08 00:00:00','Erzsébet krt. 58.','Budapest','None','Hungary','H-1073',2.9699999999999998),(441,44,'2019-10-26 00:00:00','Porthaninkatu 9','Helsinki','None','Finland','00530',6.93),(442,1,'2019-11-05 00:00:00','Av. Brigadeiro Faria Lima, 2170','São José dos Campos','SP','Brazil','12227-000',3.96),(443,20,'2019-11-07 00:00:00','541 Del Medio Avenue','Mountain View','CA','USA','94040-111',7.92),(444,52,'2019-11-08 00:00:00','202 Hoxton Street','London','None','United Kingdom','N1 5LH',8.91),(445,40,'2019-11-11 00:00:00','8, Rue Hanovre','Paris','None','France','75002',3.96),(446,49,'2019-11-19 00:00:00','Ordynacka 10','Warsaw','None','Poland','00-358',8.91),(447,12,'2019-11-23 00:00:00','Praça Pio X, 119','Rio de Janeiro','RJ','Brazil','20040-020',10.89),(448,18,'2019-11-27 00:00:00','627 Broadway','New York','NY','USA','10012-2612',9.9),(449,34,'2019-11-27 00:00:00','Rua da Assunção 53','Lisbon','None','Portugal','None',16.83),(450,55,'2019-12-04 00:00:00','421 Bourke Street','Sidney','NSW','Australia','2010',6.93),(451,46,'2019-12-13 00:00:00','3 Chatham Street','Dublin','Dublin','Ireland','None',0.99),(452,47,'2019-12-18 00:00:00','Via Degli Scipioni, 43','Rome','RM','Italy','00192',7.92),(453,31,'2019-12-19 00:00:00','194A Chain Lake Drive','Halifax','NS','Canada','B3S 1C5',4.95),(454,46,'2019-12-21 00:00:00','3 Chatham Street','Dublin','Dublin','Ireland','None',14.85),(455,28,'2019-12-24 00:00:00','302 S 700 E','Salt Lake City','UT','USA','84102',4.95),(456,13,'2019-12-24 00:00:00','Qe 7 Bloco G','Brasília','DF','Brazil','71020-677',9.9),(457,37,'2019-12-25 00:00:00','Berger Straße 10','Frankfurt','None','Germany','60316',14.85),(458,42,'2019-12-26 00:00:00','9, Place Louis Barthou','Bordeaux','None','France','33000',0.99),(459,50,'2019-12-26 00:00:00','C/ San Bernardo 85','Madrid','None','Spain','28015',1.98),(460,20,'2019-12-28 00:00:00','541 Del Medio Avenue','Mountain View','CA','USA','94040-111',10.89),(461,11,'2019-12-29 00:00:00','Av. Paulista, 2022','São Paulo','SP','Brazil','01310-200',7.92),(462,7,'2019-12-29 00:00:00','Rotenturmstraße 4, 1010 Innere Stadt','Vienne','None','Austria','1010',8.91),(463,34,'2019-12-30 00:00:00','Rua da Assunção 53','Lisbon','None','Portugal','None',11.879999999999999),(464,1,'2019-12-31 00:00:00','Av. Brigadeiro Faria Lima, 2170','São José dos Campos','SP','Brazil','12227-000',3.96),(465,21,'2020-01-12 00:00:00','801 W 4th Street','Reno','NV','USA','89503',6.93),(466,30,'2020-01-19 00:00:00','230 Elgin Street','Ottawa','ON','Canada','K2P 1L7',3.96),(467,5,'2020-01-20 00:00:00','Klanova 9/506','Prague','None','Czech Republic','14700',9.9),(468,25,'2020-01-22 00:00:00','319 N. Frances Street','Madison','WI','USA','53703',15.84),(469,14,'2020-01-28 00:00:00','8210 111 ST NW','Edmonton','AB','Canada','T6G 2C7',0.99),(470,9,'2020-01-29 00:00:00','Sønder Boulevard 51','Copenhagen','None','Denmark','1720',1.98),(471,35,'2020-01-30 00:00:00','Rua dos Campeões Europeus de Viena, 4350','Porto','None','Portugal','None',0.99),(472,7,'2020-01-31 00:00:00','Rotenturmstraße 4, 1010 Innere Stadt','Vienne','None','Austria','1010',2.9699999999999998),(473,58,'2020-02-02 00:00:00','12,Community Centre','Delhi','None','India','110017',3.96),(474,4,'2020-02-04 00:00:00','Ullevålsveien 14','Oslo','None','Norway','0171',6.93),(475,11,'2020-02-06 00:00:00','Av. Paulista, 2022','São Paulo','SP','Brazil','01310-200',7.92),(476,6,'2020-02-11 00:00:00','Rilská 3174/6','Prague','None','Czech Republic','14300',10.89),(477,5,'2020-02-15 00:00:00','Klanova 9/506','Prague','None','Czech Republic','14700',6.93),(478,28,'2020-02-21 00:00:00','302 S 700 E','Salt Lake City','UT','USA','84102',16.83),(479,46,'2020-02-21 00:00:00','3 Chatham Street','Dublin','Dublin','Ireland','None',16.83),(480,44,'2020-02-22 00:00:00','Porthaninkatu 9','Helsinki','None','Finland','00530',9.9),(481,43,'2020-02-25 00:00:00','68, Rue Jouvence','Dijon','None','France','21000',3.96),(482,10,'2020-02-26 00:00:00','Rua Dr. Falcão Filho, 155','São Paulo','SP','Brazil','01007-010',7.92),(483,15,'2020-02-29 00:00:00','700 W Pender Street','Vancouver','BC','Canada','V6C 1G8',4.95),(484,47,'2020-03-02 00:00:00','Via Degli Scipioni, 43','Rome','RM','Italy','00192',2.9699999999999998),(485,37,'2020-03-05 00:00:00','Berger Straße 10','Frankfurt','None','Germany','60316',9.9),(486,18,'2020-03-05 00:00:00','627 Broadway','New York','NY','USA','10012-2612',8.91),(487,27,'2020-03-11 00:00:00','1033 N Park Ave','Tucson','AZ','USA','85719',9.9),(488,7,'2020-03-13 00:00:00','Rotenturmstraße 4, 1010 Innere Stadt','Vienne','None','Austria','1010',13.86),(489,43,'2020-03-14 00:00:00','68, Rue Jouvence','Dijon','None','France','21000',2.9699999999999998),(490,19,'2020-03-14 00:00:00','1 Infinite Loop','Cupertino','CA','USA','95014',8.91),(491,51,'2020-03-24 00:00:00','Celsiusg. 9','Stockholm','None','Sweden','11230',1.98),(492,54,'2020-03-25 00:00:00','110 Raeburn Pl','Edinburgh ','None','United Kingdom','EH4 1HH',4.95),(493,41,'2020-03-26 00:00:00','11, Place Bellecour','Lyon','None','France','69002',3.96),(494,26,'2020-03-31 00:00:00','2211 W Berry Street','Fort Worth','TX','USA','76110',9.9),(495,10,'2020-04-01 00:00:00','Rua Dr. Falcão Filho, 155','São Paulo','SP','Brazil','01007-010',0.99),(496,21,'2020-04-01 00:00:00','801 W 4th Street','Reno','NV','USA','89503',7.92),(497,34,'2020-04-01 00:00:00','Rua da Assunção 53','Lisbon','None','Portugal','None',6.93),(498,13,'2020-04-02 00:00:00','Qe 7 Bloco G','Brasília','DF','Brazil','71020-677',3.96),(499,17,'2020-04-03 00:00:00','1 Microsoft Way','Redmond','WA','USA','98052-8300',9.9),(500,36,'2020-04-07 00:00:00','Tauentzienstraße 8','Berlin','None','Germany','10789',8.91),(501,11,'2020-04-09 00:00:00','Av. Paulista, 2022','São Paulo','SP','Brazil','01310-200',12.87),(502,53,'2020-04-10 00:00:00','113 Lupus St','London','None','United Kingdom','SW1V 3EN',3.96),(503,39,'2020-04-11 00:00:00','4, Rue Milton','Paris','None','France','75009',9.9),(504,6,'2020-04-12 00:00:00','Rilská 3174/6','Prague','None','Czech Republic','14300',10.89),(505,19,'2020-04-14 00:00:00','1 Infinite Loop','Cupertino','CA','USA','95014',0.99),(506,58,'2020-04-14 00:00:00','12,Community Centre','Delhi','None','India','110017',15.84),(507,2,'2020-04-20 00:00:00','Theodor-Heuss-Straße 34','Stuttgart','None','Germany','70174',0.99),(508,38,'2020-04-22 00:00:00','Barbarossastraße 19','Berlin','None','Germany','10779',8.91),(509,48,'2020-04-27 00:00:00','Lijnbaansgracht 120bg','Amsterdam','VV','Netherlands','1016',6.93),(510,25,'2020-04-28 00:00:00','319 N. Frances Street','Madison','WI','USA','53703',9.9),(511,24,'2020-05-01 00:00:00','162 E Superior Street','Chicago','IL','USA','60611',6.93),(512,43,'2020-05-02 00:00:00','68, Rue Jouvence','Dijon','None','France','21000',8.91),(513,41,'2020-05-03 00:00:00','11, Place Bellecour','Lyon','None','France','69002',10.89),(514,25,'2020-05-14 00:00:00','319 N. Frances Street','Madison','WI','USA','53703',2.9699999999999998),(515,23,'2020-05-15 00:00:00','69 Salem Street','Boston','MA','USA','2113',2.9699999999999998),(516,23,'2020-05-16 00:00:00','69 Salem Street','Boston','MA','USA','2113',1.98),(517,3,'2020-05-16 00:00:00','1498 rue Bélanger','Montréal','QC','Canada','H2G 1A7',8.91),(518,22,'2020-05-22 00:00:00','120 S Orange Ave','Orlando','FL','USA','32801',1.98),(519,32,'2020-05-22 00:00:00','696 Osborne Street','Winnipeg','MB','Canada','R3L 2B9',6.93),(520,5,'2020-05-26 00:00:00','Klanova 9/506','Prague','None','Czech Republic','14700',9.9),(521,13,'2020-05-27 00:00:00','Qe 7 Bloco G','Brasília','DF','Brazil','71020-677',3.96),(522,22,'2020-05-27 00:00:00','120 S Orange Ave','Orlando','FL','USA','32801',7.92),(523,50,'2020-05-29 00:00:00','C/ San Bernardo 85','Madrid','None','Spain','28015',7.92),(524,41,'2020-06-01 00:00:00','11, Place Bellecour','Lyon','None','France','69002',4.95),(525,30,'2020-06-02 00:00:00','230 Elgin Street','Ottawa','ON','Canada','K2P 1L7',9.9),(526,5,'2020-06-08 00:00:00','Klanova 9/506','Prague','None','Czech Republic','14700',19.8),(527,57,'2020-06-09 00:00:00','Calle Lira, 198','Santiago','None','Chile','None',10.89),(528,50,'2020-06-10 00:00:00','C/ San Bernardo 85','Madrid','None','Spain','28015',15.84),(529,24,'2020-06-12 00:00:00','162 E Superior Street','Chicago','IL','USA','60611',13.86),(530,14,'2020-06-22 00:00:00','8210 111 ST NW','Edmonton','AB','Canada','T6G 2C7',0.99),(531,44,'2020-06-22 00:00:00','Porthaninkatu 9','Helsinki','None','Finland','00530',11.879999999999999),(532,13,'2020-06-23 00:00:00','Qe 7 Bloco G','Brasília','DF','Brazil','71020-677',13.86),(533,11,'2020-06-24 00:00:00','Av. Paulista, 2022','São Paulo','SP','Brazil','01310-200',12.87),(534,10,'2020-06-25 00:00:00','Rua Dr. Falcão Filho, 155','São Paulo','SP','Brazil','01007-010',5.9399999999999995),(535,56,'2020-07-05 00:00:00','307 Macacha Güemes','Buenos Aires','None','Argentina','1106',0.99),(536,1,'2020-07-06 00:00:00','Av. Brigadeiro Faria Lima, 2170','São José dos Campos','SP','Brazil','12227-000',5.9399999999999995),(537,12,'2020-07-07 00:00:00','Praça Pio X, 119','Rio de Janeiro','RJ','Brazil','20040-020',7.92),(538,31,'2020-07-10 00:00:00','194A Chain Lake Drive','Halifax','NS','Canada','B3S 1C5',8.91),(539,46,'2020-07-12 00:00:00','3 Chatham Street','Dublin','Dublin','Ireland','None',0.99),(540,37,'2020-07-12 00:00:00','Berger Straße 10','Frankfurt','None','Germany','60316',10.89),(541,58,'2020-07-15 00:00:00','12,Community Centre','Delhi','None','India','110017',2.9699999999999998),(542,34,'2020-07-18 00:00:00','Rua da Assunção 53','Lisbon','None','Portugal','None',10.89),(543,17,'2020-07-23 00:00:00','1 Microsoft Way','Redmond','WA','USA','98052-8300',2.9699999999999998),(544,1,'2020-07-24 00:00:00','Av. Brigadeiro Faria Lima, 2170','São José dos Campos','SP','Brazil','12227-000',8.91),(545,33,'2020-07-26 00:00:00','5112 48 Street','Yellowknife','NT','Canada','X1A 1N6',7.92),(546,32,'2020-07-30 00:00:00','696 Osborne Street','Winnipeg','MB','Canada','R3L 2B9',6.93),(547,41,'2020-08-01 00:00:00','11, Place Bellecour','Lyon','None','France','69002',9.9),(548,30,'2020-08-02 00:00:00','230 Elgin Street','Ottawa','ON','Canada','K2P 1L7',10.89),(549,2,'2020-08-10 00:00:00','Theodor-Heuss-Straße 34','Stuttgart','None','Germany','70174',10.89),(550,42,'2020-08-12 00:00:00','9, Place Louis Barthou','Bordeaux','None','France','33000',9.9),(551,16,'2020-08-18 00:00:00','1600 Amphitheatre Parkway','Mountain View','CA','USA','94043-1351',10.89),(552,30,'2020-08-19 00:00:00','230 Elgin Street','Ottawa','ON','Canada','K2P 1L7',5.9399999999999995),(553,7,'2020-08-26 00:00:00','Rotenturmstraße 4, 1010 Innere Stadt','Vienne','None','Austria','1010',4.95),(554,30,'2020-08-27 00:00:00','230 Elgin Street','Ottawa','ON','Canada','K2P 1L7',8.91),(555,55,'2020-09-04 00:00:00','421 Bourke Street','Sidney','NSW','Australia','2010',1.98),(556,21,'2020-09-04 00:00:00','801 W 4th Street','Reno','NV','USA','89503',10.89),(557,2,'2020-09-08 00:00:00','Theodor-Heuss-Straße 34','Stuttgart','None','Germany','70174',9.9),(558,17,'2020-09-11 00:00:00','1 Microsoft Way','Redmond','WA','USA','98052-8300',10.89),(559,32,'2020-09-11 00:00:00','696 Osborne Street','Winnipeg','MB','Canada','R3L 2B9',5.9399999999999995),(560,5,'2020-09-11 00:00:00','Klanova 9/506','Prague','None','Czech Republic','14700',8.91),(561,23,'2020-09-12 00:00:00','69 Salem Street','Boston','MA','USA','2113',6.93),(562,27,'2020-09-17 00:00:00','1033 N Park Ave','Tucson','AZ','USA','85719',8.91),(563,5,'2020-09-19 00:00:00','Klanova 9/506','Prague','None','Czech Republic','14700',1.98),(564,15,'2020-09-20 00:00:00','700 W Pender Street','Vancouver','BC','Canada','V6C 1G8',5.9399999999999995),(565,53,'2020-09-23 00:00:00','113 Lupus St','London','None','United Kingdom','SW1V 3EN',9.9),(566,37,'2020-09-27 00:00:00','Berger Straße 10','Frankfurt','None','Germany','60316',4.95),(567,15,'2020-09-27 00:00:00','700 W Pender Street','Vancouver','BC','Canada','V6C 1G8',7.92),(568,35,'2020-10-01 00:00:00','Rua dos Campeões Europeus de Viena, 4350','Porto','None','Portugal','None',6.93),(569,47,'2020-10-06 00:00:00','Via Degli Scipioni, 43','Rome','RM','Italy','00192',0.99),(570,52,'2020-10-07 00:00:00','202 Hoxton Street','London','None','United Kingdom','N1 5LH',2.9699999999999998),(571,51,'2020-10-09 00:00:00','Celsiusg. 9','Stockholm','None','Sweden','11230',2.9699999999999998),(572,34,'2020-10-13 00:00:00','Rua da Assunção 53','Lisbon','None','Portugal','None',4.95),(573,27,'2020-10-16 00:00:00','1033 N Park Ave','Tucson','AZ','USA','85719',10.89),(574,49,'2020-10-17 00:00:00','Ordynacka 10','Warsaw','None','Poland','00-358',10.89),(575,15,'2020-10-19 00:00:00','700 W Pender Street','Vancouver','BC','Canada','V6C 1G8',3.96),(576,45,'2020-10-19 00:00:00','Erzsébet krt. 58.','Budapest','None','Hungary','H-1073',5.9399999999999995),(577,28,'2020-10-20 00:00:00','302 S 700 E','Salt Lake City','UT','USA','84102',8.91),(578,25,'2020-10-21 00:00:00','319 N. Frances Street','Madison','WI','USA','53703',11.879999999999999),(579,6,'2020-10-23 00:00:00','Rilská 3174/6','Prague','None','Czech Republic','14300',10.89),(580,24,'2020-10-25 00:00:00','162 E Superior Street','Chicago','IL','USA','60611',9.9),(581,32,'2020-10-26 00:00:00','696 Osborne Street','Winnipeg','MB','Canada','R3L 2B9',13.86),(582,5,'2020-10-30 00:00:00','Klanova 9/506','Prague','None','Czech Republic','14700',17.82),(583,22,'2020-10-30 00:00:00','120 S Orange Ave','Orlando','FL','USA','32801',10.89),(584,30,'2020-10-31 00:00:00','230 Elgin Street','Ottawa','ON','Canada','K2P 1L7',0.99),(585,40,'2020-10-31 00:00:00','8, Rue Hanovre','Paris','None','France','75002',8.91),(586,55,'2020-11-01 00:00:00','421 Bourke Street','Sidney','NSW','Australia','2010',10.89),(587,12,'2020-11-07 00:00:00','Praça Pio X, 119','Rio de Janeiro','RJ','Brazil','20040-020',1.98),(588,5,'2020-11-12 00:00:00','Klanova 9/506','Prague','None','Czech Republic','14700',0.99),(589,41,'2020-11-12 00:00:00','11, Place Bellecour','Lyon','None','France','69002',10.89),(590,51,'2020-11-17 00:00:00','Celsiusg. 9','Stockholm','None','Sweden','11230',8.91),(591,16,'2020-11-20 00:00:00','1600 Amphitheatre Parkway','Mountain View','CA','USA','94043-1351',6.93),(592,2,'2020-11-21 00:00:00','Theodor-Heuss-Straße 34','Stuttgart','None','Germany','70174',7.92),(593,12,'2020-11-23 00:00:00','Praça Pio X, 119','Rio de Janeiro','RJ','Brazil','20040-020',10.89),(594,31,'2020-11-24 00:00:00','194A Chain Lake Drive','Halifax','NS','Canada','B3S 1C5',2.9699999999999998),(595,23,'2020-11-27 00:00:00','69 Salem Street','Boston','MA','USA','2113',7.92),(596,42,'2020-11-27 00:00:00','9, Place Louis Barthou','Bordeaux','None','France','33000',5.9399999999999995),(597,13,'2020-11-28 00:00:00','Qe 7 Bloco G','Brasília','DF','Brazil','71020-677',6.93),(598,26,'2020-12-04 00:00:00','2211 W Berry Street','Fort Worth','TX','USA','76110',4.95),(599,59,'2020-12-06 00:00:00','3,Raj Bhavan Road','Bangalore','None','India','560001',7.92),(600,29,'2020-12-08 00:00:00','796 Dundas Street West','Toronto','ON','Canada','M6J 1V1',4.95),(601,44,'2020-12-08 00:00:00','Porthaninkatu 9','Helsinki','None','Finland','00530',10.89),(602,21,'2020-12-09 00:00:00','801 W 4th Street','Reno','NV','USA','89503',6.93),(603,26,'2020-12-10 00:00:00','2211 W Berry Street','Fort Worth','TX','USA','76110',4.95),(604,46,'2020-12-12 00:00:00','3 Chatham Street','Dublin','Dublin','Ireland','None',17.82),(605,35,'2020-12-17 00:00:00','Rua dos Campeões Europeus de Viena, 4350','Porto','None','Portugal','None',3.96),(606,15,'2020-12-18 00:00:00','700 W Pender Street','Vancouver','BC','Canada','V6C 1G8',11.879999999999999),(607,59,'2020-12-19 00:00:00','3,Raj Bhavan Road','Bangalore','None','India','560001',4.95),(608,49,'2020-12-20 00:00:00','Ordynacka 10','Warsaw','None','Poland','00-358',0.99),(609,14,'2020-12-20 00:00:00','8210 111 ST NW','Edmonton','AB','Canada','T6G 2C7',2.9699999999999998),(610,55,'2020-12-21 00:00:00','421 Bourke Street','Sidney','NSW','Australia','2010',6.93),(611,52,'2020-12-27 00:00:00','202 Hoxton Street','London','None','United Kingdom','N1 5LH',1.98),(612,33,'2020-12-27 00:00:00','5112 48 Street','Yellowknife','NT','Canada','X1A 1N6',11.879999999999999),(613,20,'2020-12-29 00:00:00','541 Del Medio Avenue','Mountain View','CA','USA','94040-111',8.91),(614,53,'2020-12-30 00:00:00','113 Lupus St','London','None','United Kingdom','SW1V 3EN',12.87);
/*!40000 ALTER TABLE `invoice` ENABLE KEYS */;
UNLOCK TABLES;

--
-- Table structure for table `invoice_line`
--

DROP TABLE IF EXISTS `invoice_line`;
/*!40101 SET @saved_cs_client     = @@character_set_client */;
/*!50503 SET character_set_client = utf8mb4 */;
CREATE TABLE `invoice_line` (
  `invoice_line_id` int DEFAULT NULL,
  `invoice_id` int DEFAULT NULL,
  `track_id` int DEFAULT NULL,
  `unit_price` double DEFAULT NULL,
  `quantity` int DEFAULT NULL
) ENGINE=InnoDB DEFAULT CHARSET=utf8mb4 COLLATE=utf8mb4_0900_ai_ci;
/*!40101 SET character_set_client = @saved_cs_client */;

--
-- Dumping data for table `invoice_line`
--

LOCK TABLES `invoice_line` WRITE;
/*!40000 ALTER TABLE `invoice_line` DISABLE KEYS */;
INSERT INTO `invoice_line` VALUES (1,1,1158,0.99,1),(2,1,1159,0.99,1),(3,1,1160,0.99,1),(4,1,1161,0.99,1),(5,1,1162,0.99,1),(6,1,1163,0.99,1),(7,1,1164,0.99,1),(8,1,1165,0.99,1),(9,1,1166,0.99,1),(10,1,1167,0.99,1),(11,1,1168,0.99,1),(12,1,1169,0.99,1),(13,1,1170,0.99,1),(14,1,1171,0.99,1),(15,1,1172,0.99,1),(16,1,1173,0.99,1),(17,2,3476,0.99,1),(18,2,482,0.99,1),(19,2,2701,0.99,1),(20,2,1641,0.99,1),(21,2,1119,0.99,1),(22,2,2324,0.99,1),(23,2,201,0.99,1),(24,2,819,0.99,1),(25,2,392,0.99,1),(26,2,2651,0.99,1),(27,3,2516,0.99,1),(28,3,2646,0.99,1),(29,4,3448,0.99,1),(30,4,2560,0.99,1),(31,4,3336,0.99,1),(32,4,829,0.99,1),(33,4,1872,0.99,1),(34,4,748,0.99,1),(35,4,1778,0.99,1),(36,4,2514,0.99,1),(37,5,1986,0.99,1),(38,5,1987,0.99,1),(39,5,1988,0.99,1),(40,5,1989,0.99,1),(41,5,1990,0.99,1),(42,5,1991,0.99,1),(43,5,1992,0.99,1),(44,5,1993,0.99,1),(45,5,1994,0.99,1),(46,5,1995,0.99,1),(47,5,1996,0.99,1),(48,5,1997,0.99,1),(49,5,1998,0.99,1),(50,5,1999,0.99,1),(51,5,2000,0.99,1),(52,5,2001,0.99,1),(53,5,2002,0.99,1),(54,6,1045,0.99,1),(55,6,30,0.99,1),(56,7,3477,0.99,1),(57,7,3439,0.99,1),(58,7,1102,0.99,1),(59,7,711,0.99,1),(60,7,1988,0.99,1),(61,7,3024,0.99,1),(62,7,834,0.99,1),(63,7,2596,0.99,1),(64,7,1343,0.99,1),(65,7,2644,0.99,1),(66,7,42,0.99,1),(67,8,2231,0.99,1),(68,8,2509,0.99,1),(69,8,81,0.99,1),(70,8,1758,0.99,1),(71,8,1455,0.99,1),(72,8,2946,0.99,1),(73,8,574,0.99,1),(74,8,1752,0.99,1),(75,8,2263,0.99,1),(76,8,1560,0.99,1),(77,9,206,0.99,1),(78,9,3456,0.99,1),(79,9,1041,0.99,1),(80,9,1279,0.99,1),(81,9,2098,0.99,1),(82,9,3399,0.99,1),(83,9,1983,0.99,1),(84,9,993,0.99,1),(85,9,196,0.99,1),(86,10,2663,0.99,1),(87,10,3290,0.99,1),(88,11,2597,0.99,1),(89,11,2203,0.99,1),(90,11,2420,0.99,1),(91,11,2643,0.99,1),(92,11,3072,0.99,1),(93,11,1138,0.99,1),(94,11,2391,0.99,1),(95,11,2257,0.99,1),(96,11,610,0.99,1),(97,11,1419,0.99,1),(98,11,3452,0.99,1),(99,12,1463,0.99,1),(100,12,690,0.99,1),(101,12,2663,0.99,1),(102,12,92,0.99,1),(103,13,2553,0.99,1),(104,14,541,0.99,1),(105,15,3050,0.99,1),(106,15,1489,0.99,1),(107,15,807,0.99,1),(108,15,3336,0.99,1),(109,16,2160,0.99,1),(110,16,875,0.99,1),(111,16,83,0.99,1),(112,16,16,0.99,1),(113,16,1756,0.99,1),(114,16,3460,0.99,1),(115,16,93,0.99,1),(116,16,24,0.99,1),(117,16,21,0.99,1),(118,17,2400,0.99,1),(119,17,1610,0.99,1),(120,17,1973,0.99,1),(121,17,2553,0.99,1),(122,17,59,0.99,1),(123,17,2270,0.99,1),(124,17,55,0.99,1),(125,17,2564,0.99,1),(126,17,2171,0.99,1),(127,17,2522,0.99,1),(128,17,1419,0.99,1),(129,18,1027,0.99,1),(130,18,3142,0.99,1),(131,18,1583,0.99,1),(132,18,1752,0.99,1),(133,18,2736,0.99,1),(134,19,105,0.99,1),(135,19,2669,0.99,1),(136,19,1784,0.99,1),(137,19,3460,0.99,1),(138,19,2640,0.99,1),(139,19,1310,0.99,1),(140,19,2510,0.99,1),(141,20,905,0.99,1),(142,20,102,0.99,1),(143,20,3336,0.99,1),(144,20,1132,0.99,1),(145,20,337,0.99,1),(146,20,60,0.99,1),(147,20,3357,0.99,1),(148,20,3225,0.99,1),(149,20,3297,0.99,1),(150,20,3297,0.99,1),(151,21,1461,0.99,1),(152,21,2556,0.99,1),(153,21,1434,0.99,1),(154,21,3135,0.99,1),(155,21,1473,0.99,1),(156,21,1502,0.99,1),(157,21,13,0.99,1),(158,21,2971,0.99,1),(159,21,2561,0.99,1),(160,22,1000,0.99,1),(161,22,383,0.99,1),(162,23,1,0.99,1),(163,23,6,0.99,1),(164,23,7,0.99,1),(165,23,8,0.99,1),(166,23,9,0.99,1),(167,23,10,0.99,1),(168,23,11,0.99,1),(169,23,12,0.99,1),(170,23,13,0.99,1),(171,23,14,0.99,1),(172,24,1146,0.99,1),(173,24,1147,0.99,1),(174,24,1148,0.99,1),(175,24,1149,0.99,1),(176,24,1150,0.99,1),(177,24,1151,0.99,1),(178,24,1152,0.99,1),(179,24,1153,0.99,1),(180,24,1154,0.99,1),(181,24,1155,0.99,1),(182,24,1156,0.99,1),(183,24,1157,0.99,1),(184,25,46,0.99,1),(185,25,948,0.99,1),(186,25,2185,0.99,1),(187,25,3049,0.99,1),(188,25,1167,0.99,1),(189,25,32,0.99,1),(190,25,1800,0.99,1),(191,25,1477,0.99,1),(192,26,2670,0.99,1),(193,26,85,0.99,1),(194,27,3439,0.99,1),(195,27,3014,0.99,1),(196,27,1280,0.99,1),(197,27,1496,0.99,1),(198,27,2229,0.99,1),(199,27,1445,0.99,1),(200,27,2230,0.99,1),(201,27,3105,0.99,1),(202,28,36,0.99,1),(203,28,3456,0.99,1),(204,28,932,0.99,1),(205,29,1025,0.99,1),(206,29,2462,0.99,1),(207,29,3341,0.99,1),(208,29,1626,0.99,1),(209,29,2395,0.99,1),(210,29,479,0.99,1),(211,30,919,0.99,1),(212,30,3461,0.99,1),(213,30,33,0.99,1),(214,30,2341,0.99,1),(215,30,1139,0.99,1),(216,30,3109,0.99,1),(217,30,2013,0.99,1),(218,30,990,0.99,1),(219,30,2413,0.99,1),(220,30,2396,0.99,1),(221,30,3464,0.99,1),(222,31,2731,0.99,1),(223,31,2732,0.99,1),(224,31,2733,0.99,1),(225,31,2734,0.99,1),(226,31,2735,0.99,1),(227,31,2736,0.99,1),(228,31,2737,0.99,1),(229,31,2738,0.99,1),(230,31,2739,0.99,1),(231,31,2740,0.99,1),(232,31,2741,0.99,1),(233,31,2742,0.99,1),(234,31,2743,0.99,1),(235,31,2744,0.99,1),(236,31,2745,0.99,1),(237,31,2746,0.99,1),(238,31,2747,0.99,1),(239,31,2748,0.99,1),(240,31,2749,0.99,1),(241,31,2750,0.99,1),(242,32,38,0.99,1),(243,32,39,0.99,1),(244,32,40,0.99,1),(245,32,41,0.99,1),(246,32,42,0.99,1),(247,32,43,0.99,1),(248,32,44,0.99,1),(249,32,45,0.99,1),(250,32,46,0.99,1),(251,32,47,0.99,1),(252,32,48,0.99,1),(253,32,49,0.99,1),(254,32,50,0.99,1),(255,33,3307,0.99,1),(256,33,2736,0.99,1),(257,33,2542,0.99,1),(258,33,2697,0.99,1),(259,34,610,0.99,1),(260,35,2377,0.99,1),(261,35,80,0.99,1),(262,35,836,0.99,1),(263,35,6,0.99,1),(264,35,3475,0.99,1),(265,36,1582,0.99,1),(266,36,968,0.99,1),(267,36,2233,0.99,1),(268,36,153,0.99,1),(269,36,1493,0.99,1),(270,36,2656,0.99,1),(271,36,1168,0.99,1),(272,37,3458,0.99,1),(273,37,1428,0.99,1),(274,37,3329,0.99,1),(275,37,698,0.99,1),(276,37,1014,0.99,1),(277,37,3336,0.99,1),(278,37,3297,0.99,1),(279,37,1166,0.99,1),(280,37,3392,0.99,1),(281,37,1763,0.99,1),(282,38,2960,0.99,1),(283,38,154,0.99,1),(284,38,3272,0.99,1),(285,38,2557,0.99,1),(286,38,1566,0.99,1),(287,38,1472,0.99,1),(288,38,3409,0.99,1),(289,39,2308,0.99,1),(290,39,1669,0.99,1),(291,39,2415,0.99,1),(292,39,3142,0.99,1),(293,39,3366,0.99,1),(294,39,184,0.99,1),(295,39,2519,0.99,1),(296,39,3424,0.99,1),(297,40,2382,0.99,1),(298,40,2654,0.99,1),(299,40,2556,0.99,1),(300,40,108,0.99,1),(301,40,553,0.99,1),(302,40,2737,0.99,1),(303,40,686,0.99,1),(304,40,1626,0.99,1),(305,40,3460,0.99,1),(306,40,2237,0.99,1),(307,41,153,0.99,1),(308,41,3457,0.99,1),(309,41,2511,0.99,1),(310,41,2698,0.99,1),(311,41,2945,0.99,1),(312,41,1947,0.99,1),(313,41,3336,0.99,1),(314,41,773,0.99,1),(315,42,2646,0.99,1),(316,42,3074,0.99,1),(317,42,711,0.99,1),(318,42,13,0.99,1),(319,42,1047,0.99,1),(320,42,699,0.99,1),(321,42,580,0.99,1),(322,42,897,0.99,1),(323,42,153,0.99,1),(324,43,918,0.99,1),(325,43,2342,0.99,1),(326,43,1162,0.99,1),(327,43,1654,0.99,1),(328,43,1768,0.99,1),(329,43,2641,0.99,1),(330,43,1997,0.99,1),(331,44,3052,0.99,1),(332,44,3053,0.99,1),(333,44,3054,0.99,1),(334,44,3055,0.99,1),(335,44,3056,0.99,1),(336,44,3057,0.99,1),(337,44,3058,0.99,1),(338,44,3059,0.99,1),(339,44,3060,0.99,1),(340,44,3061,0.99,1),(341,44,3062,0.99,1),(342,44,3063,0.99,1),(343,45,1890,0.99,1),(344,45,1787,0.99,1),(345,45,2731,0.99,1),(346,45,2649,0.99,1),(347,45,102,0.99,1),(348,45,158,0.99,1),(349,45,1976,0.99,1),(350,45,1837,0.99,1),(351,46,2639,0.99,1),(352,46,2640,0.99,1),(353,46,2641,0.99,1),(354,46,2642,0.99,1),(355,46,2643,0.99,1),(356,46,2644,0.99,1),(357,46,2645,0.99,1),(358,46,2646,0.99,1),(359,46,2647,0.99,1),(360,46,2648,0.99,1),(361,46,2649,0.99,1),(362,47,3396,0.99,1),(363,47,2518,0.99,1),(364,47,2095,0.99,1),(365,47,449,0.99,1),(366,47,478,0.99,1),(367,47,8,0.99,1),(368,48,2210,0.99,1),(369,48,427,0.99,1),(370,48,1167,0.99,1),(371,48,58,0.99,1),(372,49,2561,0.99,1),(373,49,1877,0.99,1),(374,49,146,0.99,1),(375,49,1162,0.99,1),(376,49,146,0.99,1),(377,50,1905,0.99,1),(378,50,2155,0.99,1),(379,50,3388,0.99,1),(380,50,2455,0.99,1),(381,50,1794,0.99,1),(382,50,1511,0.99,1),(383,50,3455,0.99,1),(384,51,2265,0.99,1),(385,51,2171,0.99,1),(386,51,692,0.99,1),(387,51,3046,0.99,1),(388,51,1184,0.99,1),(389,51,126,0.99,1),(390,51,475,0.99,1),(391,51,34,0.99,1),(392,52,2664,0.99,1),(393,52,2665,0.99,1),(394,52,2666,0.99,1),(395,52,2667,0.99,1),(396,52,2668,0.99,1),(397,52,2669,0.99,1),(398,52,2670,0.99,1),(399,52,2671,0.99,1),(400,52,2672,0.99,1),(401,52,2673,0.99,1),(402,52,2674,0.99,1),(403,52,2675,0.99,1),(404,53,1551,0.99,1),(405,53,207,0.99,1),(406,53,1846,0.99,1),(407,54,1773,0.99,1),(408,54,1774,0.99,1),(409,54,1775,0.99,1),(410,54,1776,0.99,1),(411,54,1777,0.99,1),(412,54,1778,0.99,1),(413,54,1779,0.99,1),(414,54,1780,0.99,1),(415,54,1781,0.99,1),(416,54,1782,0.99,1),(417,54,1783,0.99,1),(418,54,1784,0.99,1),(419,54,1785,0.99,1),(420,54,1786,0.99,1),(421,54,1787,0.99,1),(422,54,1788,0.99,1),(423,54,1789,0.99,1),(424,54,1790,0.99,1),(425,55,1552,0.99,1),(426,55,2672,0.99,1),(427,55,2006,0.99,1),(428,55,2453,0.99,1),(429,55,548,0.99,1),(430,55,349,0.99,1),(431,55,2552,0.99,1),(432,55,2675,0.99,1),(433,55,155,0.99,1),(434,55,481,0.99,1),(435,56,2254,0.99,1),(436,56,2255,0.99,1),(437,56,2256,0.99,1),(438,56,2257,0.99,1),(439,56,2258,0.99,1),(440,56,2259,0.99,1),(441,56,2260,0.99,1),(442,56,2261,0.99,1),(443,56,2262,0.99,1),(444,56,2263,0.99,1),(445,56,2264,0.99,1),(446,56,2265,0.99,1),(447,56,2266,0.99,1),(448,56,2267,0.99,1),(449,56,2268,0.99,1),(450,56,2269,0.99,1),(451,56,2270,0.99,1),(452,57,2948,0.99,1),(453,58,1029,0.99,1),(454,58,2644,0.99,1),(455,58,2395,0.99,1),(456,58,2669,0.99,1),(457,58,2630,0.99,1),(458,58,1745,0.99,1),(459,59,449,0.99,1),(460,59,3491,0.99,1),(461,59,1053,0.99,1),(462,59,2640,0.99,1),(463,59,2563,0.99,1),(464,59,2731,0.99,1),(465,59,1123,0.99,1),(466,59,198,0.99,1),(467,59,3336,0.99,1),(468,59,1463,0.99,1),(469,59,3390,0.99,1),(470,60,479,0.99,1),(471,60,1875,0.99,1),(472,60,544,0.99,1),(473,60,1030,0.99,1),(474,60,2416,0.99,1),(475,60,1167,0.99,1),(476,60,1826,0.99,1),(477,60,46,0.99,1),(478,61,2609,0.99,1),(479,61,2610,0.99,1),(480,61,2611,0.99,1),(481,61,2612,0.99,1),(482,61,2613,0.99,1),(483,61,2614,0.99,1),(484,61,2615,0.99,1),(485,61,2616,0.99,1),(486,61,2617,0.99,1),(487,61,2618,0.99,1),(488,61,2619,0.99,1),(489,61,2620,0.99,1),(490,62,2989,0.99,1),(491,62,97,0.99,1),(492,62,2680,0.99,1),(493,63,444,0.99,1),(494,63,3470,0.99,1),(495,63,3376,0.99,1),(496,63,1994,0.99,1),(497,63,6,0.99,1),(498,63,8,0.99,1),(499,64,38,0.99,1),(500,64,39,0.99,1),(501,64,40,0.99,1),(502,64,41,0.99,1),(503,64,42,0.99,1),(504,64,43,0.99,1),(505,64,44,0.99,1),(506,64,45,0.99,1),(507,64,46,0.99,1),(508,64,47,0.99,1),(509,64,48,0.99,1),(510,64,49,0.99,1),(511,64,50,0.99,1),(512,65,1139,0.99,1),(513,65,539,0.99,1),(514,66,1435,0.99,1),(515,66,1761,0.99,1),(516,66,3377,0.99,1),(517,66,1785,0.99,1),(518,66,442,0.99,1),(519,66,1951,0.99,1),(520,66,2334,0.99,1),(521,67,2401,0.99,1),(522,67,2287,0.99,1),(523,67,84,0.99,1),(524,67,3099,0.99,1),(525,67,3468,0.99,1),(526,67,2413,0.99,1),(527,67,2164,0.99,1),(528,67,3478,0.99,1),(529,67,787,0.99,1),(530,67,9,0.99,1),(531,67,861,0.99,1),(532,68,2575,0.99,1),(533,68,1669,0.99,1),(534,68,2265,0.99,1),(535,68,61,0.99,1),(536,68,751,0.99,1),(537,68,3353,0.99,1),(538,68,2008,0.99,1),(539,68,1903,0.99,1),(540,68,910,0.99,1),(541,68,2236,0.99,1),(542,68,1990,0.99,1),(543,69,85,0.99,1),(544,69,86,0.99,1),(545,69,87,0.99,1),(546,69,88,0.99,1),(547,69,89,0.99,1),(548,69,90,0.99,1),(549,69,91,0.99,1),(550,69,92,0.99,1),(551,69,93,0.99,1),(552,69,94,0.99,1),(553,69,95,0.99,1),(554,69,96,0.99,1),(555,69,97,0.99,1),(556,69,98,0.99,1),(557,70,2307,0.99,1),(558,71,2254,0.99,1),(559,71,2255,0.99,1),(560,71,2256,0.99,1),(561,71,2257,0.99,1),(562,71,2258,0.99,1),(563,71,2259,0.99,1),(564,71,2260,0.99,1),(565,71,2261,0.99,1),(566,71,2262,0.99,1),(567,71,2263,0.99,1),(568,71,2264,0.99,1),(569,71,2265,0.99,1),(570,71,2266,0.99,1),(571,71,2267,0.99,1),(572,71,2268,0.99,1),(573,71,2269,0.99,1),(574,71,2270,0.99,1),(575,72,30,0.99,1),(576,72,2564,0.99,1),(577,72,1658,0.99,1),(578,73,2391,0.99,1),(579,73,2392,0.99,1),(580,73,2393,0.99,1),(581,73,2394,0.99,1),(582,73,2395,0.99,1),(583,73,2396,0.99,1),(584,73,2397,0.99,1),(585,73,2398,0.99,1),(586,73,2399,0.99,1),(587,73,2400,0.99,1),(588,73,2401,0.99,1),(589,73,2402,0.99,1),(590,73,2403,0.99,1),(591,73,2404,0.99,1),(592,73,2405,0.99,1),(593,74,1743,0.99,1),(594,74,3081,0.99,1),(595,75,22,0.99,1),(596,75,1488,0.99,1),(597,75,1977,0.99,1),(598,75,1233,0.99,1),(599,76,1020,0.99,1),(600,76,1021,0.99,1),(601,76,1022,0.99,1),(602,76,1023,0.99,1),(603,76,1024,0.99,1),(604,76,1025,0.99,1),(605,76,1026,0.99,1),(606,76,1027,0.99,1),(607,76,1028,0.99,1),(608,76,1029,0.99,1),(609,76,1030,0.99,1),(610,76,1031,0.99,1),(611,76,1032,0.99,1),(612,77,15,0.99,1),(613,77,17,0.99,1),(614,77,18,0.99,1),(615,77,19,0.99,1),(616,77,20,0.99,1),(617,77,22,0.99,1),(618,78,2592,0.99,1),(619,78,1052,0.99,1),(620,78,33,0.99,1),(621,78,3336,0.99,1),(622,78,1215,0.99,1),(623,78,3370,0.99,1),(624,78,2553,0.99,1),(625,78,1126,0.99,1),(626,78,3006,0.99,1),(627,79,1902,0.99,1),(628,79,1903,0.99,1),(629,79,1904,0.99,1),(630,79,1905,0.99,1),(631,79,1906,0.99,1),(632,79,1907,0.99,1),(633,79,1908,0.99,1),(634,79,1909,0.99,1),(635,79,1910,0.99,1),(636,79,1911,0.99,1),(637,79,1912,0.99,1),(638,79,1913,0.99,1),(639,79,1914,0.99,1),(640,79,1915,0.99,1),(641,80,3400,0.99,1),(642,81,1314,0.99,1),(643,81,839,0.99,1),(644,81,545,0.99,1),(645,81,2554,0.99,1),(646,81,904,0.99,1),(647,81,3079,0.99,1),(648,82,3291,0.99,1),(649,82,1348,0.99,1),(650,82,2417,0.99,1),(651,82,2120,0.99,1),(652,82,1332,0.99,1),(653,82,2704,0.99,1),(654,82,54,0.99,1),(655,83,1163,0.99,1),(656,83,1996,0.99,1),(657,83,2750,0.99,1),(658,83,2998,0.99,1),(659,84,3455,0.99,1),(660,84,3456,0.99,1),(661,84,3457,0.99,1),(662,84,3458,0.99,1),(663,84,3459,0.99,1),(664,84,3460,0.99,1),(665,84,3461,0.99,1),(666,84,3462,0.99,1),(667,84,3463,0.99,1),(668,84,3464,0.99,1),(669,84,3465,0.99,1),(670,84,3466,0.99,1),(671,85,2555,0.99,1),(672,85,1298,0.99,1),(673,85,2740,0.99,1),(674,85,2561,0.99,1),(675,85,1972,0.99,1),(676,86,2291,0.99,1),(677,87,1600,0.99,1),(678,87,2226,0.99,1),(679,87,1503,0.99,1),(680,87,3292,0.99,1),(681,87,2593,0.99,1),(682,87,1129,0.99,1),(683,87,3349,0.99,1),(684,87,3439,0.99,1),(685,88,2679,0.99,1),(686,88,2698,0.99,1),(687,88,2386,0.99,1),(688,88,1995,0.99,1),(689,88,2597,0.99,1),(690,89,1784,0.99,1),(691,89,1900,0.99,1),(692,90,2554,0.99,1),(693,90,2555,0.99,1),(694,90,2556,0.99,1),(695,90,2557,0.99,1),(696,90,2558,0.99,1),(697,90,2559,0.99,1),(698,90,2560,0.99,1),(699,90,2561,0.99,1),(700,90,2562,0.99,1),(701,90,2563,0.99,1),(702,90,2564,0.99,1),(703,91,1209,0.99,1),(704,91,130,0.99,1),(705,91,94,0.99,1),(706,91,2367,0.99,1),(707,91,2599,0.99,1),(708,91,1948,0.99,1),(709,91,1488,0.99,1),(710,91,2654,0.99,1),(711,91,3424,0.99,1),(712,91,481,0.99,1),(713,91,1817,0.99,1),(714,92,1414,0.99,1),(715,92,1415,0.99,1),(716,92,1416,0.99,1),(717,92,1417,0.99,1),(718,92,1418,0.99,1),(719,92,1419,0.99,1),(720,92,1420,0.99,1),(721,92,1421,0.99,1),(722,92,1422,0.99,1),(723,92,1423,0.99,1),(724,92,1424,0.99,1),(725,92,1425,0.99,1),(726,92,1426,0.99,1),(727,92,1427,0.99,1),(728,92,1428,0.99,1),(729,92,1429,0.99,1),(730,92,1430,0.99,1),(731,92,1431,0.99,1),(732,92,1432,0.99,1),(733,92,1433,0.99,1),(734,93,1490,0.99,1),(735,93,778,0.99,1),(736,93,1787,0.99,1),(737,93,1121,0.99,1),(738,93,2639,0.99,1),(739,93,2261,0.99,1),(740,93,20,0.99,1),(741,93,3041,0.99,1),(742,93,1798,0.99,1),(743,93,1023,0.99,1),(744,94,50,0.99,1),(745,94,1173,0.99,1),(746,94,2657,0.99,1),(747,94,1064,0.99,1),(748,94,3359,0.99,1),(749,94,1677,0.99,1),(750,94,1351,0.99,1),(751,94,2595,0.99,1),(752,95,3299,0.99,1),(753,95,2550,0.99,1),(754,95,1278,0.99,1),(755,95,473,0.99,1),(756,95,1001,0.99,1),(757,95,110,0.99,1),(758,95,54,0.99,1),(759,95,27,0.99,1),(760,95,681,0.99,1),(761,95,3078,0.99,1),(762,95,2339,0.99,1),(763,96,1129,0.99,1),(764,96,2227,0.99,1),(765,96,1000,0.99,1),(766,96,3438,0.99,1),(767,96,2189,0.99,1),(768,96,453,0.99,1),(769,97,1784,0.99,1),(770,97,3336,0.99,1),(771,97,3104,0.99,1),(772,97,16,0.99,1),(773,97,2544,0.99,1),(774,97,454,0.99,1),(775,98,1995,0.99,1),(776,98,2624,0.99,1),(777,98,690,0.99,1),(778,98,419,0.99,1),(779,98,1852,0.99,1),(780,98,609,0.99,1),(781,98,2426,0.99,1),(782,98,1904,0.99,1),(783,98,2645,0.99,1),(784,98,2255,0.99,1),(785,99,2591,0.99,1),(786,99,2592,0.99,1),(787,99,2593,0.99,1),(788,99,2594,0.99,1),(789,99,2595,0.99,1),(790,99,2596,0.99,1),(791,99,2597,0.99,1),(792,99,2598,0.99,1),(793,99,2599,0.99,1),(794,99,2600,0.99,1),(795,99,2601,0.99,1),(796,99,2602,0.99,1),(797,99,2603,0.99,1),(798,99,2604,0.99,1),(799,99,2605,0.99,1),(800,99,2606,0.99,1),(801,99,2607,0.99,1),(802,99,2608,0.99,1),(803,100,996,0.99,1),(804,100,2560,0.99,1),(805,100,2006,0.99,1),(806,100,2648,0.99,1),(807,100,1181,0.99,1),(808,100,1493,0.99,1),(809,101,3356,0.99,1),(810,101,83,0.99,1),(811,101,2519,0.99,1),(812,101,2269,0.99,1),(813,102,3472,0.99,1),(814,102,1486,0.99,1),(815,102,1372,0.99,1),(816,102,33,0.99,1),(817,102,1992,0.99,1),(818,102,421,0.99,1),(819,102,1469,0.99,1),(820,102,1197,0.99,1),(821,102,1218,0.99,1),(822,102,2549,0.99,1),(823,103,2234,0.99,1),(824,103,2007,0.99,1),(825,103,2275,0.99,1),(826,103,2419,0.99,1),(827,103,1029,0.99,1),(828,103,3336,0.99,1),(829,104,3097,0.99,1),(830,104,1508,0.99,1),(831,105,751,0.99,1),(832,105,3355,0.99,1),(833,105,2385,0.99,1),(834,105,2187,0.99,1),(835,105,2748,0.99,1),(836,105,1793,0.99,1),(837,105,2381,0.99,1),(838,105,1387,0.99,1),(839,106,2,0.99,1),(840,106,1485,0.99,1),(841,106,2186,0.99,1),(842,106,1592,0.99,1),(843,106,3476,0.99,1),(844,106,2445,0.99,1),(845,106,1814,0.99,1),(846,106,488,0.99,1),(847,107,1179,0.99,1),(848,107,2011,0.99,1),(849,107,700,0.99,1),(850,107,1984,0.99,1),(851,107,1819,0.99,1),(852,107,1799,0.99,1),(853,107,24,0.99,1),(854,107,3288,0.99,1),(855,107,1,0.99,1),(856,107,2419,0.99,1),(857,107,1132,0.99,1),(858,108,102,0.99,1),(859,108,58,0.99,1),(860,108,158,0.99,1),(861,108,1214,0.99,1),(862,108,2737,0.99,1),(863,109,486,0.99,1),(864,109,1055,0.99,1),(865,109,1796,0.99,1),(866,109,1195,0.99,1),(867,109,2445,0.99,1),(868,109,709,0.99,1),(869,109,681,0.99,1),(870,109,3293,0.99,1),(871,109,425,0.99,1),(872,109,340,0.99,1),(873,109,2381,0.99,1),(874,110,444,0.99,1),(875,110,2596,0.99,1),(876,110,81,0.99,1),(877,110,3378,0.99,1),(878,110,3105,0.99,1),(879,110,2234,0.99,1),(880,111,3484,0.99,1),(881,111,2429,0.99,1),(882,111,597,0.99,1),(883,111,1139,0.99,1),(884,111,48,0.99,1),(885,112,1479,0.99,1),(886,112,1480,0.99,1),(887,112,1481,0.99,1),(888,112,1482,0.99,1),(889,112,1483,0.99,1),(890,112,1484,0.99,1),(891,112,1485,0.99,1),(892,112,1486,0.99,1),(893,112,1487,0.99,1),(894,112,1488,0.99,1),(895,112,1489,0.99,1),(896,112,1490,0.99,1),(897,112,1491,0.99,1),(898,112,1492,0.99,1),(899,112,1493,0.99,1),(900,112,1494,0.99,1),(901,112,1495,0.99,1),(902,113,2762,0.99,1),(903,113,2383,0.99,1),(904,113,2662,0.99,1),(905,113,2693,0.99,1),(906,113,1657,0.99,1),(907,113,577,0.99,1),(908,113,1034,0.99,1),(909,113,134,0.99,1),(910,113,1473,0.99,1),(911,113,3087,0.99,1),(912,114,1479,0.99,1),(913,114,1480,0.99,1),(914,114,1481,0.99,1),(915,114,1482,0.99,1),(916,114,1483,0.99,1),(917,114,1484,0.99,1),(918,114,1485,0.99,1),(919,114,1486,0.99,1),(920,114,1487,0.99,1),(921,114,1488,0.99,1),(922,114,1489,0.99,1),(923,114,1490,0.99,1),(924,114,1491,0.99,1),(925,114,1492,0.99,1),(926,114,1493,0.99,1),(927,114,1494,0.99,1),(928,114,1495,0.99,1),(929,115,298,0.99,1),(930,115,2269,0.99,1),(931,115,2610,0.99,1),(932,115,1188,0.99,1),(933,115,3370,0.99,1),(934,115,2990,0.99,1),(935,115,2684,0.99,1),(936,115,1224,0.99,1),(937,115,84,0.99,1),(938,116,571,0.99,1),(939,116,2739,0.99,1),(940,116,1568,0.99,1),(941,116,2975,0.99,1),(942,116,1887,0.99,1),(943,116,3092,0.99,1),(944,116,35,0.99,1),(945,116,66,0.99,1),(946,116,1180,0.99,1),(947,116,21,0.99,1),(948,116,2254,0.99,1),(949,117,4,0.99,1),(950,117,3316,0.99,1),(951,117,2558,0.99,1),(952,117,2591,0.99,1),(953,117,1880,0.99,1),(954,117,831,0.99,1),(955,117,1482,0.99,1),(956,117,2174,0.99,1),(957,117,3305,0.99,1),(958,117,3365,0.99,1),(959,117,614,0.99,1),(960,118,3111,0.99,1),(961,119,1556,0.99,1),(962,119,2508,0.99,1),(963,120,17,0.99,1),(964,120,1126,0.99,1),(965,120,2749,0.99,1),(966,120,2596,0.99,1),(967,120,2738,0.99,1),(968,120,2350,0.99,1),(969,121,2656,0.99,1),(970,121,2549,0.99,1),(971,121,1829,0.99,1),(972,121,44,0.99,1),(973,121,40,0.99,1),(974,121,2674,0.99,1),(975,121,3452,0.99,1),(976,121,344,0.99,1),(977,121,32,0.99,1),(978,122,2014,0.99,1),(979,122,28,0.99,1),(980,122,42,0.99,1),(981,122,839,0.99,1),(982,122,1195,0.99,1),(983,123,2003,0.99,1),(984,123,2004,0.99,1),(985,123,2005,0.99,1),(986,123,2006,0.99,1),(987,123,2007,0.99,1),(988,123,2008,0.99,1),(989,123,2009,0.99,1),(990,123,2010,0.99,1),(991,123,2011,0.99,1),(992,123,2012,0.99,1),(993,123,2013,0.99,1),(994,123,2014,0.99,1),(995,124,3100,0.99,1),(996,124,3323,0.99,1),(997,124,2328,0.99,1),(998,124,470,0.99,1),(999,124,1017,0.99,1),(1000,124,1816,0.99,1),(1001,125,45,0.99,1),(1002,125,1851,0.99,1),(1003,125,233,0.99,1),(1004,125,2396,0.99,1),(1005,125,459,0.99,1),(1006,125,2389,0.99,1),(1007,125,1823,0.99,1),(1008,125,151,0.99,1),(1009,125,198,0.99,1),(1010,125,3358,0.99,1),(1011,126,2157,0.99,1),(1012,126,2380,0.99,1),(1013,126,42,0.99,1),(1014,126,2510,0.99,1),(1015,127,3135,0.99,1),(1016,127,2,0.99,1),(1017,127,1127,0.99,1),(1018,127,3378,0.99,1),(1019,127,3465,0.99,1),(1020,127,2329,0.99,1),(1021,127,2564,0.99,1),(1022,127,3077,0.99,1),(1023,127,3367,0.99,1),(1024,127,1834,0.99,1),(1025,127,1492,0.99,1),(1026,128,3283,0.99,1),(1027,128,3025,0.99,1),(1028,128,2686,0.99,1),(1029,128,2348,0.99,1),(1030,128,3026,0.99,1),(1031,128,2560,0.99,1),(1032,128,836,0.99,1),(1033,129,2351,0.99,1),(1034,129,837,0.99,1),(1035,129,826,0.99,1),(1036,129,2555,0.99,1),(1037,129,1880,0.99,1),(1038,129,778,0.99,1),(1039,129,12,0.99,1),(1040,129,1017,0.99,1),(1041,129,1641,0.99,1),(1042,129,91,0.99,1),(1043,129,1580,0.99,1),(1044,130,2660,0.99,1),(1045,130,1573,0.99,1),(1046,130,2519,0.99,1),(1047,130,2160,0.99,1),(1048,131,1754,0.99,1),(1049,131,920,0.99,1),(1050,131,1655,0.99,1),(1051,132,2234,0.99,1),(1052,132,2736,0.99,1),(1053,133,3050,0.99,1),(1054,133,1617,0.99,1),(1055,133,37,0.99,1),(1056,133,1485,0.99,1),(1057,133,1785,0.99,1),(1058,133,1996,0.99,1),(1059,133,2686,0.99,1),(1060,133,1044,0.99,1),(1061,133,53,0.99,1),(1062,133,410,0.99,1),(1063,134,3380,0.99,1),(1064,134,2162,0.99,1),(1065,134,439,0.99,1),(1066,134,204,0.99,1),(1067,134,1809,0.99,1),(1068,134,441,0.99,1),(1069,134,3495,0.99,1),(1070,134,226,0.99,1),(1071,135,2959,0.99,1),(1072,135,2518,0.99,1),(1073,135,1221,0.99,1),(1074,136,2241,0.99,1),(1075,136,1157,0.99,1),(1076,136,1559,0.99,1),(1077,136,1166,0.99,1),(1078,137,3336,0.99,1),(1079,137,43,0.99,1),(1080,138,2271,0.99,1),(1081,138,2272,0.99,1),(1082,138,2273,0.99,1),(1083,138,2274,0.99,1),(1084,138,2275,0.99,1),(1085,138,2276,0.99,1),(1086,138,2277,0.99,1),(1087,138,2278,0.99,1),(1088,138,2279,0.99,1),(1089,138,2280,0.99,1),(1090,138,2281,0.99,1),(1091,139,1814,0.99,1),(1092,139,2746,0.99,1),(1093,139,781,0.99,1),(1094,139,1138,0.99,1),(1095,139,2642,0.99,1),(1096,140,1002,0.99,1),(1097,140,819,0.99,1),(1098,140,2551,0.99,1),(1099,140,1155,0.99,1),(1100,140,705,0.99,1),(1101,140,2150,0.99,1),(1102,140,468,0.99,1),(1103,140,1356,0.99,1),(1104,141,2621,0.99,1),(1105,141,2622,0.99,1),(1106,141,2623,0.99,1),(1107,141,2624,0.99,1),(1108,141,2625,0.99,1),(1109,141,2626,0.99,1),(1110,141,2627,0.99,1),(1111,141,2628,0.99,1),(1112,141,2629,0.99,1),(1113,141,2630,0.99,1),(1114,141,2631,0.99,1),(1115,141,2632,0.99,1),(1116,141,2633,0.99,1),(1117,141,2634,0.99,1),(1118,141,2635,0.99,1),(1119,141,2636,0.99,1),(1120,141,2637,0.99,1),(1121,141,2638,0.99,1),(1122,142,23,0.99,1),(1123,142,24,0.99,1),(1124,142,25,0.99,1),(1125,142,26,0.99,1),(1126,142,27,0.99,1),(1127,142,28,0.99,1),(1128,142,29,0.99,1),(1129,142,30,0.99,1),(1130,142,31,0.99,1),(1131,142,32,0.99,1),(1132,142,33,0.99,1),(1133,142,34,0.99,1),(1134,142,35,0.99,1),(1135,142,36,0.99,1),(1136,142,37,0.99,1),(1137,143,915,0.99,1),(1138,143,600,0.99,1),(1139,143,479,0.99,1),(1140,143,933,0.99,1),(1141,143,2601,0.99,1),(1142,144,2590,0.99,1),(1143,144,3291,0.99,1),(1144,144,158,0.99,1),(1145,145,2378,0.99,1),(1146,145,2383,0.99,1),(1147,145,2519,0.99,1),(1148,145,1422,0.99,1),(1149,145,3255,0.99,1),(1150,146,1466,0.99,1),(1151,146,1467,0.99,1),(1152,146,1468,0.99,1),(1153,146,1469,0.99,1),(1154,146,1470,0.99,1),(1155,146,1471,0.99,1),(1156,146,1472,0.99,1),(1157,146,1473,0.99,1),(1158,146,1474,0.99,1),(1159,146,1475,0.99,1),(1160,146,1476,0.99,1),(1161,146,1477,0.99,1),(1162,146,1478,0.99,1),(1163,147,56,0.99,1),(1164,147,3078,0.99,1),(1165,147,2361,0.99,1),(1166,147,1487,0.99,1),(1167,147,2544,0.99,1),(1168,148,1637,0.99,1),(1169,148,1945,0.99,1),(1170,148,53,0.99,1),(1171,148,1493,0.99,1),(1172,148,24,0.99,1),(1173,148,1990,0.99,1),(1174,148,1145,0.99,1),(1175,148,2110,0.99,1),(1176,148,3455,0.99,1),(1177,149,1026,0.99,1),(1178,149,841,0.99,1),(1179,149,28,0.99,1),(1180,149,1166,0.99,1),(1181,149,1969,0.99,1),(1182,149,163,0.99,1),(1183,149,2660,0.99,1),(1184,149,1296,0.99,1),(1185,149,1153,0.99,1),(1186,150,1181,0.99,1),(1187,150,3395,0.99,1),(1188,150,1021,0.99,1),(1189,151,3468,0.99,1),(1190,151,605,0.99,1),(1191,151,1796,0.99,1),(1192,152,2731,0.99,1),(1193,152,2234,0.99,1),(1194,152,1030,0.99,1),(1195,152,1890,0.99,1),(1196,152,2556,0.99,1),(1197,152,1462,0.99,1),(1198,153,2406,0.99,1),(1199,153,2407,0.99,1),(1200,153,2408,0.99,1),(1201,153,2409,0.99,1),(1202,153,2410,0.99,1),(1203,153,2411,0.99,1),(1204,153,2412,0.99,1),(1205,153,2413,0.99,1),(1206,153,2414,0.99,1),(1207,153,2415,0.99,1),(1208,153,2416,0.99,1),(1209,153,2417,0.99,1),(1210,153,2418,0.99,1),(1211,153,2419,0.99,1),(1212,154,2684,0.99,1),(1213,154,3314,0.99,1),(1214,154,2649,0.99,1),(1215,155,436,0.99,1),(1216,155,1122,0.99,1),(1217,155,1953,0.99,1),(1218,155,2325,0.99,1),(1219,155,594,0.99,1),(1220,155,1183,0.99,1),(1221,155,94,0.99,1),(1222,155,2365,0.99,1),(1223,155,1546,0.99,1),(1224,156,1882,0.99,1),(1225,156,1883,0.99,1),(1226,156,1884,0.99,1),(1227,156,1885,0.99,1),(1228,156,1886,0.99,1),(1229,156,1887,0.99,1),(1230,156,1888,0.99,1),(1231,156,1889,0.99,1),(1232,156,1890,0.99,1),(1233,156,1891,0.99,1),(1234,156,1892,0.99,1),(1235,157,3336,0.99,1),(1236,158,3108,0.99,1),(1237,158,3000,0.99,1),(1238,158,1050,0.99,1),(1239,158,1478,0.99,1),(1240,158,1136,0.99,1),(1241,158,1175,0.99,1),(1242,159,2450,0.99,1),(1243,159,3139,0.99,1),(1244,159,2548,0.99,1),(1245,159,153,0.99,1),(1246,159,2383,0.99,1),(1247,159,3055,0.99,1),(1248,160,1052,0.99,1),(1249,160,3461,0.99,1),(1250,160,3468,0.99,1),(1251,160,1004,0.99,1),(1252,160,1324,0.99,1),(1253,160,36,0.99,1),(1254,160,1879,0.99,1),(1255,160,470,0.99,1),(1256,160,2419,0.99,1),(1257,161,1415,0.99,1),(1258,161,2598,0.99,1),(1259,161,55,0.99,1),(1260,161,1826,0.99,1),(1261,161,2583,0.99,1),(1262,161,1568,0.99,1),(1263,161,2111,0.99,1),(1264,161,3465,0.99,1),(1265,162,2207,0.99,1),(1266,162,2517,0.99,1),(1267,162,2602,0.99,1),(1268,162,2641,0.99,1),(1269,162,1042,0.99,1),(1270,162,1951,0.99,1),(1271,162,2235,0.99,1),(1272,162,899,0.99,1),(1273,162,3301,0.99,1),(1274,163,2556,0.99,1),(1275,163,2285,0.99,1),(1276,163,3102,0.99,1),(1277,163,2204,0.99,1),(1278,163,2012,0.99,1),(1279,163,1211,0.99,1),(1280,163,768,0.99,1),(1281,163,1009,0.99,1),(1282,163,2653,0.99,1),(1283,164,3116,0.99,1),(1284,164,1490,0.99,1),(1285,164,913,0.99,1),(1286,164,3336,0.99,1),(1287,165,76,0.99,1),(1288,165,59,0.99,1),(1289,165,2743,0.99,1),(1290,165,2230,0.99,1),(1291,165,2240,0.99,1),(1292,165,1163,0.99,1),(1293,165,2217,0.99,1),(1294,165,1143,0.99,1),(1295,166,2662,0.99,1),(1296,166,3290,0.99,1),(1297,166,2013,0.99,1),(1298,166,3467,0.99,1),(1299,166,1686,0.99,1),(1300,166,1473,0.99,1),(1301,166,56,0.99,1),(1302,166,3115,0.99,1),(1303,166,3019,0.99,1),(1304,166,2644,0.99,1),(1305,167,1614,0.99,1),(1306,167,1144,0.99,1),(1307,167,484,0.99,1),(1308,167,1522,0.99,1),(1309,167,1641,0.99,1),(1310,167,1951,0.99,1),(1311,168,592,0.99,1),(1312,168,3467,0.99,1),(1313,168,2554,0.99,1),(1314,168,1823,0.99,1),(1315,168,58,0.99,1),(1316,168,3357,0.99,1),(1317,169,2291,0.99,1),(1318,169,1039,0.99,1),(1319,169,18,0.99,1),(1320,169,1989,0.99,1),(1321,169,2651,0.99,1),(1322,169,2214,0.99,1),(1323,169,2810,0.99,1),(1324,169,2187,0.99,1),(1325,169,3460,0.99,1),(1326,170,3373,0.99,1),(1327,170,2677,0.99,1),(1328,170,2216,0.99,1),(1329,170,2561,0.99,1),(1330,170,2650,0.99,1),(1331,170,1458,0.99,1),(1332,170,1044,0.99,1),(1333,170,2563,0.99,1),(1334,170,157,0.99,1),(1335,170,2268,0.99,1),(1336,171,1466,0.99,1),(1337,171,1467,0.99,1),(1338,171,1468,0.99,1),(1339,171,1469,0.99,1),(1340,171,1470,0.99,1),(1341,171,1471,0.99,1),(1342,171,1472,0.99,1),(1343,171,1473,0.99,1),(1344,171,1474,0.99,1),(1345,171,1475,0.99,1),(1346,171,1476,0.99,1),(1347,171,1477,0.99,1),(1348,171,1478,0.99,1),(1349,172,1619,0.99,1),(1350,172,3061,0.99,1),(1351,172,2291,0.99,1),(1352,172,3040,0.99,1),(1353,172,2687,0.99,1),(1354,172,1185,0.99,1),(1355,172,1699,0.99,1),(1356,172,2799,0.99,1),(1357,173,2285,0.99,1),(1358,173,2286,0.99,1),(1359,173,2287,0.99,1),(1360,173,2288,0.99,1),(1361,173,2289,0.99,1),(1362,173,2290,0.99,1),(1363,173,2291,0.99,1),(1364,173,2292,0.99,1),(1365,173,2293,0.99,1),(1366,173,2294,0.99,1),(1367,173,2295,0.99,1),(1368,174,3002,0.99,1),(1369,174,1994,0.99,1),(1370,174,2413,0.99,1),(1371,174,2693,0.99,1),(1372,174,422,0.99,1),(1373,174,920,0.99,1),(1374,174,452,0.99,1),(1375,175,1755,0.99,1),(1376,175,1756,0.99,1),(1377,175,1757,0.99,1),(1378,175,1758,0.99,1),(1379,175,1759,0.99,1),(1380,175,1760,0.99,1),(1381,175,1761,0.99,1),(1382,175,1762,0.99,1),(1383,175,1763,0.99,1),(1384,175,1764,0.99,1),(1385,175,1765,0.99,1),(1386,175,1766,0.99,1),(1387,175,1767,0.99,1),(1388,175,1768,0.99,1),(1389,175,1769,0.99,1),(1390,175,1770,0.99,1),(1391,175,1771,0.99,1),(1392,175,1772,0.99,1),(1393,176,3336,0.99,1),(1394,176,2279,0.99,1),(1395,176,2658,0.99,1),(1396,176,2642,0.99,1),(1397,176,1174,0.99,1),(1398,176,2383,0.99,1),(1399,176,1114,0.99,1),(1400,177,1039,0.99,1),(1401,177,3277,0.99,1),(1402,178,1102,0.99,1),(1403,178,1103,0.99,1),(1404,178,1104,0.99,1),(1405,179,3104,0.99,1),(1406,179,2607,0.99,1),(1407,179,39,0.99,1),(1408,179,3014,0.99,1),(1409,179,165,0.99,1),(1410,179,898,0.99,1),(1411,179,1630,0.99,1),(1412,179,2596,0.99,1),(1413,179,2516,0.99,1),(1414,179,1118,0.99,1),(1415,180,1802,0.99,1),(1416,180,1787,0.99,1),(1417,180,2823,0.99,1),(1418,180,3408,0.99,1),(1419,180,2229,0.99,1),(1420,180,2605,0.99,1),(1421,180,1856,0.99,1),(1422,180,1993,0.99,1),(1423,180,1997,0.99,1),(1424,180,1150,0.99,1),(1425,181,1565,0.99,1),(1426,181,2507,0.99,1),(1427,181,2002,0.99,1),(1428,181,1500,0.99,1),(1429,181,1948,0.99,1),(1430,181,1470,0.99,1),(1431,181,1553,0.99,1),(1432,182,937,0.99,1),(1433,182,86,0.99,1),(1434,182,1498,0.99,1),(1435,182,2548,0.99,1),(1436,182,2749,0.99,1),(1437,182,1907,0.99,1),(1438,183,1033,0.99,1),(1439,183,1034,0.99,1),(1440,183,1035,0.99,1),(1441,183,1036,0.99,1),(1442,183,1037,0.99,1),(1443,183,1038,0.99,1),(1444,183,1039,0.99,1),(1445,183,1040,0.99,1),(1446,183,1041,0.99,1),(1447,183,1042,0.99,1),(1448,183,1043,0.99,1),(1449,183,1044,0.99,1),(1450,183,1045,0.99,1),(1451,183,1046,0.99,1),(1452,183,1047,0.99,1),(1453,183,1048,0.99,1),(1454,183,1049,0.99,1),(1455,183,1050,0.99,1),(1456,183,1051,0.99,1),(1457,183,1052,0.99,1),(1458,183,1053,0.99,1),(1459,183,1054,0.99,1),(1460,183,1055,0.99,1),(1461,183,1056,0.99,1),(1462,184,3409,0.99,1),(1463,185,1778,0.99,1),(1464,185,1108,0.99,1),(1465,185,1666,0.99,1),(1466,185,2696,0.99,1),(1467,185,1854,0.99,1),(1468,185,3088,0.99,1),(1469,185,1994,0.99,1),(1470,185,991,0.99,1),(1471,185,2558,0.99,1),(1472,186,826,0.99,1),(1473,186,1482,0.99,1),(1474,186,3293,0.99,1),(1475,187,1466,0.99,1),(1476,187,1550,0.99,1),(1477,187,2229,0.99,1),(1478,187,1037,0.99,1),(1479,187,2509,0.99,1),(1480,187,1126,0.99,1),(1481,187,2214,0.99,1),(1482,188,1455,0.99,1),(1483,188,1456,0.99,1),(1484,188,1457,0.99,1),(1485,188,1458,0.99,1),(1486,188,1459,0.99,1),(1487,188,1460,0.99,1),(1488,188,1461,0.99,1),(1489,188,1462,0.99,1),(1490,188,1463,0.99,1),(1491,188,1464,0.99,1),(1492,188,1465,0.99,1),(1493,189,2191,0.99,1),(1494,189,3435,0.99,1),(1495,189,2617,0.99,1),(1496,189,2644,0.99,1),(1497,190,2559,0.99,1),(1498,190,3336,0.99,1),(1499,190,3141,0.99,1),(1500,190,2646,0.99,1),(1501,190,833,0.99,1),(1502,191,1483,0.99,1),(1503,191,24,0.99,1),(1504,191,2671,0.99,1),(1505,191,1484,0.99,1),(1506,192,2645,0.99,1),(1507,192,2644,0.99,1),(1508,192,3463,0.99,1),(1509,192,1561,0.99,1),(1510,192,3461,0.99,1),(1511,192,130,0.99,1),(1512,192,1478,0.99,1),(1513,192,158,0.99,1),(1514,192,2639,0.99,1),(1515,193,2548,0.99,1),(1516,193,2559,0.99,1),(1517,194,1476,0.99,1),(1518,195,2179,0.99,1),(1519,195,719,0.99,1),(1520,195,2563,0.99,1),(1521,195,923,0.99,1),(1522,195,2700,0.99,1),(1523,195,2747,0.99,1),(1524,195,51,0.99,1),(1525,195,2698,0.99,1),(1526,195,3336,0.99,1),(1527,195,908,0.99,1),(1528,195,2590,0.99,1),(1529,196,1325,0.99,1),(1530,196,1326,0.99,1),(1531,196,1327,0.99,1),(1532,196,1328,0.99,1),(1533,196,1329,0.99,1),(1534,196,1330,0.99,1),(1535,196,1331,0.99,1),(1536,196,1332,0.99,1),(1537,196,1333,0.99,1),(1538,196,1334,0.99,1),(1539,197,3289,0.99,1),(1540,197,2406,0.99,1),(1541,197,944,0.99,1),(1542,197,3267,0.99,1),(1543,197,2559,0.99,1),(1544,197,592,0.99,1),(1545,197,1425,0.99,1),(1546,197,1980,0.99,1),(1547,197,1488,0.99,1),(1548,197,2010,0.99,1),(1549,197,2664,0.99,1),(1550,198,2159,0.99,1),(1551,198,3336,0.99,1),(1552,198,3356,0.99,1),(1553,198,1774,0.99,1),(1554,198,2235,0.99,1),(1555,198,2458,0.99,1),(1556,198,1189,0.99,1),(1557,198,2099,0.99,1),(1558,198,1121,0.99,1),(1559,198,2236,0.99,1),(1560,198,2256,0.99,1),(1561,199,2008,0.99,1),(1562,199,2604,0.99,1),(1563,199,2389,0.99,1),(1564,200,15,0.99,1),(1565,200,16,0.99,1),(1566,200,17,0.99,1),(1567,200,18,0.99,1),(1568,200,19,0.99,1),(1569,200,20,0.99,1),(1570,200,21,0.99,1),(1571,200,22,0.99,1),(1572,201,3288,0.99,1),(1573,201,3289,0.99,1),(1574,201,3290,0.99,1),(1575,201,3291,0.99,1),(1576,201,3292,0.99,1),(1577,201,3293,0.99,1),(1578,201,3294,0.99,1),(1579,201,3295,0.99,1),(1580,201,3296,0.99,1),(1581,201,3297,0.99,1),(1582,201,3298,0.99,1),(1583,201,3299,0.99,1),(1584,202,1747,0.99,1),(1585,202,2592,0.99,1),(1586,203,20,0.99,1),(1587,203,1043,0.99,1),(1588,203,1629,0.99,1),(1589,203,572,0.99,1),(1590,203,2658,0.99,1),(1591,203,6,0.99,1),(1592,203,1656,0.99,1),(1593,203,195,0.99,1),(1594,203,23,0.99,1),(1595,203,22,0.99,1),(1596,204,1027,0.99,1),(1597,204,1477,0.99,1),(1598,204,1125,0.99,1),(1599,204,35,0.99,1),(1600,204,2744,0.99,1),(1601,204,1285,0.99,1),(1602,204,2748,0.99,1),(1603,204,3458,0.99,1),(1604,204,2987,0.99,1),(1605,204,14,0.99,1),(1606,204,1995,0.99,1),(1607,205,1829,0.99,1),(1608,205,1830,0.99,1),(1609,205,1831,0.99,1),(1610,205,1832,0.99,1),(1611,205,1833,0.99,1),(1612,205,1834,0.99,1),(1613,205,1835,0.99,1),(1614,205,1836,0.99,1),(1615,205,1837,0.99,1),(1616,205,1838,0.99,1),(1617,206,2745,0.99,1),(1618,206,224,0.99,1),(1619,206,2795,0.99,1),(1620,206,1993,0.99,1),(1621,206,1134,0.99,1),(1622,207,2201,0.99,1),(1623,207,470,0.99,1),(1624,207,3044,0.99,1),(1625,207,1123,0.99,1),(1626,208,2690,0.99,1),(1627,208,2559,0.99,1),(1628,208,2013,0.99,1),(1629,208,151,0.99,1),(1630,208,834,0.99,1),(1631,208,172,0.99,1),(1632,209,1495,0.99,1),(1633,209,2381,0.99,1),(1634,209,3280,0.99,1),(1635,209,2287,0.99,1),(1636,210,3376,0.99,1),(1637,210,1095,0.99,1),(1638,210,1129,0.99,1),(1639,210,2640,0.99,1),(1640,210,2093,0.99,1),(1641,210,18,0.99,1),(1642,210,2678,0.99,1),(1643,210,1561,0.99,1),(1644,210,2594,0.99,1),(1645,210,788,0.99,1),(1646,210,2097,0.99,1),(1647,211,39,0.99,1),(1648,211,2640,0.99,1),(1649,211,197,0.99,1),(1650,211,2416,0.99,1),(1651,211,2685,0.99,1),(1652,211,3291,0.99,1),(1653,211,47,0.99,1),(1654,211,2127,0.99,1),(1655,211,1553,0.99,1),(1656,212,1121,0.99,1),(1657,212,1122,0.99,1),(1658,212,1123,0.99,1),(1659,212,1124,0.99,1),(1660,212,1125,0.99,1),(1661,212,1126,0.99,1),(1662,212,1127,0.99,1),(1663,212,1128,0.99,1),(1664,212,1129,0.99,1),(1665,212,1130,0.99,1),(1666,212,1131,0.99,1),(1667,212,1132,0.99,1),(1668,213,2271,0.99,1),(1669,213,2272,0.99,1),(1670,213,2273,0.99,1),(1671,213,2274,0.99,1),(1672,213,2275,0.99,1),(1673,213,2276,0.99,1),(1674,213,2277,0.99,1),(1675,213,2278,0.99,1),(1676,213,2279,0.99,1),(1677,213,2280,0.99,1),(1678,213,2281,0.99,1),(1679,214,620,0.99,1),(1680,214,693,0.99,1),(1681,214,1838,0.99,1),(1682,214,80,0.99,1),(1683,214,1130,0.99,1),(1684,215,1464,0.99,1),(1685,215,1019,0.99,1),(1686,216,1547,0.99,1),(1687,216,2004,0.99,1),(1688,216,461,0.99,1),(1689,216,2600,0.99,1),(1690,216,3478,0.99,1),(1691,217,2554,0.99,1),(1692,217,2555,0.99,1),(1693,217,2556,0.99,1),(1694,217,2557,0.99,1),(1695,217,2558,0.99,1),(1696,217,2559,0.99,1),(1697,217,2560,0.99,1),(1698,217,2561,0.99,1),(1699,217,2562,0.99,1),(1700,217,2564,0.99,1),(1701,218,3336,0.99,1),(1702,218,894,0.99,1),(1703,218,2574,0.99,1),(1704,218,2756,0.99,1),(1705,218,2220,0.99,1),(1706,218,1164,0.99,1),(1707,218,2189,0.99,1),(1708,218,2677,0.99,1),(1709,218,2005,0.99,1),(1710,219,3067,0.99,1),(1711,219,2278,0.99,1),(1712,219,897,0.99,1),(1713,220,1745,0.99,1),(1714,220,1746,0.99,1),(1715,220,1747,0.99,1),(1716,220,1748,0.99,1),(1717,220,1749,0.99,1),(1718,220,1750,0.99,1),(1719,220,1751,0.99,1),(1720,220,1753,0.99,1),(1721,220,1754,0.99,1),(1722,221,2561,0.99,1),(1723,221,1494,0.99,1),(1724,221,2663,0.99,1),(1725,221,19,0.99,1),(1726,221,1758,0.99,1),(1727,221,3284,0.99,1),(1728,221,2187,0.99,1),(1729,221,3291,0.99,1),(1730,222,1029,0.99,1),(1731,222,2673,0.99,1),(1732,223,2621,0.99,1),(1733,223,2622,0.99,1),(1734,223,2623,0.99,1),(1735,223,2624,0.99,1),(1736,223,2625,0.99,1),(1737,223,2626,0.99,1),(1738,223,2627,0.99,1),(1739,223,2628,0.99,1),(1740,223,2629,0.99,1),(1741,223,2630,0.99,1),(1742,223,2631,0.99,1),(1743,223,2632,0.99,1),(1744,223,2633,0.99,1),(1745,223,2634,0.99,1),(1746,223,2635,0.99,1),(1747,223,2636,0.99,1),(1748,223,2637,0.99,1),(1749,223,2638,0.99,1),(1750,224,2433,0.99,1),(1751,224,2236,0.99,1),(1752,224,3073,0.99,1),(1753,224,2600,0.99,1),(1754,224,1897,0.99,1),(1755,224,100,0.99,1),(1756,224,2600,0.99,1),(1757,224,20,0.99,1),(1758,224,1421,0.99,1),(1759,224,1834,0.99,1),(1760,225,1711,0.99,1),(1761,225,2662,0.99,1),(1762,225,60,0.99,1),(1763,225,32,0.99,1),(1764,225,1251,0.99,1),(1765,225,1025,0.99,1),(1766,226,2150,0.99,1),(1767,226,1610,0.99,1),(1768,226,2237,0.99,1),(1769,226,1139,0.99,1),(1770,226,2275,0.99,1),(1771,226,2950,0.99,1),(1772,226,1185,0.99,1),(1773,226,3094,0.99,1),(1774,226,1132,0.99,1),(1775,226,1805,0.99,1),(1776,226,3463,0.99,1),(1777,227,837,0.99,1),(1778,227,3286,0.99,1),(1779,227,2041,0.99,1),(1780,227,571,0.99,1),(1781,227,2604,0.99,1),(1782,227,2214,0.99,1),(1783,227,3336,0.99,1),(1784,227,2600,0.99,1),(1785,227,3378,0.99,1),(1786,227,468,0.99,1),(1787,228,1212,0.99,1),(1788,228,1988,0.99,1),(1789,228,531,0.99,1),(1790,228,691,0.99,1),(1791,229,2655,0.99,1),(1792,229,58,0.99,1),(1793,229,841,0.99,1),(1794,230,15,0.99,1),(1795,230,16,0.99,1),(1796,230,17,0.99,1),(1797,230,18,0.99,1),(1798,230,19,0.99,1),(1799,230,20,0.99,1),(1800,230,21,0.99,1),(1801,230,22,0.99,1),(1802,231,1204,0.99,1),(1803,231,1439,0.99,1),(1804,231,154,0.99,1),(1805,232,3090,0.99,1),(1806,232,1424,0.99,1),(1807,232,2109,0.99,1),(1808,232,6,0.99,1),(1809,233,9,0.99,1),(1810,233,61,0.99,1),(1811,233,3349,0.99,1),(1812,233,83,0.99,1),(1813,233,2115,0.99,1),(1814,233,2671,0.99,1),(1815,234,2562,0.99,1),(1816,235,3287,0.99,1),(1817,235,2326,0.99,1),(1818,235,2597,0.99,1),(1819,235,2234,0.99,1),(1820,235,1129,0.99,1),(1821,235,1992,0.99,1),(1822,235,2199,0.99,1),(1823,236,164,0.99,1),(1824,236,2191,0.99,1),(1825,236,3294,0.99,1),(1826,237,2375,0.99,1),(1827,237,2376,0.99,1),(1828,237,2377,0.99,1),(1829,237,2378,0.99,1),(1830,237,2379,0.99,1),(1831,237,2380,0.99,1),(1832,237,2381,0.99,1),(1833,237,2382,0.99,1),(1834,237,2383,0.99,1),(1835,237,2384,0.99,1),(1836,237,2385,0.99,1),(1837,237,2386,0.99,1),(1838,237,2387,0.99,1),(1839,237,2388,0.99,1),(1840,237,2389,0.99,1),(1841,237,2390,0.99,1),(1842,238,2271,0.99,1),(1843,238,2272,0.99,1),(1844,238,2273,0.99,1),(1845,238,2274,0.99,1),(1846,238,2275,0.99,1),(1847,238,2276,0.99,1),(1848,238,2277,0.99,1),(1849,238,2278,0.99,1),(1850,238,2280,0.99,1),(1851,238,2281,0.99,1),(1852,239,2254,0.99,1),(1853,239,2255,0.99,1),(1854,239,2256,0.99,1),(1855,239,2258,0.99,1),(1856,239,2259,0.99,1),(1857,239,2260,0.99,1),(1858,239,2261,0.99,1),(1859,239,2262,0.99,1),(1860,239,2263,0.99,1),(1861,239,2264,0.99,1),(1862,239,2265,0.99,1),(1863,239,2266,0.99,1),(1864,239,2267,0.99,1),(1865,239,2268,0.99,1),(1866,239,2269,0.99,1),(1867,239,2270,0.99,1),(1868,240,1896,0.99,1),(1869,240,1774,0.99,1),(1870,240,2005,0.99,1),(1871,241,2368,0.99,1),(1872,241,2289,0.99,1),(1873,242,3033,0.99,1),(1874,242,2375,0.99,1),(1875,242,2687,0.99,1),(1876,242,61,0.99,1),(1877,242,483,0.99,1),(1878,242,2231,0.99,1),(1879,242,2263,0.99,1),(1880,242,3336,0.99,1),(1881,242,1586,0.99,1),(1882,242,1456,0.99,1),(1883,243,510,0.99,1),(1884,243,3471,0.99,1),(1885,243,2644,0.99,1),(1886,243,2640,0.99,1),(1887,243,1449,0.99,1),(1888,243,2639,0.99,1),(1889,243,1031,0.99,1),(1890,243,54,0.99,1),(1891,243,3388,0.99,1),(1892,243,2364,0.99,1),(1893,243,3113,0.99,1),(1894,244,2231,0.99,1),(1895,244,1026,0.99,1),(1896,244,2233,0.99,1),(1897,244,1520,0.99,1),(1898,244,2648,0.99,1),(1899,245,1015,0.99,1),(1900,245,3082,0.99,1),(1901,245,2509,0.99,1),(1902,246,77,0.99,1),(1903,246,58,0.99,1),(1904,246,1907,0.99,1),(1905,246,1392,0.99,1),(1906,246,2416,0.99,1),(1907,246,55,0.99,1),(1908,246,2319,0.99,1),(1909,246,2372,0.99,1),(1910,246,2559,0.99,1),(1911,247,2639,0.99,1),(1912,247,2640,0.99,1),(1913,247,2641,0.99,1),(1914,247,2642,0.99,1),(1915,247,2643,0.99,1),(1916,247,2644,0.99,1),(1917,247,2645,0.99,1),(1918,247,2646,0.99,1),(1919,247,2647,0.99,1),(1920,247,2648,0.99,1),(1921,247,2649,0.99,1),(1922,248,2277,0.99,1),(1923,248,152,0.99,1),(1924,248,2675,0.99,1),(1925,248,1040,0.99,1),(1926,248,154,0.99,1),(1927,248,3109,0.99,1),(1928,248,833,0.99,1),(1929,249,1470,0.99,1),(1930,249,1947,0.99,1),(1931,250,1428,0.99,1),(1932,250,485,0.99,1),(1933,250,3336,0.99,1),(1934,250,1750,0.99,1),(1935,250,2530,0.99,1),(1936,250,1786,0.99,1),(1937,250,2547,0.99,1),(1938,250,697,0.99,1),(1939,250,435,0.99,1),(1940,250,901,0.99,1),(1941,250,3045,0.99,1),(1942,251,3286,0.99,1),(1943,251,350,0.99,1),(1944,251,1028,0.99,1),(1945,251,524,0.99,1),(1946,251,30,0.99,1),(1947,251,2560,0.99,1),(1948,251,57,0.99,1),(1949,252,413,0.99,1),(1950,252,2305,0.99,1),(1951,252,2599,0.99,1),(1952,252,1457,0.99,1),(1953,252,2013,0.99,1),(1954,252,2178,0.99,1),(1955,252,2734,0.99,1),(1956,252,1,0.99,1),(1957,253,1121,0.99,1),(1958,253,1122,0.99,1),(1959,253,1123,0.99,1),(1960,253,1124,0.99,1),(1961,253,1125,0.99,1),(1962,253,1126,0.99,1),(1963,253,1127,0.99,1),(1964,253,1128,0.99,1),(1965,253,1129,0.99,1),(1966,253,1130,0.99,1),(1967,253,1131,0.99,1),(1968,253,1132,0.99,1),(1969,254,1445,0.99,1),(1970,254,2206,0.99,1),(1971,254,2228,0.99,1),(1972,254,183,0.99,1),(1973,254,2594,0.99,1),(1974,254,1472,0.99,1),(1975,254,2232,0.99,1),(1976,254,2266,0.99,1),(1977,254,342,0.99,1),(1978,254,1557,0.99,1),(1979,255,529,0.99,1),(1980,255,2350,0.99,1),(1981,255,2414,0.99,1),(1982,255,3307,0.99,1),(1983,256,2563,0.99,1),(1984,256,1491,0.99,1),(1985,256,3469,0.99,1),(1986,256,3439,0.99,1),(1987,256,1570,0.99,1),(1988,257,2285,0.99,1),(1989,257,2286,0.99,1),(1990,257,2287,0.99,1),(1991,257,2288,0.99,1),(1992,257,2289,0.99,1),(1993,257,2290,0.99,1),(1994,257,2291,0.99,1),(1995,257,2292,0.99,1),(1996,257,2293,0.99,1),(1997,257,2294,0.99,1),(1998,257,2295,0.99,1),(1999,258,1990,0.99,1),(2000,259,44,0.99,1),(2001,259,2296,0.99,1),(2002,259,3457,0.99,1),(2003,259,2690,0.99,1),(2004,259,29,0.99,1),(2005,259,1175,0.99,1),(2006,259,3084,0.99,1),(2007,260,1175,0.99,1),(2008,260,3357,0.99,1),(2009,260,77,0.99,1),(2010,260,2564,0.99,1),(2011,260,1998,0.99,1),(2012,260,2110,0.99,1),(2013,260,2655,0.99,1),(2014,260,2653,0.99,1),(2015,261,58,0.99,1),(2016,261,2272,0.99,1),(2017,261,1122,0.99,1),(2018,261,2746,0.99,1),(2019,261,1951,0.99,1),(2020,261,481,0.99,1),(2021,261,2402,0.99,1),(2022,261,2402,0.99,1),(2023,261,1122,0.99,1),(2024,262,77,0.99,1),(2025,262,78,0.99,1),(2026,262,79,0.99,1),(2027,262,80,0.99,1),(2028,262,81,0.99,1),(2029,262,82,0.99,1),(2030,262,83,0.99,1),(2031,262,84,0.99,1),(2032,263,151,0.99,1),(2033,263,62,0.99,1),(2034,263,3288,0.99,1),(2035,263,3379,0.99,1),(2036,263,2385,0.99,1),(2037,264,1187,0.99,1),(2038,265,2676,0.99,1),(2039,265,421,0.99,1),(2040,265,109,0.99,1),(2041,265,2691,0.99,1),(2042,265,3439,0.99,1),(2043,265,1889,0.99,1),(2044,265,2255,0.99,1),(2045,266,1984,0.99,1),(2046,266,2749,0.99,1),(2047,266,1428,0.99,1),(2048,266,2436,0.99,1),(2049,266,2596,0.99,1),(2050,266,1170,0.99,1),(2051,267,1997,0.99,1),(2052,267,3043,0.99,1),(2053,268,2601,0.99,1),(2054,268,1442,0.99,1),(2055,268,1489,0.99,1),(2056,268,913,0.99,1),(2057,268,1453,0.99,1),(2058,268,2254,0.99,1),(2059,268,2742,0.99,1),(2060,268,13,0.99,1),(2061,268,2149,0.99,1),(2062,268,2130,0.99,1),(2063,268,749,0.99,1),(2064,269,3144,0.99,1),(2065,270,602,0.99,1),(2066,270,1159,0.99,1),(2067,270,212,0.99,1),(2068,270,415,0.99,1),(2069,270,928,0.99,1),(2070,270,1989,0.99,1),(2071,270,3293,0.99,1),(2072,270,1033,0.99,1),(2073,270,23,0.99,1),(2074,270,46,0.99,1),(2075,270,3478,0.99,1),(2076,271,2271,0.99,1),(2077,271,2272,0.99,1),(2078,271,2273,0.99,1),(2079,271,2274,0.99,1),(2080,271,2275,0.99,1),(2081,271,2276,0.99,1),(2082,271,2277,0.99,1),(2083,271,2278,0.99,1),(2084,271,2279,0.99,1),(2085,271,2280,0.99,1),(2086,271,2281,0.99,1),(2087,272,3336,0.99,1),(2088,272,1471,0.99,1),(2089,272,61,0.99,1),(2090,272,485,0.99,1),(2091,272,3053,0.99,1),(2092,272,1473,0.99,1),(2093,272,2007,0.99,1),(2094,272,3070,0.99,1),(2095,272,2601,0.99,1),(2096,273,1479,0.99,1),(2097,273,1480,0.99,1),(2098,273,1481,0.99,1),(2099,273,1482,0.99,1),(2100,273,1483,0.99,1),(2101,273,1484,0.99,1),(2102,273,1485,0.99,1),(2103,273,1486,0.99,1),(2104,273,1487,0.99,1),(2105,273,1488,0.99,1),(2106,273,1489,0.99,1),(2107,273,1490,0.99,1),(2108,273,1491,0.99,1),(2109,273,1492,0.99,1),(2110,273,1493,0.99,1),(2111,273,1494,0.99,1),(2112,273,1495,0.99,1),(2113,274,1763,0.99,1),(2114,274,832,0.99,1),(2115,274,2556,0.99,1),(2116,274,402,0.99,1),(2117,274,2693,0.99,1),(2118,275,3336,0.99,1),(2119,275,3459,0.99,1),(2120,275,3478,0.99,1),(2121,275,268,0.99,1),(2122,275,1156,0.99,1),(2123,275,1475,0.99,1),(2124,275,611,0.99,1),(2125,275,3398,0.99,1),(2126,276,3300,0.99,1),(2127,276,3301,0.99,1),(2128,276,3302,0.99,1),(2129,276,3303,0.99,1),(2130,276,3304,0.99,1),(2131,276,3305,0.99,1),(2132,276,3306,0.99,1),(2133,276,3307,0.99,1),(2134,276,3308,0.99,1),(2135,276,3309,0.99,1),(2136,276,3310,0.99,1),(2137,276,3311,0.99,1),(2138,276,3312,0.99,1),(2139,276,3313,0.99,1),(2140,276,3314,0.99,1),(2141,276,3315,0.99,1),(2142,276,3316,0.99,1),(2143,276,3317,0.99,1),(2144,276,3318,0.99,1),(2145,277,2653,0.99,1),(2146,277,153,0.99,1),(2147,277,1579,0.99,1),(2148,277,128,0.99,1),(2149,277,2421,0.99,1),(2150,278,2608,0.99,1),(2151,278,1487,0.99,1),(2152,278,1468,0.99,1),(2153,279,1759,0.99,1),(2154,279,3052,0.99,1),(2155,279,3459,0.99,1),(2156,279,1184,0.99,1),(2157,279,2647,0.99,1),(2158,280,3081,0.99,1),(2159,280,3082,0.99,1),(2160,280,3083,0.99,1),(2161,280,3084,0.99,1),(2162,280,3085,0.99,1),(2163,280,3086,0.99,1),(2164,280,3087,0.99,1),(2165,280,3088,0.99,1),(2166,280,3089,0.99,1),(2167,280,3090,0.99,1),(2168,280,3091,0.99,1),(2169,281,1902,0.99,1),(2170,281,1903,0.99,1),(2171,281,1904,0.99,1),(2172,281,1905,0.99,1),(2173,281,1906,0.99,1),(2174,281,1907,0.99,1),(2175,281,1908,0.99,1),(2176,281,1909,0.99,1),(2177,281,1910,0.99,1),(2178,281,1911,0.99,1),(2179,281,1912,0.99,1),(2180,281,1913,0.99,1),(2181,281,1914,0.99,1),(2182,281,1915,0.99,1),(2183,282,891,0.99,1),(2184,282,892,0.99,1),(2185,282,893,0.99,1),(2186,282,894,0.99,1),(2187,282,895,0.99,1),(2188,282,896,0.99,1),(2189,282,898,0.99,1),(2190,282,899,0.99,1),(2191,282,900,0.99,1),(2192,282,901,0.99,1),(2193,282,902,0.99,1),(2194,282,903,0.99,1),(2195,282,904,0.99,1),(2196,282,905,0.99,1),(2197,282,906,0.99,1),(2198,282,907,0.99,1),(2199,282,908,0.99,1),(2200,283,1481,0.99,1),(2201,283,2741,0.99,1),(2202,283,2543,0.99,1),(2203,283,916,0.99,1),(2204,283,95,0.99,1),(2205,283,2359,0.99,1),(2206,283,2602,0.99,1),(2207,283,1378,0.99,1),(2208,283,1160,0.99,1),(2209,284,194,0.99,1),(2210,284,195,0.99,1),(2211,284,196,0.99,1),(2212,284,197,0.99,1),(2213,284,198,0.99,1),(2214,284,199,0.99,1),(2215,284,200,0.99,1),(2216,284,201,0.99,1),(2217,284,202,0.99,1),(2218,284,203,0.99,1),(2219,284,204,0.99,1),(2220,285,134,0.99,1),(2221,285,1138,0.99,1),(2222,285,3424,0.99,1),(2223,285,1914,0.99,1),(2224,285,2931,0.99,1),(2225,285,2671,0.99,1),(2226,285,1430,0.99,1),(2227,285,2288,0.99,1),(2228,285,1005,0.99,1),(2229,285,2231,0.99,1),(2230,286,1748,0.99,1),(2231,286,2958,0.99,1),(2232,287,2004,0.99,1),(2233,287,2183,0.99,1),(2234,288,1849,0.99,1),(2235,288,53,0.99,1),(2236,288,2,0.99,1),(2237,288,2515,0.99,1),(2238,288,2332,0.99,1),(2239,288,1467,0.99,1),(2240,288,2232,0.99,1),(2241,288,2002,0.99,1),(2242,288,2694,0.99,1),(2243,288,2691,0.99,1),(2244,288,3459,0.99,1),(2245,289,2231,0.99,1),(2246,289,2383,0.99,1),(2247,289,2331,0.99,1),(2248,289,3401,0.99,1),(2249,289,16,0.99,1),(2250,289,422,0.99,1),(2251,289,1129,0.99,1),(2252,290,1046,0.99,1),(2253,290,840,0.99,1),(2254,290,992,0.99,1),(2255,290,2551,0.99,1),(2256,290,438,0.99,1),(2257,291,3111,0.99,1),(2258,291,165,0.99,1),(2259,291,2547,0.99,1),(2260,292,3470,0.99,1),(2261,292,1405,0.99,1),(2262,292,1466,0.99,1),(2263,292,1855,0.99,1),(2264,292,3292,0.99,1),(2265,292,1456,0.99,1),(2266,292,162,0.99,1),(2267,292,2234,0.99,1),(2268,292,610,0.99,1),(2269,292,2564,0.99,1),(2270,293,3368,0.99,1),(2271,293,2446,0.99,1),(2272,293,1475,0.99,1),(2273,293,802,0.99,1),(2274,293,1783,0.99,1),(2275,294,1853,0.99,1),(2276,294,1997,0.99,1),(2277,294,2593,0.99,1),(2278,294,2149,0.99,1),(2279,294,931,0.99,1),(2280,294,1550,0.99,1),(2281,294,937,0.99,1),(2282,294,110,0.99,1),(2283,294,18,0.99,1),(2284,294,1757,0.99,1),(2285,294,150,0.99,1),(2286,295,1491,0.99,1),(2287,296,1466,0.99,1),(2288,296,1467,0.99,1),(2289,296,1468,0.99,1),(2290,296,1469,0.99,1),(2291,296,1470,0.99,1),(2292,296,1471,0.99,1),(2293,296,1472,0.99,1),(2294,296,1473,0.99,1),(2295,296,1474,0.99,1),(2296,296,1475,0.99,1),(2297,296,1476,0.99,1),(2298,296,1477,0.99,1),(2299,296,1478,0.99,1),(2300,297,2647,0.99,1),(2301,297,3270,0.99,1),(2302,297,2207,0.99,1),(2303,298,692,0.99,1),(2304,298,3474,0.99,1),(2305,298,1474,0.99,1),(2306,298,3289,0.99,1),(2307,298,2965,0.99,1),(2308,298,3285,0.99,1),(2309,298,1810,0.99,1),(2310,298,161,0.99,1),(2311,298,34,0.99,1),(2312,299,2106,0.99,1),(2313,299,2236,0.99,1),(2314,299,2668,0.99,1),(2315,299,1733,0.99,1),(2316,299,1042,0.99,1),(2317,299,1361,0.99,1),(2318,300,51,0.99,1),(2319,300,52,0.99,1),(2320,300,53,0.99,1),(2321,300,54,0.99,1),(2322,300,55,0.99,1),(2323,300,56,0.99,1),(2324,300,57,0.99,1),(2325,300,58,0.99,1),(2326,300,59,0.99,1),(2327,300,60,0.99,1),(2328,300,61,0.99,1),(2329,300,62,0.99,1),(2330,301,5,0.99,1),(2331,301,1173,0.99,1),(2332,301,1005,0.99,1),(2333,301,1928,0.99,1),(2334,301,1414,0.99,1),(2335,301,1951,0.99,1),(2336,301,3029,0.99,1),(2337,301,2237,0.99,1),(2338,302,229,0.99,1),(2339,302,77,0.99,1),(2340,302,147,0.99,1),(2341,302,2592,0.99,1),(2342,303,2648,0.99,1),(2343,303,896,0.99,1),(2344,303,529,0.99,1),(2345,303,52,0.99,1),(2346,303,1776,0.99,1),(2347,303,2008,0.99,1),(2348,303,1003,0.99,1),(2349,303,2604,0.99,1),(2350,303,548,0.99,1),(2351,303,43,0.99,1),(2352,304,1386,0.99,1),(2353,304,839,0.99,1),(2354,304,1466,0.99,1),(2355,304,11,0.99,1),(2356,304,1988,0.99,1),(2357,304,1117,0.99,1),(2358,304,1495,0.99,1),(2359,305,2178,0.99,1),(2360,305,2179,0.99,1),(2361,305,2180,0.99,1),(2362,305,2181,0.99,1),(2363,305,2182,0.99,1),(2364,305,2183,0.99,1),(2365,305,2184,0.99,1),(2366,305,2185,0.99,1),(2367,305,2186,0.99,1),(2368,305,2187,0.99,1),(2369,305,2188,0.99,1),(2370,305,2189,0.99,1),(2371,305,2190,0.99,1),(2372,305,2191,0.99,1),(2373,305,2192,0.99,1),(2374,306,49,0.99,1),(2375,306,60,0.99,1),(2376,306,2654,0.99,1),(2377,306,1007,0.99,1),(2378,306,3500,0.99,1),(2379,306,1166,0.99,1),(2380,306,132,0.99,1),(2381,306,2380,0.99,1),(2382,306,2377,0.99,1),(2383,306,2558,0.99,1),(2384,306,989,0.99,1),(2385,307,3469,0.99,1),(2386,307,1547,0.99,1),(2387,307,1058,0.99,1),(2388,307,1122,0.99,1),(2389,307,3279,0.99,1),(2390,307,2973,0.99,1),(2391,307,3456,0.99,1),(2392,307,3102,0.99,1),(2393,307,3378,0.99,1),(2394,307,38,0.99,1),(2395,308,2964,0.99,1),(2396,308,2965,0.99,1),(2397,308,2966,0.99,1),(2398,308,2967,0.99,1),(2399,308,2968,0.99,1),(2400,308,2969,0.99,1),(2401,308,2970,0.99,1),(2402,308,2971,0.99,1),(2403,308,2972,0.99,1),(2404,308,2973,0.99,1),(2405,308,2974,0.99,1),(2406,309,1782,0.99,1),(2407,309,2553,0.99,1),(2408,309,2418,0.99,1),(2409,309,2983,0.99,1),(2410,309,2628,0.99,1),(2411,309,1094,0.99,1),(2412,309,3296,0.99,1),(2413,309,1163,0.99,1),(2414,309,1165,0.99,1),(2415,310,2735,0.99,1),(2416,310,1489,0.99,1),(2417,310,29,0.99,1),(2418,310,2303,0.99,1),(2419,310,1458,0.99,1),(2420,310,773,0.99,1),(2421,310,1549,0.99,1),(2422,310,829,0.99,1),(2423,310,2521,0.99,1),(2424,311,1170,0.99,1),(2425,311,3353,0.99,1),(2426,311,81,0.99,1),(2427,311,32,0.99,1),(2428,311,2303,0.99,1),(2429,311,3356,0.99,1),(2430,312,1937,0.99,1),(2431,312,79,0.99,1),(2432,312,341,0.99,1),(2433,312,2657,0.99,1),(2434,312,85,0.99,1),(2435,312,795,0.99,1),(2436,312,58,0.99,1),(2437,312,158,0.99,1),(2438,312,1944,0.99,1),(2439,312,2404,0.99,1),(2440,313,1776,0.99,1),(2441,313,3336,0.99,1),(2442,313,1660,0.99,1),(2443,313,1454,0.99,1),(2444,313,2548,0.99,1),(2445,314,580,0.99,1),(2446,314,472,0.99,1),(2447,314,2575,0.99,1),(2448,314,1266,0.99,1),(2449,314,38,0.99,1),(2450,314,2639,0.99,1),(2451,314,2232,0.99,1),(2452,314,2009,0.99,1),(2453,314,921,0.99,1),(2454,314,31,0.99,1),(2455,315,1696,0.99,1),(2456,315,3265,0.99,1),(2457,315,1445,0.99,1),(2458,315,1807,0.99,1),(2459,315,1462,0.99,1),(2460,316,1050,0.99,1),(2461,316,3495,0.99,1),(2462,317,3288,0.99,1),(2463,317,3289,0.99,1),(2464,317,3290,0.99,1),(2465,317,3291,0.99,1),(2466,317,3292,0.99,1),(2467,317,3293,0.99,1),(2468,317,3294,0.99,1),(2469,317,3295,0.99,1),(2470,317,3296,0.99,1),(2471,317,3297,0.99,1),(2472,317,3298,0.99,1),(2473,317,3299,0.99,1),(2474,318,26,0.99,1),(2475,318,1670,0.99,1),(2476,318,2295,0.99,1),(2477,318,201,0.99,1),(2478,318,3041,0.99,1),(2479,318,481,0.99,1),(2480,318,227,0.99,1),(2481,318,2678,0.99,1),(2482,319,2640,0.99,1),(2483,319,3314,0.99,1),(2484,319,1828,0.99,1),(2485,319,712,0.99,1),(2486,319,1562,0.99,1),(2487,319,1475,0.99,1),(2488,319,1041,0.99,1),(2489,319,1053,0.99,1),(2490,319,2192,0.99,1),(2491,319,62,0.99,1),(2492,320,3319,0.99,1),(2493,320,3320,0.99,1),(2494,320,3321,0.99,1),(2495,320,3322,0.99,1),(2496,320,3323,0.99,1),(2497,320,3324,0.99,1),(2498,320,3325,0.99,1),(2499,320,3326,0.99,1),(2500,320,3327,0.99,1),(2501,320,3328,0.99,1),(2502,320,3329,0.99,1),(2503,320,3330,0.99,1),(2504,320,3331,0.99,1),(2505,320,3332,0.99,1),(2506,320,3333,0.99,1),(2507,320,3334,0.99,1),(2508,320,3335,0.99,1),(2509,321,2607,0.99,1),(2510,322,33,0.99,1),(2511,322,1184,0.99,1),(2512,322,2320,0.99,1),(2513,322,2642,0.99,1),(2514,322,3294,0.99,1),(2515,322,3289,0.99,1),(2516,322,2232,0.99,1),(2517,322,13,0.99,1),(2518,322,40,0.99,1),(2519,322,1074,0.99,1),(2520,323,3031,0.99,1),(2521,323,3298,0.99,1),(2522,323,3385,0.99,1),(2523,323,2107,0.99,1),(2524,323,1125,0.99,1),(2525,323,2307,0.99,1),(2526,323,3394,0.99,1),(2527,323,1476,0.99,1),(2528,324,31,0.99,1),(2529,324,1160,0.99,1),(2530,324,3359,0.99,1),(2531,324,1721,0.99,1),(2532,324,158,0.99,1),(2533,325,2600,0.99,1),(2534,325,3495,0.99,1),(2535,325,2202,0.99,1),(2536,325,2132,0.99,1),(2537,325,3390,0.99,1),(2538,325,2234,0.99,1),(2539,325,2662,0.99,1),(2540,325,1943,0.99,1),(2541,325,2669,0.99,1),(2542,325,2656,0.99,1),(2543,326,135,0.99,1),(2544,326,163,0.99,1),(2545,326,3382,0.99,1),(2546,326,1026,0.99,1),(2547,326,1259,0.99,1),(2548,326,1729,0.99,1),(2549,326,3006,0.99,1),(2550,326,2161,0.99,1),(2551,326,529,0.99,1),(2552,327,496,0.99,1),(2553,327,2458,0.99,1),(2554,327,459,0.99,1),(2555,327,6,0.99,1),(2556,327,2747,0.99,1),(2557,327,1518,0.99,1),(2558,327,2549,0.99,1),(2559,327,54,0.99,1),(2560,327,803,0.99,1),(2561,328,2555,0.99,1),(2562,328,1023,0.99,1),(2563,328,481,0.99,1),(2564,328,1502,0.99,1),(2565,329,3299,0.99,1),(2566,330,1133,0.99,1),(2567,330,1134,0.99,1),(2568,330,1135,0.99,1),(2569,330,1136,0.99,1),(2570,330,1137,0.99,1),(2571,330,1138,0.99,1),(2572,330,1139,0.99,1),(2573,330,1140,0.99,1),(2574,330,1141,0.99,1),(2575,330,1142,0.99,1),(2576,330,1143,0.99,1),(2577,330,1144,0.99,1),(2578,330,1145,0.99,1),(2579,331,2292,0.99,1),(2580,331,3350,0.99,1),(2581,331,1942,0.99,1),(2582,331,2401,0.99,1),(2583,331,137,0.99,1),(2584,331,36,0.99,1),(2585,332,1422,0.99,1),(2586,332,476,0.99,1),(2587,332,1987,0.99,1),(2588,332,1641,0.99,1),(2589,332,1650,0.99,1),(2590,332,2201,0.99,1),(2591,332,1888,0.99,1),(2592,332,1008,0.99,1),(2593,332,1418,0.99,1),(2594,332,2322,0.99,1),(2595,333,1988,0.99,1),(2596,333,2436,0.99,1),(2597,333,1292,0.99,1),(2598,333,3069,0.99,1),(2599,333,1006,0.99,1),(2600,333,2151,0.99,1),(2601,334,1942,0.99,1),(2602,334,1943,0.99,1),(2603,334,1944,0.99,1),(2604,334,1945,0.99,1),(2605,334,1946,0.99,1),(2606,334,1947,0.99,1),(2607,334,1948,0.99,1),(2608,334,1949,0.99,1),(2609,334,1950,0.99,1),(2610,334,1951,0.99,1),(2611,334,1952,0.99,1),(2612,334,1953,0.99,1),(2613,334,1954,0.99,1),(2614,334,1955,0.99,1),(2615,334,1956,0.99,1),(2616,335,2391,0.99,1),(2617,335,2392,0.99,1),(2618,335,2393,0.99,1),(2619,335,2394,0.99,1),(2620,335,2395,0.99,1),(2621,335,2396,0.99,1),(2622,335,2397,0.99,1),(2623,335,2398,0.99,1),(2624,335,2399,0.99,1),(2625,335,2400,0.99,1),(2626,335,2401,0.99,1),(2627,335,2402,0.99,1),(2628,335,2403,0.99,1),(2629,335,2404,0.99,1),(2630,335,2405,0.99,1),(2631,336,2358,0.99,1),(2632,336,2359,0.99,1),(2633,336,2360,0.99,1),(2634,336,2361,0.99,1),(2635,336,2362,0.99,1),(2636,336,2363,0.99,1),(2637,336,2365,0.99,1),(2638,336,2366,0.99,1),(2639,336,2367,0.99,1),(2640,336,2368,0.99,1),(2641,336,2369,0.99,1),(2642,336,2370,0.99,1),(2643,336,2371,0.99,1),(2644,336,2372,0.99,1),(2645,336,2373,0.99,1),(2646,336,2374,0.99,1),(2647,337,2682,0.99,1),(2648,337,2555,0.99,1),(2649,337,1471,0.99,1),(2650,337,1479,0.99,1),(2651,337,2669,0.99,1),(2652,337,804,0.99,1),(2653,337,1994,0.99,1),(2654,337,1487,0.99,1),(2655,337,2604,0.99,1),(2656,337,1496,0.99,1),(2657,338,1523,0.99,1),(2658,338,3295,0.99,1),(2659,338,2414,0.99,1),(2660,338,3100,0.99,1),(2661,338,3336,0.99,1),(2662,339,696,0.99,1),(2663,339,2558,0.99,1),(2664,339,1004,0.99,1),(2665,339,2600,0.99,1),(2666,339,2736,0.99,1),(2667,339,1037,0.99,1),(2668,339,995,0.99,1),(2669,339,1387,0.99,1),(2670,340,1051,0.99,1),(2671,340,1457,0.99,1),(2672,340,1891,0.99,1),(2673,341,1520,0.99,1),(2674,341,1521,0.99,1),(2675,341,1522,0.99,1),(2676,341,1523,0.99,1),(2677,341,1524,0.99,1),(2678,341,1525,0.99,1),(2679,341,1526,0.99,1),(2680,341,1527,0.99,1),(2681,341,1528,0.99,1),(2682,341,1529,0.99,1),(2683,341,1530,0.99,1),(2684,341,1531,0.99,1),(2685,342,2507,0.99,1),(2686,342,1679,0.99,1),(2687,342,2208,0.99,1),(2688,343,2647,0.99,1),(2689,343,161,0.99,1),(2690,343,2237,0.99,1),(2691,343,2677,0.99,1),(2692,343,437,0.99,1),(2693,343,1979,0.99,1),(2694,344,1479,0.99,1),(2695,344,1480,0.99,1),(2696,344,1481,0.99,1),(2697,344,1482,0.99,1),(2698,344,1483,0.99,1),(2699,344,1484,0.99,1),(2700,344,1485,0.99,1),(2701,344,1486,0.99,1),(2702,344,1487,0.99,1),(2703,344,1488,0.99,1),(2704,344,1489,0.99,1),(2705,344,1490,0.99,1),(2706,344,1491,0.99,1),(2707,344,1492,0.99,1),(2708,344,1493,0.99,1),(2709,344,1494,0.99,1),(2710,344,1495,0.99,1),(2711,345,1010,0.99,1),(2712,345,3094,0.99,1),(2713,345,1110,0.99,1),(2714,345,2106,0.99,1),(2715,345,35,0.99,1),(2716,345,1145,0.99,1),(2717,345,1292,0.99,1),(2718,345,1876,0.99,1),(2719,345,3478,0.99,1),(2720,345,3150,0.99,1),(2721,346,2599,0.99,1),(2722,346,1787,0.99,1),(2723,346,2563,0.99,1),(2724,346,3051,0.99,1),(2725,346,2746,0.99,1),(2726,346,151,0.99,1),(2727,347,16,0.99,1),(2728,347,62,0.99,1),(2729,347,2944,0.99,1),(2730,347,1554,0.99,1),(2731,348,2563,0.99,1),(2732,348,995,0.99,1),(2733,348,9,0.99,1),(2734,348,1798,0.99,1),(2735,348,944,0.99,1),(2736,348,2235,0.99,1),(2737,348,1483,0.99,1),(2738,348,2377,0.99,1),(2739,348,593,0.99,1),(2740,349,1712,0.99,1),(2741,350,1017,0.99,1),(2742,350,3042,0.99,1),(2743,350,2641,0.99,1),(2744,351,83,0.99,1),(2745,351,998,0.99,1),(2746,351,1149,0.99,1),(2747,351,1787,0.99,1),(2748,351,1143,0.99,1),(2749,351,26,0.99,1),(2750,351,1148,0.99,1),(2751,351,2208,0.99,1),(2752,351,2640,0.99,1),(2753,351,2757,0.99,1),(2754,352,2433,0.99,1),(2755,353,687,0.99,1),(2756,353,2258,0.99,1),(2757,353,2297,0.99,1),(2758,353,1470,0.99,1),(2759,353,162,0.99,1),(2760,353,2330,0.99,1),(2761,353,605,0.99,1),(2762,353,482,0.99,1),(2763,353,2270,0.99,1),(2764,353,1470,0.99,1),(2765,354,2641,0.99,1),(2766,354,1387,0.99,1),(2767,354,1462,0.99,1),(2768,354,1470,0.99,1),(2769,354,1437,0.99,1),(2770,355,2645,0.99,1),(2771,355,492,0.99,1),(2772,355,13,0.99,1),(2773,355,51,0.99,1),(2774,355,156,0.99,1),(2775,355,1942,0.99,1),(2776,355,2560,0.99,1),(2777,356,51,0.99,1),(2778,356,2641,0.99,1),(2779,356,3401,0.99,1),(2780,356,699,0.99,1),(2781,356,1050,0.99,1),(2782,356,1132,0.99,1),(2783,356,486,0.99,1),(2784,357,2936,0.99,1),(2785,357,469,0.99,1),(2786,357,1012,0.99,1),(2787,358,2663,0.99,1),(2788,358,93,0.99,1),(2789,358,2012,0.99,1),(2790,358,1121,0.99,1),(2791,358,1995,0.99,1),(2792,358,2661,0.99,1),(2793,358,1501,0.99,1),(2794,359,2663,0.99,1),(2795,359,999,0.99,1),(2796,359,1038,0.99,1),(2797,359,689,0.99,1),(2798,359,35,0.99,1),(2799,359,39,0.99,1),(2800,359,997,0.99,1),(2801,359,426,0.99,1),(2802,359,1547,0.99,1),(2803,360,3359,0.99,1),(2804,360,2549,0.99,1),(2805,360,2514,0.99,1),(2806,360,2367,0.99,1),(2807,361,2308,0.99,1),(2808,361,1991,0.99,1),(2809,362,695,0.99,1),(2810,362,696,0.99,1),(2811,362,697,0.99,1),(2812,362,698,0.99,1),(2813,362,699,0.99,1),(2814,362,700,0.99,1),(2815,362,701,0.99,1),(2816,362,702,0.99,1),(2817,362,703,0.99,1),(2818,362,704,0.99,1),(2819,362,705,0.99,1),(2820,362,706,0.99,1),(2821,362,707,0.99,1),(2822,362,708,0.99,1),(2823,362,709,0.99,1),(2824,362,710,0.99,1),(2825,362,711,0.99,1),(2826,362,712,0.99,1),(2827,362,713,0.99,1),(2828,362,714,0.99,1),(2829,363,857,0.99,1),(2830,363,3466,0.99,1),(2831,363,433,0.99,1),(2832,364,3268,0.99,1),(2833,364,2368,0.99,1),(2834,364,2322,0.99,1),(2835,364,1981,0.99,1),(2836,364,10,0.99,1),(2837,364,222,0.99,1),(2838,365,3437,0.99,1),(2839,365,2323,0.99,1),(2840,365,172,0.99,1),(2841,365,157,0.99,1),(2842,366,479,0.99,1),(2843,366,2109,0.99,1),(2844,366,1176,0.99,1),(2845,366,1425,0.99,1),(2846,366,195,0.99,1),(2847,366,2406,0.99,1),(2848,366,1445,0.99,1),(2849,366,1585,0.99,1),(2850,366,818,0.99,1),(2851,367,1797,0.99,1),(2852,367,2288,0.99,1),(2853,367,1656,0.99,1),(2854,367,1162,0.99,1),(2855,367,2740,0.99,1),(2856,367,2747,0.99,1),(2857,367,1782,0.99,1),(2858,367,154,0.99,1),(2859,368,952,0.99,1),(2860,368,3409,0.99,1),(2861,369,3409,0.99,1),(2862,369,1046,0.99,1),(2863,369,1122,0.99,1),(2864,369,1425,0.99,1),(2865,369,2098,0.99,1),(2866,369,1569,0.99,1),(2867,369,2651,0.99,1),(2868,369,755,0.99,1),(2869,369,1199,0.99,1),(2870,369,514,0.99,1),(2871,370,3266,0.99,1),(2872,370,3104,0.99,1),(2873,370,2223,0.99,1),(2874,370,1554,0.99,1),(2875,370,3076,0.99,1),(2876,370,1947,0.99,1),(2877,370,3466,0.99,1),(2878,370,1144,0.99,1),(2879,370,922,0.99,1),(2880,371,2410,0.99,1),(2881,372,529,0.99,1),(2882,372,530,0.99,1),(2883,372,531,0.99,1),(2884,372,532,0.99,1),(2885,372,533,0.99,1),(2886,372,534,0.99,1),(2887,372,535,0.99,1),(2888,372,536,0.99,1),(2889,372,537,0.99,1),(2890,372,538,0.99,1),(2891,372,539,0.99,1),(2892,372,540,0.99,1),(2893,372,541,0.99,1),(2894,372,542,0.99,1),(2895,373,3365,0.99,1),(2896,373,2988,0.99,1),(2897,373,1491,0.99,1),(2898,373,139,0.99,1),(2899,374,1837,0.99,1),(2900,374,2206,0.99,1),(2901,374,1845,0.99,1),(2902,374,2323,0.99,1),(2903,374,2300,0.99,1),(2904,374,469,0.99,1),(2905,375,1268,0.99,1),(2906,375,1269,0.99,1),(2907,375,1270,0.99,1),(2908,375,1271,0.99,1),(2909,375,1272,0.99,1),(2910,375,1273,0.99,1),(2911,375,1274,0.99,1),(2912,375,1275,0.99,1),(2913,375,1276,0.99,1),(2914,376,3106,0.99,1),(2915,376,615,0.99,1),(2916,376,1177,0.99,1),(2917,376,706,0.99,1),(2918,377,49,0.99,1),(2919,377,1463,0.99,1),(2920,377,2594,0.99,1),(2921,378,1056,0.99,1),(2922,378,2332,0.99,1),(2923,378,3004,0.99,1),(2924,378,2509,0.99,1),(2925,379,2542,0.99,1),(2926,379,2543,0.99,1),(2927,379,2544,0.99,1),(2928,379,2545,0.99,1),(2929,379,2546,0.99,1),(2930,379,2547,0.99,1),(2931,379,2548,0.99,1),(2932,379,2549,0.99,1),(2933,379,2550,0.99,1),(2934,379,2551,0.99,1),(2935,379,2552,0.99,1),(2936,379,2553,0.99,1),(2937,380,1425,0.99,1),(2938,380,2330,0.99,1),(2939,380,1250,0.99,1),(2940,380,475,0.99,1),(2941,380,1448,0.99,1),(2942,380,2607,0.99,1),(2943,380,2382,0.99,1),(2944,380,2646,0.99,1),(2945,380,1553,0.99,1),(2946,380,1999,0.99,1),(2947,381,1133,0.99,1),(2948,381,1134,0.99,1),(2949,381,1135,0.99,1),(2950,381,1136,0.99,1),(2951,381,1137,0.99,1),(2952,381,1138,0.99,1),(2953,381,1139,0.99,1),(2954,381,1140,0.99,1),(2955,381,1141,0.99,1),(2956,381,1142,0.99,1),(2957,381,1143,0.99,1),(2958,381,1144,0.99,1),(2959,381,1145,0.99,1),(2960,382,1008,0.99,1),(2961,382,1483,0.99,1),(2962,382,43,0.99,1),(2963,382,2307,0.99,1),(2964,383,2647,0.99,1),(2965,383,2921,0.99,1),(2966,383,1121,0.99,1),(2967,383,1030,0.99,1),(2968,383,1416,0.99,1),(2969,383,486,0.99,1),(2970,383,830,0.99,1),(2971,383,3358,0.99,1),(2972,383,2663,0.99,1),(2973,383,1140,0.99,1),(2974,384,2652,0.99,1),(2975,384,1143,0.99,1),(2976,384,3424,0.99,1),(2977,384,989,0.99,1),(2978,384,1131,0.99,1),(2979,384,152,0.99,1),(2980,384,2548,0.99,1),(2981,384,1559,0.99,1),(2982,384,940,0.99,1),(2983,384,2658,0.99,1),(2984,384,2236,0.99,1),(2985,385,908,0.99,1),(2986,385,1,0.99,1),(2987,385,1101,0.99,1),(2988,385,2192,0.99,1),(2989,385,902,0.99,1),(2990,385,66,0.99,1),(2991,385,155,0.99,1),(2992,386,45,0.99,1),(2993,386,430,0.99,1),(2994,386,2636,0.99,1),(2995,386,3298,0.99,1),(2996,386,1435,0.99,1),(2997,387,3376,0.99,1),(2998,387,337,0.99,1),(2999,387,622,0.99,1),(3000,387,1764,0.99,1),(3001,387,2562,0.99,1),(3002,387,2621,0.99,1),(3003,388,999,0.99,1),(3004,388,1000,0.99,1),(3005,388,1001,0.99,1),(3006,388,1002,0.99,1),(3007,388,1003,0.99,1),(3008,388,1004,0.99,1),(3009,388,1005,0.99,1),(3010,388,1006,0.99,1),(3011,388,1007,0.99,1),(3012,388,1008,0.99,1),(3013,389,3064,0.99,1),(3014,389,3065,0.99,1),(3015,389,3066,0.99,1),(3016,389,3067,0.99,1),(3017,389,3068,0.99,1),(3018,389,3069,0.99,1),(3019,389,3070,0.99,1),(3020,389,3071,0.99,1),(3021,389,3072,0.99,1),(3022,389,3073,0.99,1),(3023,389,3074,0.99,1),(3024,389,3075,0.99,1),(3025,389,3076,0.99,1),(3026,389,3077,0.99,1),(3027,389,3078,0.99,1),(3028,389,3079,0.99,1),(3029,389,3080,0.99,1),(3030,390,1988,0.99,1),(3031,390,2697,0.99,1),(3032,390,2371,0.99,1),(3033,391,80,0.99,1),(3034,391,82,0.99,1),(3035,391,1791,0.99,1),(3036,391,1372,0.99,1),(3037,392,1853,0.99,1),(3038,392,1854,0.99,1),(3039,392,1855,0.99,1),(3040,392,1856,0.99,1),(3041,392,1857,0.99,1),(3042,392,1858,0.99,1),(3043,392,1859,0.99,1),(3044,392,1860,0.99,1),(3045,393,1703,0.99,1),(3046,393,3006,0.99,1),(3047,393,914,0.99,1),(3048,393,2377,0.99,1),(3049,393,3465,0.99,1),(3050,393,2508,0.99,1),(3051,393,80,0.99,1),(3052,393,1136,0.99,1),(3053,393,2650,0.99,1),(3054,393,1827,0.99,1),(3055,393,3463,0.99,1),(3056,394,2736,0.99,1),(3057,394,1648,0.99,1),(3058,394,2564,0.99,1),(3059,394,2563,0.99,1),(3060,394,1035,0.99,1),(3061,394,15,0.99,1),(3062,394,1992,0.99,1),(3063,394,2683,0.99,1),(3064,395,3336,0.99,1),(3065,395,3393,0.99,1),(3066,395,1570,0.99,1),(3067,395,2659,0.99,1),(3068,395,2516,0.99,1),(3069,395,1231,0.99,1),(3070,395,757,0.99,1),(3071,395,2558,0.99,1),(3072,395,906,0.99,1),(3073,395,3257,0.99,1),(3074,396,2679,0.99,1),(3075,396,822,0.99,1),(3076,396,2548,0.99,1),(3077,396,2517,0.99,1),(3078,396,3385,0.99,1),(3079,396,2559,0.99,1),(3080,396,2590,0.99,1),(3081,396,2382,0.99,1),(3082,396,3474,0.99,1),(3083,397,1485,0.99,1),(3084,397,781,0.99,1),(3085,397,3083,0.99,1),(3086,397,3353,0.99,1),(3087,397,2563,0.99,1),(3088,397,1495,0.99,1),(3089,397,1778,0.99,1),(3090,398,2506,0.99,1),(3091,398,2507,0.99,1),(3092,398,2508,0.99,1),(3093,398,2509,0.99,1),(3094,398,2510,0.99,1),(3095,398,2511,0.99,1),(3096,398,2512,0.99,1),(3097,398,2513,0.99,1),(3098,398,2514,0.99,1),(3099,398,2515,0.99,1),(3100,398,2516,0.99,1),(3101,398,2517,0.99,1),(3102,398,2518,0.99,1),(3103,398,2519,0.99,1),(3104,398,2520,0.99,1),(3105,398,2521,0.99,1),(3106,398,2522,0.99,1),(3107,399,1146,0.99,1),(3108,399,1147,0.99,1),(3109,399,1148,0.99,1),(3110,399,1149,0.99,1),(3111,399,1150,0.99,1),(3112,399,1151,0.99,1),(3113,399,1152,0.99,1),(3114,399,1153,0.99,1),(3115,399,1154,0.99,1),(3116,399,1155,0.99,1),(3117,399,1156,0.99,1),(3118,399,1157,0.99,1),(3119,400,40,0.99,1),(3120,400,2254,0.99,1),(3121,400,2985,0.99,1),(3122,400,3127,0.99,1),(3123,401,1704,0.99,1),(3124,401,3282,0.99,1),(3125,401,943,0.99,1),(3126,401,2386,0.99,1),(3127,401,13,0.99,1),(3128,401,3089,0.99,1),(3129,401,2421,0.99,1),(3130,401,151,0.99,1),(3131,401,3299,0.99,1),(3132,401,3282,0.99,1),(3133,402,2692,0.99,1),(3134,402,2004,0.99,1),(3135,402,2443,0.99,1),(3136,402,1178,0.99,1),(3137,402,3439,0.99,1),(3138,402,1127,0.99,1),(3139,402,2320,0.99,1),(3140,402,2172,0.99,1),(3141,402,1696,0.99,1),(3142,403,3101,0.99,1),(3143,403,1489,0.99,1),(3144,403,1149,0.99,1),(3145,403,2693,0.99,1),(3146,403,2670,0.99,1),(3147,403,2304,0.99,1),(3148,403,52,0.99,1),(3149,403,1914,0.99,1),(3150,403,2197,0.99,1),(3151,404,1174,0.99,1),(3152,404,1175,0.99,1),(3153,404,1176,0.99,1),(3154,404,1177,0.99,1),(3155,404,1178,0.99,1),(3156,404,1179,0.99,1),(3157,404,1180,0.99,1),(3158,404,1181,0.99,1),(3159,404,1182,0.99,1),(3160,404,1183,0.99,1),(3161,404,1184,0.99,1),(3162,404,1185,0.99,1),(3163,404,1186,0.99,1),(3164,404,1187,0.99,1),(3165,405,542,0.99,1),(3166,405,3355,0.99,1),(3167,405,2006,0.99,1),(3168,405,3394,0.99,1),(3169,405,2401,0.99,1),(3170,405,2554,0.99,1),(3171,405,2615,0.99,1),(3172,405,3439,0.99,1),(3173,406,1460,0.99,1),(3174,406,2235,0.99,1),(3175,407,2204,0.99,1),(3176,407,2205,0.99,1),(3177,407,2207,0.99,1),(3178,407,2209,0.99,1),(3179,407,2210,0.99,1),(3180,407,2211,0.99,1),(3181,407,2212,0.99,1),(3182,407,2213,0.99,1),(3183,407,2214,0.99,1),(3184,407,2215,0.99,1),(3185,408,1220,0.99,1),(3186,408,1131,0.99,1),(3187,408,2523,0.99,1),(3188,408,1144,0.99,1),(3189,408,1790,0.99,1),(3190,408,1043,0.99,1),(3191,409,2639,0.99,1),(3192,409,1581,0.99,1),(3193,409,3475,0.99,1),(3194,409,1955,0.99,1),(3195,409,2523,0.99,1),(3196,409,1560,0.99,1),(3197,409,3081,0.99,1),(3198,409,1144,0.99,1),(3199,409,2361,0.99,1),(3200,409,1021,0.99,1),(3201,409,2673,0.99,1),(3202,410,546,0.99,1),(3203,410,2112,0.99,1),(3204,410,131,0.99,1),(3205,410,139,0.99,1),(3206,411,6,0.99,1),(3207,411,1180,0.99,1),(3208,412,2748,0.99,1),(3209,412,261,0.99,1),(3210,412,1951,0.99,1),(3211,412,1828,0.99,1),(3212,412,1561,0.99,1),(3213,412,2542,0.99,1),(3214,412,2402,0.99,1),(3215,412,2410,0.99,1),(3216,413,2690,0.99,1),(3217,413,2691,0.99,1),(3218,413,2692,0.99,1),(3219,413,2693,0.99,1),(3220,413,2694,0.99,1),(3221,413,2695,0.99,1),(3222,413,2696,0.99,1),(3223,413,2697,0.99,1),(3224,413,2698,0.99,1),(3225,413,2699,0.99,1),(3226,413,2700,0.99,1),(3227,413,2701,0.99,1),(3228,413,2702,0.99,1),(3229,413,2703,0.99,1),(3230,413,2704,0.99,1),(3231,414,1,0.99,1),(3232,414,6,0.99,1),(3233,414,7,0.99,1),(3234,414,8,0.99,1),(3235,414,9,0.99,1),(3236,414,10,0.99,1),(3237,414,11,0.99,1),(3238,414,12,0.99,1),(3239,414,13,0.99,1),(3240,414,14,0.99,1),(3241,415,3424,0.99,1),(3242,415,3114,0.99,1),(3243,415,1133,0.99,1),(3244,415,29,0.99,1),(3245,415,1459,0.99,1),(3246,415,2421,0.99,1),(3247,415,1950,0.99,1),(3248,415,426,0.99,1),(3249,415,2640,0.99,1),(3250,416,1048,0.99,1),(3251,417,1774,0.99,1),(3252,417,2658,0.99,1),(3253,417,3044,0.99,1),(3254,417,2982,0.99,1),(3255,417,2393,0.99,1),(3256,417,2237,0.99,1),(3257,417,4,0.99,1),(3258,417,1495,0.99,1),(3259,417,3293,0.99,1),(3260,417,422,0.99,1),(3261,418,2755,0.99,1),(3262,419,33,0.99,1),(3263,419,2425,0.99,1),(3264,419,1168,0.99,1),(3265,419,1008,0.99,1),(3266,419,2235,0.99,1),(3267,419,1602,0.99,1),(3268,419,164,0.99,1),(3269,419,348,0.99,1),(3270,419,897,0.99,1),(3271,419,2509,0.99,1),(3272,420,999,0.99,1),(3273,420,1000,0.99,1),(3274,420,1001,0.99,1),(3275,420,1002,0.99,1),(3276,420,1003,0.99,1),(3277,420,1004,0.99,1),(3278,420,1005,0.99,1),(3279,420,1006,0.99,1),(3280,420,1007,0.99,1),(3281,420,1008,0.99,1),(3282,421,3410,0.99,1),(3283,421,60,0.99,1),(3284,421,2275,0.99,1),(3285,421,2164,0.99,1),(3286,421,963,0.99,1),(3287,421,1,0.99,1),(3288,421,60,0.99,1),(3289,421,998,0.99,1),(3290,422,1698,0.99,1),(3291,422,2263,0.99,1),(3292,422,3060,0.99,1),(3293,422,1126,0.99,1),(3294,422,1586,0.99,1),(3295,422,3001,0.99,1),(3296,422,82,0.99,1),(3297,423,1479,0.99,1),(3298,423,2235,0.99,1),(3299,423,1871,0.99,1),(3300,423,3478,0.99,1),(3301,423,1002,0.99,1),(3302,423,2600,0.99,1),(3303,423,2740,0.99,1),(3304,423,1178,0.99,1),(3305,423,3047,0.99,1),(3306,423,3269,0.99,1),(3307,423,7,0.99,1),(3308,424,1495,0.99,1),(3309,424,3336,0.99,1),(3310,425,1483,0.99,1),(3311,426,2558,0.99,1),(3312,426,43,0.99,1),(3313,426,449,0.99,1),(3314,426,1477,0.99,1),(3315,426,2558,0.99,1),(3316,427,23,0.99,1),(3317,427,24,0.99,1),(3318,427,25,0.99,1),(3319,427,26,0.99,1),(3320,427,27,0.99,1),(3321,427,28,0.99,1),(3322,427,29,0.99,1),(3323,427,30,0.99,1),(3324,427,31,0.99,1),(3325,427,32,0.99,1),(3326,427,33,0.99,1),(3327,427,34,0.99,1),(3328,427,35,0.99,1),(3329,427,36,0.99,1),(3330,427,37,0.99,1),(3331,428,2687,0.99,1),(3332,428,1013,0.99,1),(3333,428,1591,0.99,1),(3334,428,3500,0.99,1),(3335,429,828,0.99,1),(3336,429,1484,0.99,1),(3337,429,1151,0.99,1),(3338,429,2106,0.99,1),(3339,429,2642,0.99,1),(3340,429,1419,0.99,1),(3341,429,2683,0.99,1),(3342,429,2562,0.99,1),(3343,429,1469,0.99,1),(3344,429,979,0.99,1),(3345,429,3377,0.99,1),(3346,430,1788,0.99,1),(3347,430,2649,0.99,1),(3348,431,3256,0.99,1),(3349,431,1011,0.99,1),(3350,431,160,0.99,1),(3351,431,1105,0.99,1),(3352,431,1000,0.99,1),(3353,431,1472,0.99,1),(3354,431,2292,0.99,1),(3355,431,2278,0.99,1),(3356,431,822,0.99,1),(3357,431,1441,0.99,1),(3358,432,1469,0.99,1),(3359,432,94,0.99,1),(3360,433,27,0.99,1),(3361,433,832,0.99,1),(3362,433,579,0.99,1),(3363,434,1996,0.99,1),(3364,434,3369,0.99,1),(3365,434,2646,0.99,1),(3366,434,2543,0.99,1),(3367,434,2298,0.99,1),(3368,434,3336,0.99,1),(3369,434,740,0.99,1),(3370,434,27,0.99,1),(3371,434,1427,0.99,1),(3372,434,3292,0.99,1),(3373,435,3460,0.99,1),(3374,435,529,0.99,1),(3375,435,426,0.99,1),(3376,435,784,0.99,1),(3377,435,2231,0.99,1),(3378,435,895,0.99,1),(3379,436,1692,0.99,1),(3380,436,1041,0.99,1),(3381,436,1555,0.99,1),(3382,436,77,0.99,1),(3383,436,2008,0.99,1),(3384,436,2392,0.99,1),(3385,437,301,0.99,1),(3386,437,1955,0.99,1),(3387,437,2280,0.99,1),(3388,437,1913,0.99,1),(3389,437,2653,0.99,1),(3390,437,3336,0.99,1),(3391,437,1143,0.99,1),(3392,437,3452,0.99,1),(3393,437,434,0.99,1),(3394,437,1657,0.99,1),(3395,438,1145,0.99,1),(3396,438,2736,0.99,1),(3397,438,2605,0.99,1),(3398,438,3107,0.99,1),(3399,438,1173,0.99,1),(3400,438,3289,0.99,1),(3401,438,2293,0.99,1),(3402,438,151,0.99,1),(3403,438,1652,0.99,1),(3404,438,421,0.99,1),(3405,438,1849,0.99,1),(3406,439,2515,0.99,1),(3407,439,2687,0.99,1),(3408,439,2214,0.99,1),(3409,439,1549,0.99,1),(3410,439,2735,0.99,1),(3411,439,423,0.99,1),(3412,439,1424,0.99,1),(3413,440,88,0.99,1),(3414,440,1886,0.99,1),(3415,440,2648,0.99,1),(3416,441,2743,0.99,1),(3417,441,2226,0.99,1),(3418,441,1725,0.99,1),(3419,441,3437,0.99,1),(3420,441,2653,0.99,1),(3421,441,1079,0.99,1),(3422,441,3495,0.99,1),(3423,442,572,0.99,1),(3424,442,2229,0.99,1),(3425,442,2365,0.99,1),(3426,442,2113,0.99,1),(3427,443,2004,0.99,1),(3428,443,433,0.99,1),(3429,443,3006,0.99,1),(3430,443,676,0.99,1),(3431,443,3085,0.99,1),(3432,443,13,0.99,1),(3433,443,2395,0.99,1),(3434,443,2664,0.99,1),(3435,444,2229,0.99,1),(3436,444,2230,0.99,1),(3437,444,2231,0.99,1),(3438,444,2232,0.99,1),(3439,444,2233,0.99,1),(3440,444,2234,0.99,1),(3441,444,2235,0.99,1),(3442,444,2236,0.99,1),(3443,444,2237,0.99,1),(3444,445,2220,0.99,1),(3445,445,411,0.99,1),(3446,445,3478,0.99,1),(3447,445,2108,0.99,1),(3448,446,1,0.99,1),(3449,446,7,0.99,1),(3450,446,8,0.99,1),(3451,446,9,0.99,1),(3452,446,10,0.99,1),(3453,446,11,0.99,1),(3454,446,12,0.99,1),(3455,446,13,0.99,1),(3456,446,14,0.99,1),(3457,447,2285,0.99,1),(3458,447,2286,0.99,1),(3459,447,2287,0.99,1),(3460,447,2288,0.99,1),(3461,447,2289,0.99,1),(3462,447,2290,0.99,1),(3463,447,2291,0.99,1),(3464,447,2292,0.99,1),(3465,447,2293,0.99,1),(3466,447,2294,0.99,1),(3467,447,2295,0.99,1),(3468,448,2152,0.99,1),(3469,448,2413,0.99,1),(3470,448,917,0.99,1),(3471,448,2444,0.99,1),(3472,448,1554,0.99,1),(3473,448,3470,0.99,1),(3474,448,186,0.99,1),(3475,448,1556,0.99,1),(3476,448,2215,0.99,1),(3477,448,2554,0.99,1),(3478,449,1479,0.99,1),(3479,449,1480,0.99,1),(3480,449,1481,0.99,1),(3481,449,1482,0.99,1),(3482,449,1483,0.99,1),(3483,449,1484,0.99,1),(3484,449,1485,0.99,1),(3485,449,1486,0.99,1),(3486,449,1487,0.99,1),(3487,449,1488,0.99,1),(3488,449,1489,0.99,1),(3489,449,1490,0.99,1),(3490,449,1491,0.99,1),(3491,449,1492,0.99,1),(3492,449,1493,0.99,1),(3493,449,1494,0.99,1),(3494,449,1495,0.99,1),(3495,450,3009,0.99,1),(3496,450,1984,0.99,1),(3497,450,2744,0.99,1),(3498,450,424,0.99,1),(3499,450,3495,0.99,1),(3500,450,894,0.99,1),(3501,450,573,0.99,1),(3502,451,3044,0.99,1),(3503,452,921,0.99,1),(3504,452,1130,0.99,1),(3505,452,2685,0.99,1),(3506,452,572,0.99,1),(3507,452,2603,0.99,1),(3508,452,1615,0.99,1),(3509,452,3336,0.99,1),(3510,452,2645,0.99,1),(3511,453,3461,0.99,1),(3512,453,1168,0.99,1),(3513,453,431,0.99,1),(3514,453,9,0.99,1),(3515,453,911,0.99,1),(3516,454,1986,0.99,1),(3517,454,1987,0.99,1),(3518,454,1988,0.99,1),(3519,454,1989,0.99,1),(3520,454,1990,0.99,1),(3521,454,1991,0.99,1),(3522,454,1992,0.99,1),(3523,454,1994,0.99,1),(3524,454,1995,0.99,1),(3525,454,1996,0.99,1),(3526,454,1998,0.99,1),(3527,454,1999,0.99,1),(3528,454,2000,0.99,1),(3529,454,2001,0.99,1),(3530,454,2002,0.99,1),(3531,455,2740,0.99,1),(3532,455,2327,0.99,1),(3533,455,2401,0.99,1),(3534,455,836,0.99,1),(3535,455,1622,0.99,1),(3536,456,711,0.99,1),(3537,456,2005,0.99,1),(3538,456,6,0.99,1),(3539,456,1552,0.99,1),(3540,456,2292,0.99,1),(3541,456,900,0.99,1),(3542,456,3495,0.99,1),(3543,456,1810,0.99,1),(3544,456,2943,0.99,1),(3545,456,3495,0.99,1),(3546,457,1562,0.99,1),(3547,457,1563,0.99,1),(3548,457,1564,0.99,1),(3549,457,1565,0.99,1),(3550,457,1566,0.99,1),(3551,457,1567,0.99,1),(3552,457,1568,0.99,1),(3553,457,1569,0.99,1),(3554,457,1570,0.99,1),(3555,457,1571,0.99,1),(3556,457,1572,0.99,1),(3557,457,1573,0.99,1),(3558,457,1574,0.99,1),(3559,457,1575,0.99,1),(3560,457,1576,0.99,1),(3561,458,3473,0.99,1),(3562,459,226,0.99,1),(3563,459,2001,0.99,1),(3564,460,78,0.99,1),(3565,460,1439,0.99,1),(3566,460,2702,0.99,1),(3567,460,1457,0.99,1),(3568,460,2688,0.99,1),(3569,460,3071,0.99,1),(3570,460,701,0.99,1),(3571,460,51,0.99,1),(3572,460,530,0.99,1),(3573,460,2417,0.99,1),(3574,460,2437,0.99,1),(3575,461,2666,0.99,1),(3576,461,2325,0.99,1),(3577,461,237,0.99,1),(3578,461,160,0.99,1),(3579,461,419,0.99,1),(3580,461,2561,0.99,1),(3581,461,1942,0.99,1),(3582,461,3049,0.99,1),(3583,462,2645,0.99,1),(3584,462,1493,0.99,1),(3585,462,3478,0.99,1),(3586,462,2340,0.99,1),(3587,462,147,0.99,1),(3588,462,3374,0.99,1),(3589,462,6,0.99,1),(3590,462,615,0.99,1),(3591,462,446,0.99,1),(3592,463,38,0.99,1),(3593,463,39,0.99,1),(3594,463,40,0.99,1),(3595,463,41,0.99,1),(3596,463,42,0.99,1),(3597,463,44,0.99,1),(3598,463,45,0.99,1),(3599,463,46,0.99,1),(3600,463,47,0.99,1),(3601,463,48,0.99,1),(3602,463,49,0.99,1),(3603,463,50,0.99,1),(3604,464,3003,0.99,1),(3605,464,3087,0.99,1),(3606,464,2558,0.99,1),(3607,464,38,0.99,1),(3608,465,149,0.99,1),(3609,465,150,0.99,1),(3610,465,151,0.99,1),(3611,465,152,0.99,1),(3612,465,153,0.99,1),(3613,465,154,0.99,1),(3614,465,155,0.99,1),(3615,466,428,0.99,1),(3616,466,2379,0.99,1),(3617,466,73,0.99,1),(3618,466,2634,0.99,1),(3619,467,3424,0.99,1),(3620,467,1789,0.99,1),(3621,467,2262,0.99,1),(3622,467,1802,0.99,1),(3623,467,2012,0.99,1),(3624,467,154,0.99,1),(3625,467,1956,0.99,1),(3626,467,3128,0.99,1),(3627,467,207,0.99,1),(3628,467,477,0.99,1),(3629,468,2149,0.99,1),(3630,468,2150,0.99,1),(3631,468,2151,0.99,1),(3632,468,2152,0.99,1),(3633,468,2153,0.99,1),(3634,468,2154,0.99,1),(3635,468,2155,0.99,1),(3636,468,2156,0.99,1),(3637,468,2157,0.99,1),(3638,468,2158,0.99,1),(3639,468,2159,0.99,1),(3640,468,2160,0.99,1),(3641,468,2161,0.99,1),(3642,468,2162,0.99,1),(3643,468,2163,0.99,1),(3644,468,2164,0.99,1),(3645,469,2232,0.99,1),(3646,470,2303,0.99,1),(3647,470,94,0.99,1),(3648,471,2368,0.99,1),(3649,472,697,0.99,1),(3650,472,3465,0.99,1),(3651,472,2649,0.99,1),(3652,473,3115,0.99,1),(3653,473,3113,0.99,1),(3654,473,3293,0.99,1),(3655,473,2690,0.99,1),(3656,474,479,0.99,1),(3657,474,1138,0.99,1),(3658,474,2373,0.99,1),(3659,474,2558,0.99,1),(3660,474,2151,0.99,1),(3661,474,1015,0.99,1),(3662,474,831,0.99,1),(3663,475,1162,0.99,1),(3664,475,1646,0.99,1),(3665,475,2407,0.99,1),(3666,475,3027,0.99,1),(3667,475,32,0.99,1),(3668,475,1512,0.99,1),(3669,475,1143,0.99,1),(3670,475,2237,0.99,1),(3671,476,39,0.99,1),(3672,476,2426,0.99,1),(3673,476,32,0.99,1),(3674,476,3106,0.99,1),(3675,476,12,0.99,1),(3676,476,2701,0.99,1),(3677,476,19,0.99,1),(3678,476,2207,0.99,1),(3679,476,3034,0.99,1),(3680,476,1435,0.99,1),(3681,476,810,0.99,1),(3682,477,3051,0.99,1),(3683,477,346,0.99,1),(3684,477,1946,0.99,1),(3685,477,1489,0.99,1),(3686,477,2554,0.99,1),(3687,477,528,0.99,1),(3688,477,682,0.99,1),(3689,478,1479,0.99,1),(3690,478,1480,0.99,1),(3691,478,1481,0.99,1),(3692,478,1482,0.99,1),(3693,478,1483,0.99,1),(3694,478,1484,0.99,1),(3695,478,1485,0.99,1),(3696,478,1486,0.99,1),(3697,478,1487,0.99,1),(3698,478,1488,0.99,1),(3699,478,1489,0.99,1),(3700,478,1490,0.99,1),(3701,478,1491,0.99,1),(3702,478,1492,0.99,1),(3703,478,1493,0.99,1),(3704,478,1494,0.99,1),(3705,478,1495,0.99,1),(3706,479,419,0.99,1),(3707,479,420,0.99,1),(3708,479,421,0.99,1),(3709,479,422,0.99,1),(3710,479,423,0.99,1),(3711,479,424,0.99,1),(3712,479,425,0.99,1),(3713,479,426,0.99,1),(3714,479,427,0.99,1),(3715,479,428,0.99,1),(3716,479,429,0.99,1),(3717,479,430,0.99,1),(3718,479,431,0.99,1),(3719,479,432,0.99,1),(3720,479,433,0.99,1),(3721,479,434,0.99,1),(3722,479,435,0.99,1),(3723,480,2659,0.99,1),(3724,480,2433,0.99,1),(3725,480,1623,0.99,1),(3726,480,1033,0.99,1),(3727,480,1558,0.99,1),(3728,480,1949,0.99,1),(3729,480,1487,0.99,1),(3730,480,1128,0.99,1),(3731,480,3288,0.99,1),(3732,480,2264,0.99,1),(3733,481,1164,0.99,1),(3734,481,475,0.99,1),(3735,481,1602,0.99,1),(3736,481,778,0.99,1),(3737,482,2648,0.99,1),(3738,482,1268,0.99,1),(3739,482,3060,0.99,1),(3740,482,480,0.99,1),(3741,482,27,0.99,1),(3742,482,1158,0.99,1),(3743,482,1292,0.99,1),(3744,482,2651,0.99,1),(3745,483,21,0.99,1),(3746,483,52,0.99,1),(3747,483,138,0.99,1),(3748,483,2693,0.99,1),(3749,483,3387,0.99,1),(3750,484,1424,0.99,1),(3751,484,1466,0.99,1),(3752,484,2292,0.99,1),(3753,485,1434,0.99,1),(3754,485,1435,0.99,1),(3755,485,1436,0.99,1),(3756,485,1437,0.99,1),(3757,485,1438,0.99,1),(3758,485,1439,0.99,1),(3759,485,1440,0.99,1),(3760,485,1441,0.99,1),(3761,485,1442,0.99,1),(3762,485,1443,0.99,1),(3763,486,3104,0.99,1),(3764,486,2236,0.99,1),(3765,486,82,0.99,1),(3766,486,2994,0.99,1),(3767,486,2347,0.99,1),(3768,486,3094,0.99,1),(3769,486,1419,0.99,1),(3770,486,3115,0.99,1),(3771,486,3409,0.99,1),(3772,487,3089,0.99,1),(3773,487,3102,0.99,1),(3774,487,2431,0.99,1),(3775,487,1187,0.99,1),(3776,487,1789,0.99,1),(3777,487,1169,0.99,1),(3778,487,16,0.99,1),(3779,487,2269,0.99,1),(3780,487,2424,0.99,1),(3781,487,1978,0.99,1),(3782,488,1902,0.99,1),(3783,488,1903,0.99,1),(3784,488,1904,0.99,1),(3785,488,1905,0.99,1),(3786,488,1906,0.99,1),(3787,488,1907,0.99,1),(3788,488,1908,0.99,1),(3789,488,1909,0.99,1),(3790,488,1910,0.99,1),(3791,488,1911,0.99,1),(3792,488,1912,0.99,1),(3793,488,1913,0.99,1),(3794,488,1914,0.99,1),(3795,488,1915,0.99,1),(3796,489,1865,0.99,1),(3797,489,2674,0.99,1),(3798,489,2395,0.99,1),(3799,490,1994,0.99,1),(3800,490,1139,0.99,1),(3801,490,2742,0.99,1),(3802,490,2775,0.99,1),(3803,490,1800,0.99,1),(3804,490,905,0.99,1),(3805,490,794,0.99,1),(3806,490,3399,0.99,1),(3807,490,1442,0.99,1),(3808,491,2558,0.99,1),(3809,491,3050,0.99,1),(3810,492,2555,0.99,1),(3811,492,1250,0.99,1),(3812,492,1492,0.99,1),(3813,492,1794,0.99,1),(3814,492,532,0.99,1),(3815,493,3081,0.99,1),(3816,493,1854,0.99,1),(3817,493,536,0.99,1),(3818,493,836,0.99,1),(3819,494,3288,0.99,1),(3820,494,3289,0.99,1),(3821,494,3290,0.99,1),(3822,494,3291,0.99,1),(3823,494,3293,0.99,1),(3824,494,3294,0.99,1),(3825,494,3295,0.99,1),(3826,494,3296,0.99,1),(3827,494,3297,0.99,1),(3828,494,3299,0.99,1),(3829,495,1019,0.99,1),(3830,496,1,0.99,1),(3831,496,6,0.99,1),(3832,496,8,0.99,1),(3833,496,9,0.99,1),(3834,496,10,0.99,1),(3835,496,11,0.99,1),(3836,496,12,0.99,1),(3837,496,14,0.99,1),(3838,497,2553,0.99,1),(3839,497,2651,0.99,1),(3840,497,2639,0.99,1),(3841,497,2689,0.99,1),(3842,497,2738,0.99,1),(3843,497,3302,0.99,1),(3844,497,1141,0.99,1),(3845,498,2297,0.99,1),(3846,498,2562,0.99,1),(3847,498,2746,0.99,1),(3848,498,1780,0.99,1),(3849,499,1009,0.99,1),(3850,499,1010,0.99,1),(3851,499,1011,0.99,1),(3852,499,1012,0.99,1),(3853,499,1013,0.99,1),(3854,499,1014,0.99,1),(3855,499,1015,0.99,1),(3856,499,1016,0.99,1),(3857,499,1018,0.99,1),(3858,499,1019,0.99,1),(3859,500,2662,0.99,1),(3860,500,1617,0.99,1),(3861,500,2949,0.99,1),(3862,500,1120,0.99,1),(3863,500,163,0.99,1),(3864,500,46,0.99,1),(3865,500,1876,0.99,1),(3866,500,1669,0.99,1),(3867,500,487,0.99,1),(3868,501,1466,0.99,1),(3869,501,1467,0.99,1),(3870,501,1468,0.99,1),(3871,501,1469,0.99,1),(3872,501,1470,0.99,1),(3873,501,1471,0.99,1),(3874,501,1472,0.99,1),(3875,501,1473,0.99,1),(3876,501,1474,0.99,1),(3877,501,1475,0.99,1),(3878,501,1476,0.99,1),(3879,501,1477,0.99,1),(3880,501,1478,0.99,1),(3881,502,2741,0.99,1),(3882,502,158,0.99,1),(3883,502,1167,0.99,1),(3884,502,2235,0.99,1),(3885,503,409,0.99,1),(3886,503,1480,0.99,1),(3887,503,2296,0.99,1),(3888,503,1054,0.99,1),(3889,503,2679,0.99,1),(3890,503,2369,0.99,1),(3891,503,1130,0.99,1),(3892,503,1951,0.99,1),(3893,503,2662,0.99,1),(3894,503,459,0.99,1),(3895,504,2467,0.99,1),(3896,504,3069,0.99,1),(3897,504,1223,0.99,1),(3898,504,1744,0.99,1),(3899,504,188,0.99,1),(3900,504,4,0.99,1),(3901,504,1580,0.99,1),(3902,504,2652,0.99,1),(3903,504,2376,0.99,1),(3904,504,1344,0.99,1),(3905,504,3333,0.99,1),(3906,505,3424,0.99,1),(3907,506,1479,0.99,1),(3908,506,1480,0.99,1),(3909,506,1481,0.99,1),(3910,506,1482,0.99,1),(3911,506,1483,0.99,1),(3912,506,1484,0.99,1),(3913,506,1485,0.99,1),(3914,506,1486,0.99,1),(3915,506,1487,0.99,1),(3916,506,1488,0.99,1),(3917,506,1489,0.99,1),(3918,506,1490,0.99,1),(3919,506,1491,0.99,1),(3920,506,1492,0.99,1),(3921,506,1494,0.99,1),(3922,506,1495,0.99,1),(3923,507,82,0.99,1),(3924,508,152,0.99,1),(3925,508,1778,0.99,1),(3926,508,917,0.99,1),(3927,508,2234,0.99,1),(3928,508,2381,0.99,1),(3929,508,1950,0.99,1),(3930,508,3275,0.99,1),(3931,508,207,0.99,1),(3932,508,3473,0.99,1),(3933,509,204,0.99,1),(3934,509,2429,0.99,1),(3935,509,26,0.99,1),(3936,509,199,0.99,1),(3937,509,1956,0.99,1),(3938,509,3336,0.99,1),(3939,509,2515,0.99,1),(3940,510,2285,0.99,1),(3941,510,2286,0.99,1),(3942,510,2287,0.99,1),(3943,510,2288,0.99,1),(3944,510,2289,0.99,1),(3945,510,2290,0.99,1),(3946,510,2291,0.99,1),(3947,510,2293,0.99,1),(3948,510,2294,0.99,1),(3949,510,2295,0.99,1),(3950,511,149,0.99,1),(3951,511,150,0.99,1),(3952,511,151,0.99,1),(3953,511,152,0.99,1),(3954,511,153,0.99,1),(3955,511,154,0.99,1),(3956,511,155,0.99,1),(3957,512,807,0.99,1),(3958,512,808,0.99,1),(3959,512,809,0.99,1),(3960,512,810,0.99,1),(3961,512,811,0.99,1),(3962,512,812,0.99,1),(3963,512,813,0.99,1),(3964,512,814,0.99,1),(3965,512,815,0.99,1),(3966,513,2546,0.99,1),(3967,513,2234,0.99,1),(3968,513,2220,0.99,1),(3969,513,937,0.99,1),(3970,513,2332,0.99,1),(3971,513,1459,0.99,1),(3972,513,2675,0.99,1),(3973,513,93,0.99,1),(3974,513,697,0.99,1),(3975,513,3017,0.99,1),(3976,513,1040,0.99,1),(3977,514,3103,0.99,1),(3978,514,1591,0.99,1),(3979,514,1176,0.99,1),(3980,515,2731,0.99,1),(3981,515,3393,0.99,1),(3982,515,2696,0.99,1),(3983,516,2735,0.99,1),(3984,516,1039,0.99,1),(3985,517,2573,0.99,1),(3986,517,1111,0.99,1),(3987,517,62,0.99,1),(3988,517,3495,0.99,1),(3989,517,915,0.99,1),(3990,517,2573,0.99,1),(3991,517,1988,0.99,1),(3992,517,36,0.99,1),(3993,517,445,0.99,1),(3994,518,3465,0.99,1),(3995,518,1551,0.99,1),(3996,519,1800,0.99,1),(3997,519,612,0.99,1),(3998,519,1528,0.99,1),(3999,519,477,0.99,1),(4000,519,3461,0.99,1),(4001,519,1563,0.99,1),(4002,519,834,0.99,1),(4003,520,3308,0.99,1),(4004,520,142,0.99,1),(4005,520,2607,0.99,1),(4006,520,1988,0.99,1),(4007,520,2658,0.99,1),(4008,520,2001,0.99,1),(4009,520,428,0.99,1),(4010,520,2663,0.99,1),(4011,520,421,0.99,1),(4012,520,16,0.99,1),(4013,521,3000,0.99,1),(4014,521,2649,0.99,1),(4015,521,2732,0.99,1),(4016,521,992,0.99,1),(4017,522,3048,0.99,1),(4018,522,800,0.99,1),(4019,522,2236,0.99,1),(4020,522,2554,0.99,1),(4021,522,2646,0.99,1),(4022,522,1180,0.99,1),(4023,522,950,0.99,1),(4024,522,3112,0.99,1),(4025,523,3355,0.99,1),(4026,523,1048,0.99,1),(4027,523,1030,0.99,1),(4028,523,79,0.99,1),(4029,523,1023,0.99,1),(4030,523,1489,0.99,1),(4031,523,2303,0.99,1),(4032,523,3458,0.99,1),(4033,524,2690,0.99,1),(4034,524,2268,0.99,1),(4035,524,1623,0.99,1),(4036,524,444,0.99,1),(4037,524,920,0.99,1),(4038,525,2683,0.99,1),(4039,525,1109,0.99,1),(4040,525,23,0.99,1),(4041,525,990,0.99,1),(4042,525,1950,0.99,1),(4043,525,3067,0.99,1),(4044,525,26,0.99,1),(4045,525,6,0.99,1),(4046,525,165,0.99,1),(4047,525,2229,0.99,1),(4048,526,436,0.99,1),(4049,526,437,0.99,1),(4050,526,438,0.99,1),(4051,526,439,0.99,1),(4052,526,440,0.99,1),(4053,526,441,0.99,1),(4054,526,442,0.99,1),(4055,526,443,0.99,1),(4056,526,444,0.99,1),(4057,526,445,0.99,1),(4058,526,446,0.99,1),(4059,526,447,0.99,1),(4060,526,448,0.99,1),(4061,526,449,0.99,1),(4062,526,450,0.99,1),(4063,526,451,0.99,1),(4064,526,452,0.99,1),(4065,526,453,0.99,1),(4066,526,454,0.99,1),(4067,526,455,0.99,1),(4068,527,482,0.99,1),(4069,527,2647,0.99,1),(4070,527,36,0.99,1),(4071,527,3293,0.99,1),(4072,527,1905,0.99,1),(4073,527,1426,0.99,1),(4074,527,1129,0.99,1),(4075,527,1115,0.99,1),(4076,527,2680,0.99,1),(4077,527,3478,0.99,1),(4078,527,219,0.99,1),(4079,528,1479,0.99,1),(4080,528,1480,0.99,1),(4081,528,1481,0.99,1),(4082,528,1482,0.99,1),(4083,528,1483,0.99,1),(4084,528,1484,0.99,1),(4085,528,1485,0.99,1),(4086,528,1486,0.99,1),(4087,528,1487,0.99,1),(4088,528,1488,0.99,1),(4089,528,1490,0.99,1),(4090,528,1491,0.99,1),(4091,528,1492,0.99,1),(4092,528,1493,0.99,1),(4093,528,1494,0.99,1),(4094,528,1495,0.99,1),(4095,529,3375,0.99,1),(4096,529,3376,0.99,1),(4097,529,3377,0.99,1),(4098,529,3378,0.99,1),(4099,529,3379,0.99,1),(4100,529,3380,0.99,1),(4101,529,3381,0.99,1),(4102,529,3382,0.99,1),(4103,529,3383,0.99,1),(4104,529,3384,0.99,1),(4105,529,3385,0.99,1),(4106,529,3386,0.99,1),(4107,529,3387,0.99,1),(4108,529,3388,0.99,1),(4109,530,2231,0.99,1),(4110,531,2650,0.99,1),(4111,531,2651,0.99,1),(4112,531,2652,0.99,1),(4113,531,2654,0.99,1),(4114,531,2655,0.99,1),(4115,531,2656,0.99,1),(4116,531,2657,0.99,1),(4117,531,2658,0.99,1),(4118,531,2660,0.99,1),(4119,531,2661,0.99,1),(4120,531,2662,0.99,1),(4121,531,2663,0.99,1),(4122,532,63,0.99,1),(4123,532,64,0.99,1),(4124,532,65,0.99,1),(4125,532,66,0.99,1),(4126,532,67,0.99,1),(4127,532,68,0.99,1),(4128,532,69,0.99,1),(4129,532,70,0.99,1),(4130,532,71,0.99,1),(4131,532,72,0.99,1),(4132,532,73,0.99,1),(4133,532,74,0.99,1),(4134,532,75,0.99,1),(4135,532,76,0.99,1),(4136,533,2165,0.99,1),(4137,533,2166,0.99,1),(4138,533,2167,0.99,1),(4139,533,2168,0.99,1),(4140,533,2169,0.99,1),(4141,533,2170,0.99,1),(4142,533,2171,0.99,1),(4143,533,2172,0.99,1),(4144,533,2173,0.99,1),(4145,533,2174,0.99,1),(4146,533,2175,0.99,1),(4147,533,2176,0.99,1),(4148,533,2177,0.99,1),(4149,534,1815,0.99,1),(4150,534,157,0.99,1),(4151,534,2172,0.99,1),(4152,534,1018,0.99,1),(4153,534,894,0.99,1),(4154,534,10,0.99,1),(4155,535,1033,0.99,1),(4156,536,2733,0.99,1),(4157,536,2600,0.99,1),(4158,536,1757,0.99,1),(4159,536,419,0.99,1),(4160,536,2307,0.99,1),(4161,536,2233,0.99,1),(4162,537,1853,0.99,1),(4163,537,1854,0.99,1),(4164,537,1855,0.99,1),(4165,537,1856,0.99,1),(4166,537,1857,0.99,1),(4167,537,1858,0.99,1),(4168,537,1859,0.99,1),(4169,537,1860,0.99,1),(4170,538,2302,0.99,1),(4171,538,2382,0.99,1),(4172,538,991,0.99,1),(4173,538,1055,0.99,1),(4174,538,2655,0.99,1),(4175,538,426,0.99,1),(4176,538,2261,0.99,1),(4177,538,973,0.99,1),(4178,538,2232,0.99,1),(4179,539,3284,0.99,1),(4180,540,3467,0.99,1),(4181,540,3468,0.99,1),(4182,540,3469,0.99,1),(4183,540,3470,0.99,1),(4184,540,3471,0.99,1),(4185,540,3472,0.99,1),(4186,540,3473,0.99,1),(4187,540,3474,0.99,1),(4188,540,3475,0.99,1),(4189,540,3476,0.99,1),(4190,540,3477,0.99,1),(4191,541,48,0.99,1),(4192,541,989,0.99,1),(4193,541,427,0.99,1),(4194,542,1121,0.99,1),(4195,542,1122,0.99,1),(4196,542,1123,0.99,1),(4197,542,1124,0.99,1),(4198,542,1125,0.99,1),(4199,542,1126,0.99,1),(4200,542,1127,0.99,1),(4201,542,1128,0.99,1),(4202,542,1129,0.99,1),(4203,542,1130,0.99,1),(4204,542,1132,0.99,1),(4205,543,3253,0.99,1),(4206,543,1598,0.99,1),(4207,543,707,0.99,1),(4208,544,1955,0.99,1),(4209,544,421,0.99,1),(4210,544,2335,0.99,1),(4211,544,1121,0.99,1),(4212,544,3474,0.99,1),(4213,544,597,0.99,1),(4214,544,1205,0.99,1),(4215,544,2945,0.99,1),(4216,544,2652,0.99,1),(4217,545,2118,0.99,1),(4218,545,1005,0.99,1),(4219,545,1471,0.99,1),(4220,545,2757,0.99,1),(4221,545,695,0.99,1),(4222,545,225,0.99,1),(4223,545,2557,0.99,1),(4224,545,1649,0.99,1),(4225,546,684,0.99,1),(4226,546,150,0.99,1),(4227,546,2668,0.99,1),(4228,546,2233,0.99,1),(4229,546,2597,0.99,1),(4230,546,2177,0.99,1),(4231,546,1788,0.99,1),(4232,547,2007,0.99,1),(4233,547,901,0.99,1),(4234,547,1167,0.99,1),(4235,547,1420,0.99,1),(4236,547,1490,0.99,1),(4237,547,2746,0.99,1),(4238,547,1938,0.99,1),(4239,547,1051,0.99,1),(4240,547,1466,0.99,1),(4241,547,3469,0.99,1),(4242,548,2097,0.99,1),(4243,548,2384,0.99,1),(4244,548,22,0.99,1),(4245,548,1487,0.99,1),(4246,548,1567,0.99,1),(4247,548,963,0.99,1),(4248,548,4,0.99,1),(4249,548,3478,0.99,1),(4250,548,2225,0.99,1),(4251,548,1850,0.99,1),(4252,548,1457,0.99,1),(4253,549,2554,0.99,1),(4254,549,3375,0.99,1),(4255,549,3296,0.99,1),(4256,549,2376,0.99,1),(4257,549,2655,0.99,1),(4258,549,61,0.99,1),(4259,549,970,0.99,1),(4260,549,2161,0.99,1),(4261,549,1182,0.99,1),(4262,549,3081,0.99,1),(4263,549,3303,0.99,1),(4264,550,1122,0.99,1),(4265,550,1123,0.99,1),(4266,550,1124,0.99,1),(4267,550,1125,0.99,1),(4268,550,1126,0.99,1),(4269,550,1127,0.99,1),(4270,550,1128,0.99,1),(4271,550,1129,0.99,1),(4272,550,1130,0.99,1),(4273,550,1131,0.99,1),(4274,551,1121,0.99,1),(4275,551,1122,0.99,1),(4276,551,1123,0.99,1),(4277,551,1124,0.99,1),(4278,551,1125,0.99,1),(4279,551,1126,0.99,1),(4280,551,1127,0.99,1),(4281,551,1128,0.99,1),(4282,551,1130,0.99,1),(4283,551,1131,0.99,1),(4284,551,1132,0.99,1),(4285,552,2265,0.99,1),(4286,552,1994,0.99,1),(4287,552,1009,0.99,1),(4288,552,904,0.99,1),(4289,552,2000,0.99,1),(4290,552,2960,0.99,1),(4291,553,2749,0.99,1),(4292,553,2378,0.99,1),(4293,553,2102,0.99,1),(4294,553,2230,0.99,1),(4295,553,2304,0.99,1),(4296,554,619,0.99,1),(4297,554,517,0.99,1),(4298,554,2235,0.99,1),(4299,554,1466,0.99,1),(4300,554,917,0.99,1),(4301,554,2418,0.99,1),(4302,554,1439,0.99,1),(4303,554,898,0.99,1),(4304,554,968,0.99,1),(4305,555,1415,0.99,1),(4306,555,2227,0.99,1),(4307,556,2461,0.99,1),(4308,556,2462,0.99,1),(4309,556,2463,0.99,1),(4310,556,2464,0.99,1),(4311,556,2465,0.99,1),(4312,556,2466,0.99,1),(4313,556,2467,0.99,1),(4314,556,2468,0.99,1),(4315,556,2469,0.99,1),(4316,556,2470,0.99,1),(4317,556,2471,0.99,1),(4318,557,2561,0.99,1),(4319,557,2603,0.99,1),(4320,557,3100,0.99,1),(4321,557,925,0.99,1),(4322,557,608,0.99,1),(4323,557,3327,0.99,1),(4324,557,3268,0.99,1),(4325,557,2302,0.99,1),(4326,557,2651,0.99,1),(4327,557,922,0.99,1),(4328,558,697,0.99,1),(4329,558,1284,0.99,1),(4330,558,3368,0.99,1),(4331,558,1422,0.99,1),(4332,558,474,0.99,1),(4333,558,1490,0.99,1),(4334,558,2400,0.99,1),(4335,558,103,0.99,1),(4336,558,608,0.99,1),(4337,558,750,0.99,1),(4338,558,3458,0.99,1),(4339,559,2976,0.99,1),(4340,559,900,0.99,1),(4341,559,1995,0.99,1),(4342,559,2961,0.99,1),(4343,559,3304,0.99,1),(4344,559,2742,0.99,1),(4345,560,2414,0.99,1),(4346,560,2515,0.99,1),(4347,560,3078,0.99,1),(4348,560,1025,0.99,1),(4349,560,3473,0.99,1),(4350,560,3379,0.99,1),(4351,560,2563,0.99,1),(4352,560,2260,0.99,1),(4353,560,1475,0.99,1),(4354,561,1036,0.99,1),(4355,561,1172,0.99,1),(4356,561,739,0.99,1),(4357,561,2296,0.99,1),(4358,561,918,0.99,1),(4359,561,1501,0.99,1),(4360,561,1495,0.99,1),(4361,562,2205,0.99,1),(4362,562,1051,0.99,1),(4363,562,1436,0.99,1),(4364,562,3457,0.99,1),(4365,562,44,0.99,1),(4366,562,1797,0.99,1),(4367,562,3117,0.99,1),(4368,562,2662,0.99,1),(4369,562,80,0.99,1),(4370,563,1617,0.99,1),(4371,563,2981,0.99,1),(4372,564,1129,0.99,1),(4373,564,2270,0.99,1),(4374,564,2606,0.99,1),(4375,564,3291,0.99,1),(4376,564,2420,0.99,1),(4377,564,2759,0.99,1),(4378,565,21,0.99,1),(4379,565,228,0.99,1),(4380,565,2425,0.99,1),(4381,565,1419,0.99,1),(4382,565,3059,0.99,1),(4383,565,41,0.99,1),(4384,565,2944,0.99,1),(4385,565,1032,0.99,1),(4386,565,411,0.99,1),(4387,565,3439,0.99,1),(4388,566,2657,0.99,1),(4389,566,1788,0.99,1),(4390,566,3271,0.99,1),(4391,566,3031,0.99,1),(4392,566,3358,0.99,1),(4393,567,481,0.99,1),(4394,567,3109,0.99,1),(4395,567,1977,0.99,1),(4396,567,1240,0.99,1),(4397,567,2643,0.99,1),(4398,567,1668,0.99,1),(4399,567,3023,0.99,1),(4400,567,432,0.99,1),(4401,568,2086,0.99,1),(4402,568,1531,0.99,1),(4403,568,17,0.99,1),(4404,568,2281,0.99,1),(4405,568,89,0.99,1),(4406,568,2650,0.99,1),(4407,568,615,0.99,1),(4408,569,6,0.99,1),(4409,570,1820,0.99,1),(4410,570,1521,0.99,1),(4411,570,1780,0.99,1),(4412,571,2952,0.99,1),(4413,571,93,0.99,1),(4414,571,2675,0.99,1),(4415,572,2169,0.99,1),(4416,572,1134,0.99,1),(4417,572,3289,0.99,1),(4418,572,1188,0.99,1),(4419,572,1797,0.99,1),(4420,573,2407,0.99,1),(4421,573,1912,0.99,1),(4422,573,1379,0.99,1),(4423,573,1601,0.99,1),(4424,573,3110,0.99,1),(4425,573,1161,0.99,1),(4426,573,21,0.99,1),(4427,573,2419,0.99,1),(4428,573,802,0.99,1),(4429,573,1312,0.99,1),(4430,573,3108,0.99,1),(4431,574,2391,0.99,1),(4432,574,2268,0.99,1),(4433,574,1306,0.99,1),(4434,574,2563,0.99,1),(4435,574,85,0.99,1),(4436,574,160,0.99,1),(4437,574,2584,0.99,1),(4438,574,1489,0.99,1),(4439,574,3377,0.99,1),(4440,574,2302,0.99,1),(4441,574,2544,0.99,1),(4442,575,2352,0.99,1),(4443,575,897,0.99,1),(4444,575,3290,0.99,1),(4445,575,1620,0.99,1),(4446,576,9,0.99,1),(4447,576,989,0.99,1),(4448,576,2639,0.99,1),(4449,576,415,0.99,1),(4450,576,851,0.99,1),(4451,576,548,0.99,1),(4452,577,604,0.99,1),(4453,577,3310,0.99,1),(4454,577,3465,0.99,1),(4455,577,1602,0.99,1),(4456,577,3336,0.99,1),(4457,577,1944,0.99,1),(4458,577,23,0.99,1),(4459,577,1046,0.99,1),(4460,577,1004,0.99,1),(4461,578,2664,0.99,1),(4462,578,2665,0.99,1),(4463,578,2666,0.99,1),(4464,578,2667,0.99,1),(4465,578,2668,0.99,1),(4466,578,2669,0.99,1),(4467,578,2670,0.99,1),(4468,578,2671,0.99,1),(4469,578,2672,0.99,1),(4470,578,2673,0.99,1),(4471,578,2674,0.99,1),(4472,578,2675,0.99,1),(4473,579,1135,0.99,1),(4474,579,3424,0.99,1),(4475,579,1949,0.99,1),(4476,579,1431,0.99,1),(4477,579,1925,0.99,1),(4478,579,2597,0.99,1),(4479,579,2291,0.99,1),(4480,579,3023,0.99,1),(4481,579,3,0.99,1),(4482,579,2385,0.99,1),(4483,579,1040,0.99,1),(4484,580,535,0.99,1),(4485,580,2703,0.99,1),(4486,580,2298,0.99,1),(4487,580,3138,0.99,1),(4488,580,79,0.99,1),(4489,580,488,0.99,1),(4490,580,2514,0.99,1),(4491,580,1490,0.99,1),(4492,580,3275,0.99,1),(4493,580,427,0.99,1),(4494,581,3375,0.99,1),(4495,581,3376,0.99,1),(4496,581,3377,0.99,1),(4497,581,3378,0.99,1),(4498,581,3379,0.99,1),(4499,581,3380,0.99,1),(4500,581,3381,0.99,1),(4501,581,3382,0.99,1),(4502,581,3383,0.99,1),(4503,581,3384,0.99,1),(4504,581,3385,0.99,1),(4505,581,3386,0.99,1),(4506,581,3387,0.99,1),(4507,581,3388,0.99,1),(4508,582,891,0.99,1),(4509,582,892,0.99,1),(4510,582,893,0.99,1),(4511,582,894,0.99,1),(4512,582,895,0.99,1),(4513,582,896,0.99,1),(4514,582,897,0.99,1),(4515,582,898,0.99,1),(4516,582,899,0.99,1),(4517,582,900,0.99,1),(4518,582,901,0.99,1),(4519,582,902,0.99,1),(4520,582,903,0.99,1),(4521,582,904,0.99,1),(4522,582,905,0.99,1),(4523,582,906,0.99,1),(4524,582,907,0.99,1),(4525,582,908,0.99,1),(4526,583,3467,0.99,1),(4527,583,3468,0.99,1),(4528,583,3469,0.99,1),(4529,583,3470,0.99,1),(4530,583,3471,0.99,1),(4531,583,3472,0.99,1),(4532,583,3473,0.99,1),(4533,583,3474,0.99,1),(4534,583,3475,0.99,1),(4535,583,3476,0.99,1),(4536,583,3477,0.99,1),(4537,584,2962,0.99,1),(4538,585,1839,0.99,1),(4539,585,892,0.99,1),(4540,585,1380,0.99,1),(4541,585,2704,0.99,1),(4542,585,49,0.99,1),(4543,585,2228,0.99,1),(4544,585,675,0.99,1),(4545,585,1341,0.99,1),(4546,585,157,0.99,1),(4547,586,1997,0.99,1),(4548,586,78,0.99,1),(4549,586,2790,0.99,1),(4550,586,3473,0.99,1),(4551,586,3480,0.99,1),(4552,586,472,0.99,1),(4553,586,20,0.99,1),(4554,586,969,0.99,1),(4555,586,2194,0.99,1),(4556,586,587,0.99,1),(4557,586,771,0.99,1),(4558,587,2734,0.99,1),(4559,587,94,0.99,1),(4560,588,18,0.99,1),(4561,589,2271,0.99,1),(4562,589,2272,0.99,1),(4563,589,2273,0.99,1),(4564,589,2274,0.99,1),(4565,589,2275,0.99,1),(4566,589,2276,0.99,1),(4567,589,2277,0.99,1),(4568,589,2278,0.99,1),(4569,589,2279,0.99,1),(4570,589,2280,0.99,1),(4571,589,2281,0.99,1),(4572,590,1362,0.99,1),(4573,590,1363,0.99,1),(4574,590,1364,0.99,1),(4575,590,1365,0.99,1),(4576,590,1366,0.99,1),(4577,590,1367,0.99,1),(4578,590,1368,0.99,1),(4579,590,1369,0.99,1),(4580,590,1370,0.99,1),(4581,591,2591,0.99,1),(4582,591,1135,0.99,1),(4583,591,162,0.99,1),(4584,591,2556,0.99,1),(4585,591,827,0.99,1),(4586,591,1184,0.99,1),(4587,591,540,0.99,1),(4588,592,1937,0.99,1),(4589,592,474,0.99,1),(4590,592,1786,0.99,1),(4591,592,2564,0.99,1),(4592,592,3051,0.99,1),(4593,592,2742,0.99,1),(4594,592,1132,0.99,1),(4595,592,465,0.99,1),(4596,593,2933,0.99,1),(4597,593,1042,0.99,1),(4598,593,1445,0.99,1),(4599,593,57,0.99,1),(4600,593,2229,0.99,1),(4601,593,80,0.99,1),(4602,593,2464,0.99,1),(4603,593,140,0.99,1),(4604,593,2169,0.99,1),(4605,593,1042,0.99,1),(4606,593,153,0.99,1),(4607,594,476,0.99,1),(4608,594,1843,0.99,1),(4609,594,1140,0.99,1),(4610,595,2507,0.99,1),(4611,595,46,0.99,1),(4612,595,585,0.99,1),(4613,595,423,0.99,1),(4614,595,81,0.99,1),(4615,595,3295,0.99,1),(4616,595,1053,0.99,1),(4617,595,202,0.99,1),(4618,596,1108,0.99,1),(4619,596,12,0.99,1),(4620,596,469,0.99,1),(4621,596,61,0.99,1),(4622,596,1703,0.99,1),(4623,596,997,0.99,1),(4624,597,2736,0.99,1),(4625,597,3149,0.99,1),(4626,597,1004,0.99,1),(4627,597,1512,0.99,1),(4628,597,2093,0.99,1),(4629,597,46,0.99,1),(4630,597,47,0.99,1),(4631,598,2560,0.99,1),(4632,598,1948,0.99,1),(4633,598,2649,0.99,1),(4634,598,1000,0.99,1),(4635,598,3387,0.99,1),(4636,599,1440,0.99,1),(4637,599,151,0.99,1),(4638,599,208,0.99,1),(4639,599,19,0.99,1),(4640,599,3059,0.99,1),(4641,599,2516,0.99,1),(4642,599,2230,0.99,1),(4643,599,54,0.99,1),(4644,600,2108,0.99,1),(4645,600,3076,0.99,1),(4646,600,1604,0.99,1),(4647,600,3386,0.99,1),(4648,600,1006,0.99,1),(4649,601,14,0.99,1),(4650,601,2603,0.99,1),(4651,601,1775,0.99,1),(4652,601,688,0.99,1),(4653,601,3149,0.99,1),(4654,601,2560,0.99,1),(4655,601,1479,0.99,1),(4656,601,955,0.99,1),(4657,601,1947,0.99,1),(4658,601,2939,0.99,1),(4659,601,599,0.99,1),(4660,602,2188,0.99,1),(4661,602,2231,0.99,1),(4662,602,1997,0.99,1),(4663,602,1109,0.99,1),(4664,602,164,0.99,1),(4665,602,2342,0.99,1),(4666,602,2693,0.99,1),(4667,603,1036,0.99,1),(4668,603,1160,0.99,1),(4669,603,3263,0.99,1),(4670,603,2235,0.99,1),(4671,603,481,0.99,1),(4672,604,1755,0.99,1),(4673,604,1756,0.99,1),(4674,604,1757,0.99,1),(4675,604,1758,0.99,1),(4676,604,1759,0.99,1),(4677,604,1760,0.99,1),(4678,604,1761,0.99,1),(4679,604,1762,0.99,1),(4680,604,1763,0.99,1),(4681,604,1764,0.99,1),(4682,604,1765,0.99,1),(4683,604,1766,0.99,1),(4684,604,1767,0.99,1),(4685,604,1768,0.99,1),(4686,604,1769,0.99,1),(4687,604,1770,0.99,1),(4688,604,1771,0.99,1),(4689,604,1772,0.99,1),(4690,605,2257,0.99,1),(4691,605,1128,0.99,1),(4692,605,1139,0.99,1),(4693,605,1178,0.99,1),(4694,606,2003,0.99,1),(4695,606,2004,0.99,1),(4696,606,2005,0.99,1),(4697,606,2006,0.99,1),(4698,606,2007,0.99,1),(4699,606,2008,0.99,1),(4700,606,2009,0.99,1),(4701,606,2010,0.99,1),(4702,606,2011,0.99,1),(4703,606,2012,0.99,1),(4704,606,2013,0.99,1),(4705,606,2014,0.99,1),(4706,607,2645,0.99,1),(4707,607,30,0.99,1),(4708,607,1351,0.99,1),(4709,607,1799,0.99,1),(4710,607,2561,0.99,1),(4711,608,3060,0.99,1),(4712,609,2603,0.99,1),(4713,609,3142,0.99,1),(4714,609,1636,0.99,1),(4715,610,1053,0.99,1),(4716,610,2201,0.99,1),(4717,610,1091,0.99,1),(4718,610,814,0.99,1),(4719,610,2298,0.99,1),(4720,610,2517,0.99,1),(4721,610,1746,0.99,1),(4722,611,2663,0.99,1),(4723,611,57,0.99,1),(4724,612,2204,0.99,1),(4725,612,2205,0.99,1),(4726,612,2206,0.99,1),(4727,612,2207,0.99,1),(4728,612,2208,0.99,1),(4729,612,2209,0.99,1),(4730,612,2210,0.99,1),(4731,612,2211,0.99,1),(4732,612,2212,0.99,1),(4733,612,2213,0.99,1),(4734,612,2214,0.99,1),(4735,612,2215,0.99,1),(4736,613,1865,0.99,1),(4737,613,2647,0.99,1),(4738,613,3292,0.99,1),(4739,613,2731,0.99,1),(4740,613,3465,0.99,1),(4741,613,2948,0.99,1),(4742,613,2738,0.99,1),(4743,613,1126,0.99,1),(4744,613,1915,0.99,1),(4745,614,2650,0.99,1),(4746,614,2651,0.99,1),(4747,614,2652,0.99,1),(4748,614,2654,0.99,1),(4749,614,2655,0.99,1),(4750,614,2656,0.99,1),(4751,614,2657,0.99,1),(4752,614,2658,0.99,1),(4753,614,2659,0.99,1),(4754,614,2660,0.99,1),(4755,614,2661,0.99,1),(4756,614,2662,0.99,1),(4757,614,2663,0.99,1);
/*!40000 ALTER TABLE `invoice_line` ENABLE KEYS */;
UNLOCK TABLES;

--
-- Table structure for table `media_type`
--

DROP TABLE IF EXISTS `media_type`;
/*!40101 SET @saved_cs_client     = @@character_set_client */;
/*!50503 SET character_set_client = utf8mb4 */;
CREATE TABLE `media_type` (
  `media_type_id` int DEFAULT NULL,
  `name` text
) ENGINE=InnoDB DEFAULT CHARSET=utf8mb4 COLLATE=utf8mb4_0900_ai_ci;
/*!40101 SET character_set_client = @saved_cs_client */;

--
-- Dumping data for table `media_type`
--

LOCK TABLES `media_type` WRITE;
/*!40000 ALTER TABLE `media_type` DISABLE KEYS */;
INSERT INTO `media_type` VALUES (1,'MPEG audio file'),(2,'Protected AAC audio file'),(3,'Protected MPEG-4 video file'),(4,'Purchased AAC audio file'),(5,'AAC audio file');
/*!40000 ALTER TABLE `media_type` ENABLE KEYS */;
UNLOCK TABLES;

--
-- Table structure for table `playlist`
--

DROP TABLE IF EXISTS `playlist`;
/*!40101 SET @saved_cs_client     = @@character_set_client */;
/*!50503 SET character_set_client = utf8mb4 */;
CREATE TABLE `playlist` (
  `playlist_id` int DEFAULT NULL,
  `name` text
) ENGINE=InnoDB DEFAULT CHARSET=utf8mb4 COLLATE=utf8mb4_0900_ai_ci;
/*!40101 SET character_set_client = @saved_cs_client */;

--
-- Dumping data for table `playlist`
--

LOCK TABLES `playlist` WRITE;
/*!40000 ALTER TABLE `playlist` DISABLE KEYS */;
INSERT INTO `playlist` VALUES (1,'Music'),(2,'Movies'),(3,'TV Shows'),(4,'Audiobooks'),(5,'90’s Music'),(6,'Audiobooks'),(7,'Movies'),(8,'Music'),(9,'Music Videos'),(10,'TV Shows'),(11,'Brazilian Music'),(12,'Classical'),(13,'Classical 101 - Deep Cuts'),(14,'Classical 101 - Next Steps'),(15,'Classical 101 - The Basics'),(16,'Grunge'),(17,'Heavy Metal Classic'),(18,'On-The-Go 1');
/*!40000 ALTER TABLE `playlist` ENABLE KEYS */;
UNLOCK TABLES;

--
-- Table structure for table `playlist_track`
--

DROP TABLE IF EXISTS `playlist_track`;
/*!40101 SET @saved_cs_client     = @@character_set_client */;
/*!50503 SET character_set_client = utf8mb4 */;
CREATE TABLE `playlist_track` (
  `playlist_id` int DEFAULT NULL,
  `track_id` int DEFAULT NULL
) ENGINE=InnoDB DEFAULT CHARSET=utf8mb4 COLLATE=utf8mb4_0900_ai_ci;
/*!40101 SET character_set_client = @saved_cs_client */;

--
-- Dumping data for table `playlist_track`
--

LOCK TABLES `playlist_track` WRITE;
/*!40000 ALTER TABLE `playlist_track` DISABLE KEYS */;
INSERT INTO `playlist_track` VALUES (1,3402),(1,3389),(1,3390),(1,3391),(1,3392),(1,3393),(1,3394),(1,3395),(1,3396),(1,3397),(1,3398),(1,3399),(1,3400),(1,3401),(1,3336),(1,3478),(1,3375),(1,3376),(1,3377),(1,3378),(1,3379),(1,3380),(1,3381),(1,3382),(1,3383),(1,3384),(1,3385),(1,3386),(1,3387),(1,3388),(1,3365),(1,3366),(1,3367),(1,3368),(1,3369),(1,3370),(1,3371),(1,3372),(1,3373),(1,3374),(1,99),(1,100),(1,101),(1,102),(1,103),(1,104),(1,105),(1,106),(1,107),(1,108),(1,109),(1,110),(1,166),(1,167),(1,168),(1,169),(1,170),(1,171),(1,172),(1,173),(1,174),(1,175),(1,176),(1,177),(1,178),(1,179),(1,180),(1,181),(1,182),(1,2591),(1,2592),(1,2593),(1,2594),(1,2595),(1,2596),(1,2597),(1,2598),(1,2599),(1,2600),(1,2601),(1,2602),(1,2603),(1,2604),(1,2605),(1,2606),(1,2607),(1,2608),(1,923),(1,924),(1,925),(1,926),(1,927),(1,928),(1,929),(1,930),(1,931),(1,932),(1,933),(1,934),(1,935),(1,936),(1,937),(1,938),(1,939),(1,940),(1,941),(1,942),(1,943),(1,944),(1,945),(1,946),(1,947),(1,948),(1,964),(1,965),(1,966),(1,967),(1,968),(1,969),(1,970),(1,971),(1,972),(1,973),(1,974),(1,1009),(1,1010),(1,1011),(1,1012),(1,1013),(1,1014),(1,1015),(1,1016),(1,1017),(1,1018),(1,1019),(1,1133),(1,1134),(1,1135),(1,1136),(1,1137),(1,1138),(1,1139),(1,1140),(1,1141),(1,1142),(1,1143),(1,1144),(1,1145),(1,468),(1,469),(1,470),(1,471),(1,472),(1,473),(1,474),(1,475),(1,476),(1,477),(1,478),(1,479),(1,480),(1,481),(1,482),(1,483),(1,484),(1,485),(1,486),(1,487),(1,488),(1,1466),(1,1467),(1,1468),(1,1469),(1,1470),(1,1471),(1,1472),(1,1473),(1,1474),(1,1475),(1,1476),(1,1477),(1,1478),(1,529),(1,530),(1,531),(1,532),(1,533),(1,534),(1,535),(1,536),(1,537),(1,538),(1,539),(1,540),(1,541),(1,542),(1,2165),(1,2166),(1,2167),(1,2168),(1,2169),(1,2170),(1,2171),(1,2172),(1,2173),(1,2174),(1,2175),(1,2176),(1,2177),(1,2318),(1,2319),(1,2320),(1,2321),(1,2322),(1,2323),(1,2324),(1,2325),(1,2326),(1,2327),(1,2328),(1,2329),(1,2330),(1,2331),(1,2332),(1,2333),(1,2285),(1,2286),(1,2287),(1,2288),(1,2289),(1,2290),(1,2291),(1,2292),(1,2293),(1,2294),(1,2295),(1,2310),(1,2311),(1,2312),(1,2313),(1,2314),(1,2315),(1,2316),(1,2317),(1,2282),(1,2283),(1,2284),(1,2334),(1,2335),(1,2336),(1,2337),(1,2338),(1,2339),(1,2340),(1,2341),(1,2342),(1,2343),(1,2358),(1,2359),(1,2360),(1,2361),(1,2362),(1,2363),(1,2364),(1,2365),(1,2366),(1,2367),(1,2368),(1,2369),(1,2370),(1,2371),(1,2372),(1,2373),(1,2374),(1,2472),(1,2473),(1,2474),(1,2475),(1,2476),(1,2477),(1,2478),(1,2479),(1,2480),(1,2481),(1,2482),(1,2483),(1,2484),(1,2485),(1,2486),(1,2487),(1,2488),(1,2489),(1,2490),(1,2491),(1,2492),(1,2493),(1,2494),(1,2495),(1,2496),(1,2497),(1,2498),(1,2499),(1,2500),(1,2501),(1,2502),(1,2503),(1,2504),(1,2505),(1,2705),(1,2706),(1,2707),(1,2708),(1,2709),(1,2710),(1,2711),(1,2712),(1,2713),(1,2714),(1,2715),(1,2716),(1,2717),(1,2718),(1,2719),(1,2720),(1,2721),(1,2722),(1,2723),(1,2724),(1,2725),(1,2726),(1,2727),(1,2728),(1,2729),(1,2730),(1,2781),(1,2782),(1,2783),(1,2784),(1,2785),(1,2786),(1,2787),(1,2788),(1,2789),(1,2790),(1,2791),(1,2792),(1,2793),(1,2794),(1,2795),(1,2796),(1,2797),(1,2798),(1,2799),(1,2800),(1,2801),(1,2802),(1,2803),(1,2804),(1,2805),(1,2806),(1,2807),(1,2808),(1,2809),(1,2810),(1,2811),(1,2812),(1,2813),(1,2814),(1,2815),(1,2816),(1,2817),(1,2818),(1,2572),(1,2573),(1,2574),(1,2575),(1,2576),(1,2577),(1,2578),(1,2579),(1,2580),(1,2581),(1,2582),(1,2583),(1,2584),(1,2585),(1,2586),(1,2587),(1,2588),(1,2589),(1,2590),(1,194),(1,195),(1,196),(1,197),(1,198),(1,199),(1,200),(1,201),(1,202),(1,203),(1,204),(1,891),(1,892),(1,893),(1,894),(1,895),(1,896),(1,897),(1,898),(1,899),(1,900),(1,901),(1,902),(1,903),(1,904),(1,905),(1,906),(1,907),(1,908),(1,909),(1,910),(1,911),(1,912),(1,913),(1,914),(1,915),(1,916),(1,917),(1,918),(1,919),(1,920),(1,921),(1,922),(1,1268),(1,1269),(1,1270),(1,1271),(1,1272),(1,1273),(1,1274),(1,1275),(1,1276),(1,2532),(1,2533),(1,2534),(1,2535),(1,2536),(1,2537),(1,2538),(1,2539),(1,2540),(1,2541),(1,646),(1,647),(1,648),(1,649),(1,651),(1,653),(1,655),(1,658),(1,652),(1,656),(1,657),(1,650),(1,659),(1,654),(1,660),(1,3427),(1,3411),(1,3412),(1,3419),(1,3482),(1,3438),(1,3485),(1,3403),(1,3406),(1,3442),(1,3421),(1,3436),(1,3450),(1,3454),(1,3491),(1,3413),(1,3426),(1,3416),(1,3501),(1,3487),(1,3417),(1,3432),(1,3443),(1,3447),(1,3452),(1,3441),(1,3434),(1,3500),(1,3449),(1,3405),(1,3488),(1,3423),(1,3499),(1,3445),(1,3440),(1,3453),(1,3497),(1,3494),(1,3439),(1,3422),(1,3407),(1,3495),(1,3435),(1,3490),(1,3489),(1,3448),(1,3492),(1,3425),(1,3483),(1,3420),(1,3424),(1,3493),(1,3437),(1,3498),(1,3446),(1,3444),(1,3496),(1,3502),(1,3359),(1,3433),(1,3415),(1,3479),(1,3481),(1,3404),(1,3486),(1,3414),(1,3410),(1,3431),(1,3418),(1,3430),(1,3408),(1,3480),(1,3409),(1,3484),(1,1033),(1,1034),(1,1035),(1,1036),(1,1037),(1,1038),(1,1039),(1,1040),(1,1041),(1,1042),(1,1043),(1,1044),(1,1045),(1,1046),(1,1047),(1,1048),(1,1049),(1,1050),(1,1051),(1,1052),(1,1053),(1,1054),(1,1055),(1,1056),(1,3324),(1,3331),(1,3332),(1,3322),(1,3329),(1,1455),(1,1456),(1,1457),(1,1458),(1,1459),(1,1460),(1,1461),(1,1462),(1,1463),(1,1464),(1,1465),(1,3352),(1,3358),(1,3326),(1,3327),(1,3330),(1,3321),(1,3319),(1,3328),(1,3325),(1,3323),(1,3334),(1,3333),(1,3335),(1,3320),(1,1245),(1,1246),(1,1247),(1,1248),(1,1249),(1,1250),(1,1251),(1,1252),(1,1253),(1,1254),(1,1255),(1,1277),(1,1278),(1,1279),(1,1280),(1,1281),(1,1282),(1,1283),(1,1284),(1,1285),(1,1286),(1,1287),(1,1288),(1,1300),(1,1301),(1,1302),(1,1303),(1,1304),(1,3301),(1,3300),(1,3302),(1,3303),(1,3304),(1,3305),(1,3306),(1,3307),(1,3308),(1,3309),(1,3310),(1,3311),(1,3312),(1,3313),(1,3314),(1,3315),(1,3316),(1,3317),(1,3318),(1,2238),(1,2239),(1,2240),(1,2241),(1,2242),(1,2243),(1,2244),(1,2245),(1,2246),(1,2247),(1,2248),(1,2249),(1,2250),(1,2251),(1,2252),(1,2253),(1,3357),(1,3350),(1,3349),(1,63),(1,64),(1,65),(1,66),(1,67),(1,68),(1,69),(1,70),(1,71),(1,72),(1,73),(1,74),(1,75),(1,76),(1,123),(1,124),(1,125),(1,126),(1,127),(1,128),(1,129),(1,130),(1,842),(1,843),(1,844),(1,845),(1,846),(1,847),(1,848),(1,849),(1,850),(1,624),(1,625),(1,626),(1,627),(1,628),(1,629),(1,630),(1,631),(1,632),(1,633),(1,634),(1,635),(1,636),(1,637),(1,638),(1,639),(1,640),(1,641),(1,642),(1,643),(1,644),(1,645),(1,1102),(1,1103),(1,1104),(1,1188),(1,1189),(1,1190),(1,1191),(1,1192),(1,1193),(1,1194),(1,1195),(1,1196),(1,1197),(1,1198),(1,1199),(1,1200),(1,597),(1,598),(1,599),(1,600),(1,601),(1,602),(1,603),(1,604),(1,605),(1,606),(1,607),(1,608),(1,609),(1,610),(1,611),(1,612),(1,613),(1,614),(1,615),(1,616),(1,617),(1,618),(1,619),(1,1902),(1,1903),(1,1904),(1,1905),(1,1906),(1,1907),(1,1908),(1,1909),(1,1910),(1,1911),(1,1912),(1,1913),(1,1914),(1,1915),(1,456),(1,457),(1,458),(1,459),(1,460),(1,461),(1,462),(1,463),(1,464),(1,465),(1,466),(1,467),(1,2523),(1,2524),(1,2525),(1,2526),(1,2527),(1,2528),(1,2529),(1,2530),(1,2531),(1,379),(1,391),(1,376),(1,397),(1,382),(1,389),(1,404),(1,406),(1,380),(1,394),(1,515),(1,516),(1,517),(1,518),(1,519),(1,520),(1,521),(1,522),(1,523),(1,524),(1,525),(1,526),(1,527),(1,528),(1,205),(1,206),(1,207),(1,208),(1,209),(1,210),(1,211),(1,212),(1,213),(1,214),(1,215),(1,216),(1,217),(1,218),(1,219),(1,220),(1,221),(1,222),(1,223),(1,224),(1,225),(1,715),(1,716),(1,717),(1,718),(1,719),(1,720),(1,721),(1,722),(1,723),(1,724),(1,725),(1,726),(1,727),(1,728),(1,729),(1,730),(1,731),(1,732),(1,733),(1,734),(1,735),(1,736),(1,737),(1,738),(1,739),(1,740),(1,741),(1,742),(1,743),(1,744),(1,226),(1,227),(1,228),(1,229),(1,230),(1,231),(1,232),(1,233),(1,234),(1,235),(1,236),(1,237),(1,238),(1,239),(1,240),(1,241),(1,242),(1,243),(1,244),(1,245),(1,246),(1,247),(1,248),(1,249),(1,250),(1,251),(1,252),(1,253),(1,254),(1,255),(1,256),(1,257),(1,258),(1,259),(1,260),(1,261),(1,262),(1,263),(1,264),(1,265),(1,266),(1,267),(1,268),(1,269),(1,270),(1,271),(1,272),(1,273),(1,274),(1,275),(1,276),(1,277),(1,278),(1,279),(1,280),(1,281),(1,313),(1,314),(1,315),(1,316),(1,317),(1,318),(1,319),(1,320),(1,321),(1,322),(1,399),(1,851),(1,852),(1,853),(1,854),(1,855),(1,856),(1,857),(1,858),(1,859),(1,860),(1,861),(1,862),(1,863),(1,864),(1,865),(1,866),(1,867),(1,868),(1,869),(1,870),(1,871),(1,872),(1,873),(1,874),(1,875),(1,876),(1,583),(1,584),(1,585),(1,586),(1,587),(1,588),(1,589),(1,590),(1,591),(1,592),(1,593),(1,594),(1,595),(1,596),(1,388),(1,402),(1,407),(1,396),(1,877),(1,878),(1,879),(1,880),(1,881),(1,882),(1,883),(1,884),(1,885),(1,886),(1,887),(1,888),(1,889),(1,890),(1,975),(1,976),(1,977),(1,978),(1,979),(1,980),(1,981),(1,982),(1,983),(1,984),(1,985),(1,986),(1,987),(1,988),(1,390),(1,1057),(1,1058),(1,1059),(1,1060),(1,1061),(1,1062),(1,1063),(1,1064),(1,1065),(1,1066),(1,1067),(1,1068),(1,1069),(1,1070),(1,1071),(1,1072),(1,377),(1,395),(1,1087),(1,1088),(1,1089),(1,1090),(1,1091),(1,1092),(1,1093),(1,1094),(1,1095),(1,1096),(1,1097),(1,1098),(1,1099),(1,1100),(1,1101),(1,1105),(1,1106),(1,1107),(1,1108),(1,1109),(1,1110),(1,1111),(1,1112),(1,1113),(1,1114),(1,1115),(1,1116),(1,1117),(1,1118),(1,1119),(1,1120),(1,501),(1,502),(1,503),(1,504),(1,505),(1,506),(1,507),(1,508),(1,509),(1,510),(1,511),(1,512),(1,513),(1,514),(1,405),(1,378),(1,392),(1,403),(1,1506),(1,1507),(1,1508),(1,1509),(1,1510),(1,1511),(1,1512),(1,1513),(1,1514),(1,1515),(1,1516),(1,1517),(1,1518),(1,1519),(1,381),(1,1520),(1,1521),(1,1522),(1,1523),(1,1524),(1,1525),(1,1526),(1,1527),(1,1528),(1,1529),(1,1530),(1,1531),(1,400),(1,1686),(1,1687),(1,1688),(1,1689),(1,1690),(1,1691),(1,1692),(1,1693),(1,1694),(1,1695),(1,1696),(1,1697),(1,1698),(1,1699),(1,1700),(1,1701),(1,1671),(1,1672),(1,1673),(1,1674),(1,1675),(1,1676),(1,1677),(1,1678),(1,1679),(1,1680),(1,1681),(1,1682),(1,1683),(1,1684),(1,1685),(1,3356),(1,384),(1,1717),(1,1720),(1,1722),(1,1723),(1,1726),(1,1727),(1,1730),(1,1731),(1,1733),(1,1736),(1,1737),(1,1740),(1,1742),(1,1743),(1,1718),(1,1719),(1,1721),(1,1724),(1,1725),(1,1728),(1,1729),(1,1732),(1,1734),(1,1735),(1,1738),(1,1739),(1,1741),(1,1744),(1,374),(1,1755),(1,1762),(1,1763),(1,1756),(1,1764),(1,1757),(1,1758),(1,1765),(1,1766),(1,1759),(1,1760),(1,1767),(1,1761),(1,1768),(1,1769),(1,1770),(1,1771),(1,1772),(1,398),(1,1916),(1,1917),(1,1918),(1,1919),(1,1920),(1,1921),(1,1922),(1,1923),(1,1924),(1,1925),(1,1926),(1,1927),(1,1928),(1,1929),(1,1930),(1,1931),(1,1932),(1,1933),(1,1934),(1,1935),(1,1936),(1,1937),(1,1938),(1,1939),(1,1940),(1,1941),(1,375),(1,385),(1,383),(1,387),(1,2030),(1,2031),(1,2032),(1,2033),(1,2034),(1,2035),(1,2036),(1,2037),(1,2038),(1,2039),(1,2040),(1,2041),(1,2042),(1,2043),(1,393),(1,2044),(1,2045),(1,2046),(1,2047),(1,2048),(1,2049),(1,2050),(1,2051),(1,2052),(1,2053),(1,2054),(1,2055),(1,2056),(1,2057),(1,2058),(1,2059),(1,2060),(1,2061),(1,2062),(1,2063),(1,2064),(1,2065),(1,2066),(1,2067),(1,2068),(1,2069),(1,2070),(1,2071),(1,2072),(1,2073),(1,2074),(1,2075),(1,2076),(1,2077),(1,2078),(1,2079),(1,2080),(1,2081),(1,2082),(1,2083),(1,2084),(1,2085),(1,2086),(1,2087),(1,2088),(1,2089),(1,2090),(1,2091),(1,2092),(1,386),(1,401),(1,2751),(1,2752),(1,2753),(1,2754),(1,2755),(1,2756),(1,2757),(1,2758),(1,2759),(1,2760),(1,2761),(1,2762),(1,2763),(1,2764),(1,2765),(1,2766),(1,2767),(1,2768),(1,2769),(1,2770),(1,2771),(1,2772),(1,2773),(1,2774),(1,2775),(1,2776),(1,2777),(1,2778),(1,2779),(1,2780),(1,556),(1,557),(1,558),(1,559),(1,560),(1,561),(1,562),(1,563),(1,564),(1,565),(1,566),(1,567),(1,568),(1,569),(1,661),(1,662),(1,663),(1,664),(1,665),(1,666),(1,667),(1,668),(1,669),(1,670),(1,671),(1,672),(1,673),(1,674),(1,3117),(1,3118),(1,3119),(1,3120),(1,3121),(1,3122),(1,3123),(1,3124),(1,3125),(1,3126),(1,3127),(1,3128),(1,3129),(1,3130),(1,3131),(1,3146),(1,3147),(1,3148),(1,3149),(1,3150),(1,3151),(1,3152),(1,3153),(1,3154),(1,3155),(1,3156),(1,3157),(1,3158),(1,3159),(1,3160),(1,3161),(1,3162),(1,3163),(1,3164),(1,77),(1,78),(1,79),(1,80),(1,81),(1,82),(1,83),(1,84),(1,131),(1,132),(1,133),(1,134),(1,135),(1,136),(1,137),(1,138),(1,139),(1,140),(1,141),(1,142),(1,143),(1,144),(1,145),(1,146),(1,147),(1,148),(1,149),(1,150),(1,151),(1,152),(1,153),(1,154),(1,155),(1,156),(1,157),(1,158),(1,159),(1,160),(1,161),(1,162),(1,163),(1,164),(1,165),(1,183),(1,184),(1,185),(1,186),(1,187),(1,188),(1,189),(1,190),(1,191),(1,192),(1,193),(1,1121),(1,1122),(1,1123),(1,1124),(1,1125),(1,1126),(1,1127),(1,1128),(1,1129),(1,1130),(1,1131),(1,1132),(1,1174),(1,1175),(1,1176),(1,1177),(1,1178),(1,1179),(1,1180),(1,1181),(1,1182),(1,1183),(1,1184),(1,1185),(1,1186),(1,1187),(1,1289),(1,1290),(1,1291),(1,1292),(1,1293),(1,1294),(1,1295),(1,1296),(1,1297),(1,1298),(1,1299),(1,1325),(1,1326),(1,1327),(1,1328),(1,1329),(1,1330),(1,1331),(1,1332),(1,1333),(1,1334),(1,1391),(1,1388),(1,1394),(1,1387),(1,1392),(1,1389),(1,1390),(1,1335),(1,1336),(1,1337),(1,1338),(1,1339),(1,1340),(1,1341),(1,1342),(1,1343),(1,1344),(1,1345),(1,1346),(1,1347),(1,1348),(1,1349),(1,1350),(1,1351),(1,1212),(1,1213),(1,1214),(1,1215),(1,1216),(1,1217),(1,1218),(1,1219),(1,1220),(1,1221),(1,1222),(1,1223),(1,1224),(1,1225),(1,1226),(1,1227),(1,1228),(1,1229),(1,1230),(1,1231),(1,1232),(1,1233),(1,1234),(1,1352),(1,1353),(1,1354),(1,1355),(1,1356),(1,1357),(1,1358),(1,1359),(1,1360),(1,1361),(1,1364),(1,1371),(1,1372),(1,1373),(1,1374),(1,1375),(1,1376),(1,1377),(1,1378),(1,1379),(1,1380),(1,1381),(1,1382),(1,1386),(1,1383),(1,1385),(1,1384),(1,1546),(1,1547),(1,1548),(1,1549),(1,1550),(1,1551),(1,1552),(1,1553),(1,1554),(1,1555),(1,1556),(1,1557),(1,1558),(1,1559),(1,1560),(1,1561),(1,1893),(1,1894),(1,1895),(1,1896),(1,1897),(1,1898),(1,1899),(1,1900),(1,1901),(1,1801),(1,1802),(1,1803),(1,1804),(1,1805),(1,1806),(1,1807),(1,1808),(1,1809),(1,1810),(1,1811),(1,1812),(1,408),(1,409),(1,410),(1,411),(1,412),(1,413),(1,414),(1,415),(1,416),(1,417),(1,418),(1,1813),(1,1814),(1,1815),(1,1816),(1,1817),(1,1818),(1,1819),(1,1820),(1,1821),(1,1822),(1,1823),(1,1824),(1,1825),(1,1826),(1,1827),(1,1828),(1,1829),(1,1830),(1,1831),(1,1832),(1,1833),(1,1834),(1,1835),(1,1836),(1,1837),(1,1838),(1,1839),(1,1840),(1,1841),(1,1842),(1,1843),(1,1844),(1,1845),(1,1846),(1,1847),(1,1848),(1,1849),(1,1850),(1,1851),(1,1852),(1,1853),(1,1854),(1,1855),(1,1856),(1,1857),(1,1858),(1,1859),(1,1860),(1,1861),(1,1862),(1,1863),(1,1864),(1,1865),(1,1866),(1,1867),(1,1868),(1,1869),(1,1870),(1,1871),(1,1872),(1,1873),(1,1874),(1,1875),(1,1876),(1,1877),(1,1878),(1,1879),(1,1880),(1,1881),(1,1882),(1,1883),(1,1884),(1,1885),(1,1886),(1,1887),(1,1888),(1,1889),(1,1890),(1,1891),(1,1892),(1,1969),(1,1970),(1,1971),(1,1972),(1,1973),(1,1974),(1,1975),(1,1976),(1,1977),(1,1978),(1,1979),(1,1980),(1,1981),(1,1982),(1,1983),(1,1984),(1,1985),(1,1942),(1,1943),(1,1944),(1,1945),(1,1946),(1,1947),(1,1948),(1,1949),(1,1950),(1,1951),(1,1952),(1,1953),(1,1954),(1,1955),(1,1956),(1,2099),(1,2100),(1,2101),(1,2102),(1,2103),(1,2104),(1,2105),(1,2106),(1,2107),(1,2108),(1,2109),(1,2110),(1,2111),(1,2112),(1,2554),(1,2555),(1,2556),(1,2557),(1,2558),(1,2559),(1,2560),(1,2561),(1,2562),(1,2563),(1,2564),(1,3132),(1,3133),(1,3134),(1,3135),(1,3136),(1,3137),(1,3138),(1,3139),(1,3140),(1,3141),(1,3142),(1,3143),(1,3144),(1,3145),(1,3451),(1,3256),(1,3467),(1,3468),(1,3469),(1,3470),(1,3471),(1,3472),(1,3473),(1,3474),(1,3475),(1,3476),(1,3477),(1,3262),(1,3268),(1,3263),(1,3266),(1,3255),(1,3259),(1,3260),(1,3273),(1,3265),(1,3274),(1,3267),(1,3261),(1,3272),(1,3257),(1,3258),(1,3270),(1,3271),(1,3254),(1,3275),(1,3269),(1,3253),(1,323),(1,324),(1,325),(1,326),(1,327),(1,328),(1,329),(1,330),(1,331),(1,332),(1,333),(1,334),(1,335),(1,336),(1,3264),(1,3455),(1,3456),(1,3457),(1,3458),(1,3459),(1,3460),(1,3461),(1,3462),(1,3463),(1,3464),(1,3465),(1,3466),(1,1414),(1,1415),(1,1416),(1,1417),(1,1418),(1,1419),(1,1420),(1,1421),(1,1422),(1,1423),(1,1424),(1,1425),(1,1426),(1,1427),(1,1428),(1,1429),(1,1430),(1,1431),(1,1432),(1,1433),(1,1444),(1,1445),(1,1446),(1,1447),(1,1448),(1,1449),(1,1450),(1,1451),(1,1452),(1,1453),(1,1454),(1,1773),(1,1774),(1,1775),(1,1776),(1,1777),(1,1778),(1,1779),(1,1780),(1,1781),(1,1782),(1,1783),(1,1784),(1,1785),(1,1786),(1,1787),(1,1788),(1,1789),(1,1790),(1,282),(1,283),(1,284),(1,285),(1,286),(1,287),(1,288),(1,289),(1,290),(1,291),(1,292),(1,293),(1,294),(1,295),(1,296),(1,297),(1,298),(1,299),(1,300),(1,301),(1,302),(1,303),(1,304),(1,305),(1,306),(1,307),(1,308),(1,309),(1,310),(1,311),(1,312),(1,2216),(1,2217),(1,2218),(1,2219),(1,2220),(1,2221),(1,2222),(1,2223),(1,2224),(1,2225),(1,2226),(1,2227),(1,2228),(1,3038),(1,3039),(1,3040),(1,3041),(1,3042),(1,3043),(1,3044),(1,3045),(1,3046),(1,3047),(1,3048),(1,3049),(1,3050),(1,3051),(1,1),(1,6),(1,7),(1,8),(1,9),(1,10),(1,11),(1,12),(1,13),(1,14),(1,15),(1,16),(1,17),(1,18),(1,19),(1,20),(1,21),(1,22),(1,2),(1,3),(1,4),(1,5),(1,23),(1,24),(1,25),(1,26),(1,27),(1,28),(1,29),(1,30),(1,31),(1,32),(1,33),(1,34),(1,35),(1,36),(1,37),(1,38),(1,39),(1,40),(1,41),(1,42),(1,43),(1,44),(1,45),(1,46),(1,47),(1,48),(1,49),(1,50),(1,51),(1,52),(1,53),(1,54),(1,55),(1,56),(1,57),(1,58),(1,59),(1,60),(1,61),(1,62),(1,85),(1,86),(1,87),(1,88),(1,89),(1,90),(1,91),(1,92),(1,93),(1,94),(1,95),(1,96),(1,97),(1,98),(1,675),(1,676),(1,677),(1,678),(1,679),(1,680),(1,681),(1,682),(1,683),(1,684),(1,685),(1,686),(1,687),(1,688),(1,689),(1,690),(1,691),(1,692),(1,693),(1,694),(1,695),(1,696),(1,697),(1,698),(1,699),(1,700),(1,701),(1,702),(1,703),(1,704),(1,705),(1,706),(1,707),(1,708),(1,709),(1,710),(1,711),(1,712),(1,713),(1,714),(1,2609),(1,2610),(1,2611),(1,2612),(1,2613),(1,2614),(1,2615),(1,2616),(1,2617),(1,2618),(1,2619),(1,2620),(1,2621),(1,2622),(1,2623),(1,2624),(1,2625),(1,2626),(1,2627),(1,2628),(1,2629),(1,2630),(1,2631),(1,2632),(1,2633),(1,2634),(1,2635),(1,2636),(1,2637),(1,2638),(1,489),(1,490),(1,491),(1,492),(1,493),(1,494),(1,495),(1,496),(1,497),(1,498),(1,499),(1,500),(1,816),(1,817),(1,818),(1,819),(1,820),(1,821),(1,822),(1,823),(1,824),(1,825),(1,745),(1,746),(1,747),(1,748),(1,749),(1,750),(1,751),(1,752),(1,753),(1,754),(1,755),(1,756),(1,757),(1,758),(1,759),(1,760),(1,620),(1,621),(1,622),(1,623),(1,761),(1,762),(1,763),(1,764),(1,765),(1,766),(1,767),(1,768),(1,769),(1,770),(1,771),(1,772),(1,773),(1,774),(1,775),(1,776),(1,777),(1,778),(1,779),(1,780),(1,781),(1,782),(1,783),(1,784),(1,785),(1,543),(1,544),(1,545),(1,546),(1,547),(1,548),(1,549),(1,786),(1,787),(1,788),(1,789),(1,790),(1,791),(1,792),(1,793),(1,794),(1,795),(1,796),(1,797),(1,798),(1,799),(1,800),(1,801),(1,802),(1,803),(1,804),(1,805),(1,806),(1,807),(1,808),(1,809),(1,810),(1,811),(1,812),(1,813),(1,814),(1,815),(1,826),(1,827),(1,828),(1,829),(1,830),(1,831),(1,832),(1,833),(1,834),(1,835),(1,836),(1,837),(1,838),(1,839),(1,840),(1,841),(1,2639),(1,2640),(1,2641),(1,2642),(1,2643),(1,2644),(1,2645),(1,2646),(1,2647),(1,2648),(1,2649),(1,3225),(1,949),(1,950),(1,951),(1,952),(1,953),(1,954),(1,955),(1,956),(1,957),(1,958),(1,959),(1,960),(1,961),(1,962),(1,963),(1,1020),(1,1021),(1,1022),(1,1023),(1,1024),(1,1025),(1,1026),(1,1027),(1,1028),(1,1029),(1,1030),(1,1031),(1,1032),(1,989),(1,990),(1,991),(1,992),(1,993),(1,994),(1,995),(1,996),(1,997),(1,998),(1,999),(1,1000),(1,1001),(1,1002),(1,1003),(1,1004),(1,1005),(1,1006),(1,1007),(1,1008),(1,351),(1,352),(1,353),(1,354),(1,355),(1,356),(1,357),(1,358),(1,359),(1,1146),(1,1147),(1,1148),(1,1149),(1,1150),(1,1151),(1,1152),(1,1153),(1,1154),(1,1155),(1,1156),(1,1157),(1,1158),(1,1159),(1,1160),(1,1161),(1,1162),(1,1163),(1,1164),(1,1165),(1,1166),(1,1167),(1,1168),(1,1169),(1,1170),(1,1171),(1,1172),(1,1173),(1,1235),(1,1236),(1,1237),(1,1238),(1,1239),(1,1240),(1,1241),(1,1242),(1,1243),(1,1244),(1,1256),(1,1257),(1,1258),(1,1259),(1,1260),(1,1261),(1,1262),(1,1263),(1,1264),(1,1265),(1,1266),(1,1267),(1,1305),(1,1306),(1,1307),(1,1308),(1,1309),(1,1310),(1,1311),(1,1312),(1,1313),(1,1314),(1,1315),(1,1316),(1,1317),(1,1318),(1,1319),(1,1320),(1,1321),(1,1322),(1,1323),(1,1324),(1,1201),(1,1202),(1,1203),(1,1204),(1,1205),(1,1206),(1,1207),(1,1208),(1,1209),(1,1210),(1,1211),(1,1393),(1,1362),(1,1363),(1,1365),(1,1366),(1,1367),(1,1368),(1,1369),(1,1370),(1,1406),(1,1407),(1,1408),(1,1409),(1,1410),(1,1411),(1,1412),(1,1413),(1,1395),(1,1396),(1,1397),(1,1398),(1,1399),(1,1400),(1,1401),(1,1402),(1,1403),(1,1404),(1,1405),(1,1434),(1,1435),(1,1436),(1,1437),(1,1438),(1,1439),(1,1440),(1,1441),(1,1442),(1,1443),(1,1479),(1,1480),(1,1481),(1,1482),(1,1483),(1,1484),(1,1485),(1,1486),(1,1487),(1,1488),(1,1489),(1,1490),(1,1491),(1,1492),(1,1493),(1,1494),(1,1495),(1,1496),(1,1497),(1,1498),(1,1499),(1,1500),(1,1501),(1,1502),(1,1503),(1,1504),(1,1505),(1,436),(1,437),(1,438),(1,439),(1,440),(1,441),(1,442),(1,443),(1,444),(1,445),(1,446),(1,447),(1,448),(1,449),(1,450),(1,451),(1,452),(1,453),(1,454),(1,455),(1,1562),(1,1563),(1,1564),(1,1565),(1,1566),(1,1567),(1,1568),(1,1569),(1,1570),(1,1571),(1,1572),(1,1573),(1,1574),(1,1575),(1,1576),(1,337),(1,338),(1,339),(1,340),(1,341),(1,342),(1,343),(1,344),(1,345),(1,346),(1,347),(1,348),(1,349),(1,350),(1,1577),(1,1578),(1,1579),(1,1580),(1,1581),(1,1582),(1,1583),(1,1584),(1,1585),(1,1586),(1,1587),(1,1588),(1,1589),(1,1590),(1,1591),(1,1592),(1,1593),(1,1594),(1,1595),(1,1596),(1,1597),(1,1598),(1,1599),(1,1600),(1,1601),(1,1602),(1,1603),(1,1604),(1,1605),(1,1606),(1,1607),(1,1608),(1,1609),(1,1610),(1,1611),(1,1612),(1,1613),(1,1614),(1,1615),(1,1616),(1,1617),(1,1618),(1,1619),(1,1620),(1,1621),(1,1622),(1,1623),(1,1624),(1,1625),(1,1626),(1,1627),(1,1628),(1,1629),(1,1630),(1,1631),(1,1632),(1,1633),(1,1634),(1,1635),(1,1636),(1,1637),(1,1638),(1,1639),(1,1640),(1,1641),(1,1642),(1,1643),(1,1644),(1,1645),(1,550),(1,551),(1,552),(1,553),(1,554),(1,555),(1,1646),(1,1647),(1,1648),(1,1649),(1,1650),(1,1651),(1,1652),(1,1653),(1,1654),(1,1655),(1,1656),(1,1657),(1,1658),(1,1659),(1,1660),(1,1661),(1,1662),(1,1663),(1,1664),(1,1665),(1,1666),(1,1667),(1,1668),(1,1669),(1,1670),(1,1702),(1,1703),(1,1704),(1,1705),(1,1706),(1,1707),(1,1708),(1,1709),(1,1710),(1,1711),(1,1712),(1,1713),(1,1714),(1,1715),(1,1716),(1,1745),(1,1746),(1,1747),(1,1748),(1,1749),(1,1750),(1,1751),(1,1752),(1,1753),(1,1754),(1,1791),(1,1792),(1,1793),(1,1794),(1,1795),(1,1796),(1,1797),(1,1798),(1,1799),(1,1800),(1,1986),(1,1987),(1,1988),(1,1989),(1,1990),(1,1991),(1,1992),(1,1993),(1,1994),(1,1995),(1,1996),(1,1997),(1,1998),(1,1999),(1,2000),(1,2001),(1,2002),(1,2003),(1,2004),(1,2005),(1,2006),(1,2007),(1,2008),(1,2009),(1,2010),(1,2011),(1,2012),(1,2013),(1,2014),(1,2015),(1,2016),(1,2017),(1,2018),(1,2019),(1,2020),(1,2021),(1,2022),(1,2023),(1,2024),(1,2025),(1,2026),(1,2027),(1,2028),(1,2029),(1,2093),(1,2094),(1,2095),(1,2096),(1,2097),(1,2098),(1,3276),(1,3277),(1,3278),(1,3279),(1,3280),(1,3281),(1,3282),(1,3283),(1,3284),(1,3285),(1,3286),(1,3287),(1,2113),(1,2114),(1,2115),(1,2116),(1,2117),(1,2118),(1,2119),(1,2120),(1,2121),(1,2122),(1,2123),(1,2124),(1,2139),(1,2140),(1,2141),(1,2142),(1,2143),(1,2144),(1,2145),(1,2146),(1,2147),(1,2148),(1,2149),(1,2150),(1,2151),(1,2152),(1,2153),(1,2154),(1,2155),(1,2156),(1,2157),(1,2158),(1,2159),(1,2160),(1,2161),(1,2162),(1,2163),(1,2164),(1,2178),(1,2179),(1,2180),(1,2181),(1,2182),(1,2183),(1,2184),(1,2185),(1,2186),(1,2187),(1,2188),(1,2189),(1,2190),(1,2191),(1,2192),(1,2193),(1,2194),(1,2195),(1,2196),(1,2197),(1,2198),(1,2199),(1,2200),(1,2201),(1,2202),(1,2203),(1,2204),(1,2205),(1,2206),(1,2207),(1,2208),(1,2209),(1,2210),(1,2211),(1,2212),(1,2213),(1,2214),(1,2215),(1,2229),(1,2230),(1,2231),(1,2232),(1,2233),(1,2234),(1,2235),(1,2236),(1,2237),(1,2650),(1,2651),(1,2652),(1,2653),(1,2654),(1,2655),(1,2656),(1,2657),(1,2658),(1,2659),(1,2660),(1,2661),(1,2662),(1,2663),(1,3353),(1,3355),(1,2254),(1,2255),(1,2256),(1,2257),(1,2258),(1,2259),(1,2260),(1,2261),(1,2262),(1,2263),(1,2264),(1,2265),(1,2266),(1,2267),(1,2268),(1,2269),(1,2270),(1,419),(1,420),(1,421),(1,422),(1,423),(1,424),(1,425),(1,426),(1,427),(1,428),(1,429),(1,430),(1,431),(1,432),(1,433),(1,434),(1,435),(1,2271),(1,2272),(1,2273),(1,2274),(1,2275),(1,2276),(1,2277),(1,2278),(1,2279),(1,2280),(1,2281),(1,2296),(1,2297),(1,2298),(1,2299),(1,2300),(1,2301),(1,2302),(1,2303),(1,2304),(1,2305),(1,2306),(1,2307),(1,2308),(1,2309),(1,2344),(1,2345),(1,2346),(1,2347),(1,2348),(1,2349),(1,2350),(1,2351),(1,2352),(1,2353),(1,2354),(1,2355),(1,2356),(1,2357),(1,2375),(1,2376),(1,2377),(1,2378),(1,2379),(1,2380),(1,2381),(1,2382),(1,2383),(1,2384),(1,2385),(1,2386),(1,2387),(1,2388),(1,2389),(1,2390),(1,2391),(1,2392),(1,2393),(1,2394),(1,2395),(1,2396),(1,2397),(1,2398),(1,2399),(1,2400),(1,2401),(1,2402),(1,2403),(1,2404),(1,2405),(1,2664),(1,2665),(1,2666),(1,2667),(1,2668),(1,2669),(1,2670),(1,2671),(1,2672),(1,2673),(1,2674),(1,2675),(1,2676),(1,2677),(1,2678),(1,2679),(1,2680),(1,2681),(1,2682),(1,2683),(1,2684),(1,2685),(1,2686),(1,2687),(1,2688),(1,2689),(1,2690),(1,2691),(1,2692),(1,2693),(1,2694),(1,2695),(1,2696),(1,2697),(1,2698),(1,2699),(1,2700),(1,2701),(1,2702),(1,2703),(1,2704),(1,2406),(1,2407),(1,2408),(1,2409),(1,2410),(1,2411),(1,2412),(1,2413),(1,2414),(1,2415),(1,2416),(1,2417),(1,2418),(1,2419),(1,2420),(1,2421),(1,2422),(1,2423),(1,2424),(1,2425),(1,2426),(1,2427),(1,2428),(1,2429),(1,2430),(1,2431),(1,2432),(1,2433),(1,570),(1,573),(1,577),(1,580),(1,581),(1,571),(1,579),(1,582),(1,572),(1,575),(1,578),(1,574),(1,576),(1,3288),(1,3289),(1,3290),(1,3291),(1,3292),(1,3293),(1,3294),(1,3295),(1,3296),(1,3297),(1,3298),(1,3299),(1,2434),(1,2435),(1,2436),(1,2437),(1,2438),(1,2439),(1,2440),(1,2441),(1,2442),(1,2443),(1,2444),(1,2445),(1,2446),(1,2447),(1,2448),(1,2449),(1,2450),(1,2451),(1,2452),(1,2453),(1,2454),(1,2455),(1,2456),(1,2457),(1,2458),(1,2459),(1,2460),(1,2461),(1,2462),(1,2463),(1,2464),(1,2465),(1,2466),(1,2467),(1,2468),(1,2469),(1,2470),(1,2471),(1,2506),(1,2507),(1,2508),(1,2509),(1,2510),(1,2511),(1,2512),(1,2513),(1,2514),(1,2515),(1,2516),(1,2517),(1,2518),(1,2519),(1,2520),(1,2521),(1,2522),(1,2542),(1,2543),(1,2544),(1,2545),(1,2546),(1,2547),(1,2548),(1,2549),(1,2550),(1,2551),(1,2552),(1,2553),(1,2565),(1,2566),(1,2567),(1,2568),(1,2569),(1,2570),(1,2571),(1,2926),(1,2927),(1,2928),(1,2929),(1,2930),(1,2931),(1,2932),(1,2933),(1,2934),(1,2935),(1,2936),(1,2937),(1,2938),(1,2939),(1,2940),(1,2941),(1,2942),(1,2943),(1,2944),(1,2945),(1,2946),(1,2947),(1,2948),(1,2949),(1,2950),(1,2951),(1,2952),(1,2953),(1,2954),(1,2955),(1,2956),(1,2957),(1,2958),(1,2959),(1,2960),(1,2961),(1,2962),(1,2963),(1,3004),(1,3005),(1,3006),(1,3007),(1,3008),(1,3009),(1,3010),(1,3011),(1,3012),(1,3013),(1,3014),(1,3015),(1,3016),(1,3017),(1,2964),(1,2965),(1,2966),(1,2967),(1,2968),(1,2969),(1,2970),(1,2971),(1,2972),(1,2973),(1,2974),(1,2975),(1,2976),(1,2977),(1,2978),(1,2979),(1,2980),(1,2981),(1,2982),(1,2983),(1,2984),(1,2985),(1,2986),(1,2987),(1,2988),(1,2989),(1,2990),(1,2991),(1,2992),(1,2993),(1,2994),(1,2995),(1,2996),(1,2997),(1,2998),(1,2999),(1,3000),(1,3001),(1,3002),(1,3003),(1,3018),(1,3019),(1,3020),(1,3021),(1,3022),(1,3023),(1,3024),(1,3025),(1,3026),(1,3027),(1,3028),(1,3029),(1,3030),(1,3031),(1,3032),(1,3033),(1,3034),(1,3035),(1,3036),(1,3037),(1,3064),(1,3065),(1,3066),(1,3067),(1,3068),(1,3069),(1,3070),(1,3071),(1,3072),(1,3073),(1,3074),(1,3075),(1,3076),(1,3077),(1,3078),(1,3079),(1,3080),(1,3052),(1,3053),(1,3054),(1,3055),(1,3056),(1,3057),(1,3058),(1,3059),(1,3060),(1,3061),(1,3062),(1,3063),(1,3081),(1,3082),(1,3083),(1,3084),(1,3085),(1,3086),(1,3087),(1,3088),(1,3089),(1,3090),(1,3091),(1,3092),(1,3093),(1,3094),(1,3095),(1,3096),(1,3097),(1,3098),(1,3099),(1,3100),(1,3101),(1,3102),(1,3103),(1,3104),(1,3105),(1,3106),(1,3107),(1,3108),(1,3109),(1,3110),(1,3111),(1,3112),(1,3113),(1,3114),(1,3115),(1,3116),(1,2731),(1,2732),(1,2733),(1,2734),(1,2735),(1,2736),(1,2737),(1,2738),(1,2739),(1,2740),(1,2741),(1,2742),(1,2743),(1,2744),(1,2745),(1,2746),(1,2747),(1,2748),(1,2749),(1,2750),(1,111),(1,112),(1,113),(1,114),(1,115),(1,116),(1,117),(1,118),(1,119),(1,120),(1,121),(1,122),(1,1073),(1,1074),(1,1075),(1,1076),(1,1077),(1,1078),(1,1079),(1,1080),(1,1081),(1,1082),(1,1083),(1,1084),(1,1085),(1,1086),(1,2125),(1,2126),(1,2127),(1,2128),(1,2129),(1,2130),(1,2131),(1,2132),(1,2133),(1,2134),(1,2135),(1,2136),(1,2137),(1,2138),(1,3503),(1,360),(1,361),(1,362),(1,363),(1,364),(1,365),(1,366),(1,367),(1,368),(1,369),(1,370),(1,371),(1,372),(1,373),(1,3354),(1,3351),(1,1532),(1,1533),(1,1534),(1,1535),(1,1536),(1,1537),(1,1538),(1,1539),(1,1540),(1,1541),(1,1542),(1,1543),(1,1544),(1,1545),(1,1957),(1,1958),(1,1959),(1,1960),(1,1961),(1,1962),(1,1963),(1,1964),(1,1965),(1,1966),(1,1967),(1,1968),(3,3250),(3,2819),(3,2820),(3,2821),(3,2822),(3,2823),(3,2824),(3,2825),(3,2826),(3,2827),(3,2828),(3,2829),(3,2830),(3,2831),(3,2832),(3,2833),(3,2834),(3,2835),(3,2836),(3,2837),(3,2838),(3,3226),(3,3227),(3,3228),(3,3229),(3,3230),(3,3231),(3,3232),(3,3233),(3,3234),(3,3235),(3,3236),(3,3237),(3,3238),(3,3239),(3,3240),(3,3241),(3,3242),(3,3243),(3,3244),(3,3245),(3,3246),(3,3247),(3,3248),(3,3249),(3,2839),(3,2840),(3,2841),(3,2842),(3,2843),(3,2844),(3,2845),(3,2846),(3,2847),(3,2848),(3,2849),(3,2850),(3,2851),(3,2852),(3,2853),(3,2854),(3,2855),(3,2856),(3,3166),(3,3167),(3,3168),(3,3171),(3,3223),(3,2858),(3,2861),(3,2865),(3,2868),(3,2871),(3,2873),(3,2877),(3,2880),(3,2883),(3,2885),(3,2888),(3,2893),(3,2894),(3,2898),(3,2901),(3,2904),(3,2906),(3,2911),(3,2913),(3,2915),(3,2917),(3,2919),(3,2921),(3,2923),(3,2925),(3,2859),(3,2860),(3,2864),(3,2867),(3,2869),(3,2872),(3,2878),(3,2879),(3,2884),(3,2887),(3,2889),(3,2892),(3,2896),(3,2897),(3,2902),(3,2905),(3,2907),(3,2910),(3,2914),(3,2916),(3,2918),(3,2920),(3,2922),(3,2924),(3,2857),(3,2862),(3,2863),(3,2866),(3,2870),(3,2874),(3,2875),(3,2876),(3,2881),(3,2882),(3,2886),(3,2890),(3,2891),(3,2895),(3,2899),(3,2900),(3,2903),(3,2908),(3,2909),(3,2912),(3,3165),(3,3169),(3,3170),(3,3252),(3,3224),(3,3251),(3,3340),(3,3339),(3,3338),(3,3337),(3,3341),(3,3345),(3,3342),(3,3346),(3,3343),(3,3347),(3,3344),(3,3348),(3,3360),(3,3361),(3,3362),(3,3363),(3,3364),(3,3172),(3,3173),(3,3174),(3,3175),(3,3176),(3,3177),(3,3178),(3,3179),(3,3180),(3,3181),(3,3182),(3,3183),(3,3184),(3,3185),(3,3186),(3,3187),(3,3188),(3,3189),(3,3190),(3,3191),(3,3192),(3,3193),(3,3194),(3,3195),(3,3196),(3,3197),(3,3198),(3,3199),(3,3200),(3,3201),(3,3202),(3,3203),(3,3204),(3,3205),(3,3206),(3,3428),(3,3207),(3,3208),(3,3209),(3,3210),(3,3211),(3,3212),(3,3429),(3,3213),(3,3214),(3,3215),(3,3216),(3,3217),(3,3218),(3,3219),(3,3220),(3,3221),(3,3222),(5,51),(5,52),(5,53),(5,54),(5,55),(5,56),(5,57),(5,58),(5,59),(5,60),(5,61),(5,62),(5,798),(5,799),(5,800),(5,801),(5,802),(5,803),(5,804),(5,805),(5,806),(5,3225),(5,1325),(5,1326),(5,1327),(5,1328),(5,1329),(5,1330),(5,1331),(5,1332),(5,1333),(5,1334),(5,1557),(5,2506),(5,2591),(5,2592),(5,2593),(5,2594),(5,2595),(5,2596),(5,2597),(5,2598),(5,2599),(5,2600),(5,2601),(5,2602),(5,2603),(5,2604),(5,2605),(5,2606),(5,2607),(5,2608),(5,2627),(5,2631),(5,2638),(5,1158),(5,1159),(5,1160),(5,1161),(5,1162),(5,1163),(5,1164),(5,1165),(5,1166),(5,1167),(5,1168),(5,1169),(5,1170),(5,1171),(5,1172),(5,1173),(5,1174),(5,1175),(5,1176),(5,1177),(5,1178),(5,1179),(5,1180),(5,1181),(5,1182),(5,1183),(5,1184),(5,1185),(5,1186),(5,1187),(5,1414),(5,1415),(5,1416),(5,1417),(5,1418),(5,1419),(5,1420),(5,1421),(5,1422),(5,1423),(5,1424),(5,1425),(5,1426),(5,1427),(5,1428),(5,1429),(5,1430),(5,1431),(5,1432),(5,1433),(5,1801),(5,1802),(5,1803),(5,1804),(5,1805),(5,1806),(5,1807),(5,1808),(5,1809),(5,1810),(5,1811),(5,1812),(5,2003),(5,2004),(5,2005),(5,2006),(5,2007),(5,2008),(5,2009),(5,2010),(5,2011),(5,2012),(5,2013),(5,2014),(5,2193),(5,2194),(5,2195),(5,2196),(5,2197),(5,2198),(5,2199),(5,2200),(5,2201),(5,2202),(5,2203),(5,424),(5,428),(5,430),(5,434),(5,2310),(5,2311),(5,2312),(5,2313),(5,2314),(5,2315),(5,2316),(5,2317),(5,2282),(5,2283),(5,2284),(5,2358),(5,2359),(5,2360),(5,2361),(5,2362),(5,2363),(5,2364),(5,2365),(5,2366),(5,2367),(5,2368),(5,2369),(5,2370),(5,2371),(5,2372),(5,2373),(5,2374),(5,2420),(5,2421),(5,2422),(5,2423),(5,2424),(5,2425),(5,2426),(5,2427),(5,2488),(5,2489),(5,2511),(5,2512),(5,2513),(5,2711),(5,2715),(5,3365),(5,3366),(5,3367),(5,3368),(5,3369),(5,3370),(5,3371),(5,3372),(5,3373),(5,3374),(5,2926),(5,2927),(5,2928),(5,2929),(5,2930),(5,2931),(5,2932),(5,2933),(5,2934),(5,2935),(5,2936),(5,2937),(5,3075),(5,3076),(5,166),(5,167),(5,168),(5,169),(5,170),(5,171),(5,172),(5,173),(5,174),(5,175),(5,176),(5,177),(5,178),(5,179),(5,180),(5,181),(5,182),(5,3426),(5,2625),(5,816),(5,817),(5,818),(5,819),(5,820),(5,821),(5,822),(5,823),(5,824),(5,825),(5,768),(5,769),(5,770),(5,771),(5,772),(5,773),(5,774),(5,775),(5,776),(5,777),(5,778),(5,909),(5,910),(5,911),(5,912),(5,913),(5,914),(5,915),(5,916),(5,917),(5,918),(5,919),(5,920),(5,921),(5,922),(5,935),(5,936),(5,937),(5,938),(5,939),(5,940),(5,941),(5,942),(5,943),(5,944),(5,945),(5,946),(5,947),(5,948),(5,3301),(5,3300),(5,3302),(5,3303),(5,3304),(5,3305),(5,3306),(5,3307),(5,3308),(5,3309),(5,3310),(5,3311),(5,3312),(5,3313),(5,3314),(5,3315),(5,3316),(5,3317),(5,3318),(5,1256),(5,1257),(5,1258),(5,1259),(5,1260),(5,1261),(5,1262),(5,1263),(5,1264),(5,1265),(5,1266),(5,1267),(5,2490),(5,2542),(5,2543),(5,2544),(5,2545),(5,2546),(5,2547),(5,2548),(5,2549),(5,2550),(5,2551),(5,2552),(5,2553),(5,3411),(5,3403),(5,3423),(5,1212),(5,1213),(5,1214),(5,1215),(5,1216),(5,1217),(5,1218),(5,1219),(5,1220),(5,1221),(5,1222),(5,1223),(5,1224),(5,1225),(5,1226),(5,1227),(5,1228),(5,1229),(5,1230),(5,1231),(5,1232),(5,1233),(5,1234),(5,1434),(5,1435),(5,1436),(5,1437),(5,1438),(5,1439),(5,1440),(5,1441),(5,1442),(5,1443),(5,2204),(5,2205),(5,2206),(5,2207),(5,2208),(5,2209),(5,2210),(5,2211),(5,2212),(5,2213),(5,2214),(5,2215),(5,3404),(5,2491),(5,2492),(5,2493),(5,3028),(5,3029),(5,3030),(5,3031),(5,3032),(5,3033),(5,3034),(5,3035),(5,3036),(5,3037),(5,23),(5,24),(5,25),(5,26),(5,27),(5,28),(5,29),(5,30),(5,31),(5,32),(5,33),(5,34),(5,35),(5,36),(5,37),(5,111),(5,112),(5,113),(5,114),(5,115),(5,116),(5,117),(5,118),(5,119),(5,120),(5,121),(5,122),(5,515),(5,516),(5,517),(5,518),(5,519),(5,520),(5,521),(5,522),(5,523),(5,524),(5,525),(5,526),(5,527),(5,528),(5,269),(5,270),(5,271),(5,272),(5,273),(5,274),(5,275),(5,276),(5,277),(5,278),(5,279),(5,280),(5,281),(5,891),(5,892),(5,893),(5,894),(5,895),(5,896),(5,897),(5,898),(5,899),(5,900),(5,901),(5,902),(5,903),(5,904),(5,905),(5,906),(5,907),(5,908),(5,1105),(5,1106),(5,1107),(5,1108),(5,1109),(5,1110),(5,1111),(5,1112),(5,1113),(5,1114),(5,1115),(5,1116),(5,1117),(5,1118),(5,1119),(5,1120),(5,470),(5,471),(5,472),(5,473),(5,474),(5,3424),(5,2690),(5,2691),(5,2692),(5,2693),(5,2694),(5,2695),(5,2696),(5,2697),(5,2698),(5,2699),(5,2700),(5,2701),(5,2702),(5,2703),(5,2704),(5,2494),(5,2514),(5,2515),(5,2516),(5,2517),(5,3132),(5,3133),(5,3134),(5,3135),(5,3136),(5,3137),(5,3138),(5,3139),(5,3140),(5,3141),(5,3142),(5,3143),(5,3144),(5,3145),(5,3408),(5,3),(5,4),(5,5),(5,38),(5,39),(5,40),(5,41),(5,42),(5,43),(5,44),(5,45),(5,46),(5,47),(5,48),(5,49),(5,50),(5,826),(5,827),(5,828),(5,829),(5,830),(5,831),(5,832),(5,833),(5,834),(5,835),(5,836),(5,837),(5,838),(5,839),(5,840),(5,841),(5,949),(5,950),(5,951),(5,952),(5,953),(5,954),(5,955),(5,956),(5,957),(5,958),(5,959),(5,960),(5,961),(5,962),(5,963),(5,475),(5,476),(5,477),(5,478),(5,479),(5,480),(5,3354),(5,3351),(5,1395),(5,1396),(5,1397),(5,1398),(5,1399),(5,1400),(5,1401),(5,1402),(5,1403),(5,1404),(5,1405),(5,1455),(5,1456),(5,1457),(5,1458),(5,1459),(5,1460),(5,1461),(5,1462),(5,1463),(5,1464),(5,1465),(5,1520),(5,1521),(5,1522),(5,1523),(5,1524),(5,1525),(5,1526),(5,1527),(5,1528),(5,1529),(5,1530),(5,1531),(5,3276),(5,3277),(5,3278),(5,3279),(5,3280),(5,3281),(5,3282),(5,3283),(5,3284),(5,3285),(5,3286),(5,3287),(5,2125),(5,2126),(5,2127),(5,2128),(5,2129),(5,2130),(5,2131),(5,2132),(5,2133),(5,2134),(5,2135),(5,2136),(5,2137),(5,2138),(5,3410),(5,2476),(5,2484),(5,2495),(5,2496),(5,2497),(5,2498),(5,2709),(5,2710),(5,2712),(5,3038),(5,3039),(5,3040),(5,3041),(5,3042),(5,3043),(5,3044),(5,3045),(5,3046),(5,3047),(5,3048),(5,3049),(5,3050),(5,3051),(5,3077),(5,77),(5,78),(5,79),(5,80),(5,81),(5,82),(5,83),(5,84),(5,3421),(5,246),(5,247),(5,248),(5,249),(5,250),(5,251),(5,252),(5,253),(5,254),(5,255),(5,256),(5,257),(5,258),(5,259),(5,260),(5,261),(5,262),(5,263),(5,264),(5,265),(5,266),(5,267),(5,268),(5,786),(5,787),(5,788),(5,789),(5,790),(5,791),(5,792),(5,793),(5,794),(5,795),(5,796),(5,797),(5,1562),(5,1563),(5,1564),(5,1565),(5,1566),(5,1567),(5,1568),(5,1569),(5,1570),(5,1571),(5,1572),(5,1573),(5,1574),(5,1575),(5,1576),(5,1839),(5,1840),(5,1841),(5,1842),(5,1843),(5,1844),(5,1845),(5,1846),(5,1847),(5,1848),(5,1849),(5,1850),(5,1851),(5,1852),(5,1986),(5,1987),(5,1988),(5,1989),(5,1990),(5,1991),(5,1992),(5,1993),(5,1994),(5,1995),(5,1996),(5,1997),(5,1998),(5,1999),(5,2000),(5,2001),(5,2002),(5,3415),(5,2650),(5,2651),(5,2652),(5,2653),(5,2654),(5,2655),(5,2656),(5,2657),(5,2658),(5,2659),(5,2660),(5,2661),(5,2662),(5,2663),(5,2296),(5,2297),(5,2298),(5,2299),(5,2300),(5,2301),(5,2302),(5,2303),(5,2304),(5,2305),(5,2306),(5,2307),(5,2308),(5,2309),(5,2334),(5,2335),(5,2336),(5,2337),(5,2338),(5,2339),(5,2340),(5,2341),(5,2342),(5,2343),(5,2434),(5,2435),(5,2436),(5,2437),(5,2438),(5,2439),(5,2440),(5,2441),(5,2442),(5,2443),(5,2444),(5,2445),(5,2446),(5,2447),(5,2448),(5,2461),(5,2462),(5,2463),(5,2464),(5,2465),(5,2466),(5,2467),(5,2468),(5,2469),(5,2470),(5,2471),(5,2478),(5,2518),(5,2519),(5,2520),(5,2521),(5,2522),(5,456),(5,457),(5,458),(5,459),(5,460),(5,461),(5,462),(5,463),(5,464),(5,465),(5,466),(5,467),(5,3078),(5,3079),(5,3080),(5,3416),(5,923),(5,924),(5,925),(5,926),(5,927),(5,928),(5,929),(5,930),(5,931),(5,932),(5,933),(5,934),(5,1020),(5,1021),(5,1022),(5,1023),(5,1024),(5,1025),(5,1026),(5,1027),(5,1028),(5,1029),(5,1030),(5,1031),(5,1032),(5,481),(5,482),(5,483),(5,484),(5,1188),(5,1189),(5,1190),(5,1191),(5,1192),(5,1193),(5,1194),(5,1195),(5,1196),(5,1197),(5,1198),(5,1199),(5,1200),(5,436),(5,437),(5,438),(5,439),(5,440),(5,441),(5,442),(5,443),(5,444),(5,445),(5,446),(5,447),(5,448),(5,449),(5,450),(5,451),(5,453),(5,454),(5,455),(5,337),(5,338),(5,339),(5,340),(5,341),(5,342),(5,343),(5,344),(5,345),(5,346),(5,347),(5,348),(5,349),(5,350),(5,1577),(5,1578),(5,1579),(5,1580),(5,1581),(5,1582),(5,1583),(5,1584),(5,1585),(5,1586),(5,1861),(5,1862),(5,1863),(5,1864),(5,1865),(5,1866),(5,1867),(5,1868),(5,1869),(5,1870),(5,1871),(5,1872),(5,1873),(5,3359),(5,2406),(5,2407),(5,2408),(5,2409),(5,2410),(5,2411),(5,2412),(5,2413),(5,2414),(5,2415),(5,2416),(5,2417),(5,2418),(5,2419),(5,2499),(5,2706),(5,2708),(5,2713),(5,2716),(5,2720),(5,2721),(5,2722),(5,2723),(5,2724),(5,2725),(5,2726),(5,2727),(5,2728),(5,2729),(5,2730),(5,2565),(5,2566),(5,2567),(5,2568),(5,2569),(5,2570),(5,2571),(5,2781),(5,2782),(5,2783),(5,2784),(5,2785),(5,2786),(5,2787),(5,2788),(5,2789),(5,2790),(5,2791),(5,2792),(5,2793),(5,2794),(5,2795),(5,2796),(5,2797),(5,2798),(5,2799),(5,2800),(5,2801),(5,2802),(5,2975),(5,2976),(5,2977),(5,2978),(5,2979),(5,2980),(5,2981),(5,2982),(5,2983),(5,2984),(5,2985),(5,2986),(5,183),(5,184),(5,185),(5,186),(5,187),(5,188),(5,189),(5,190),(5,191),(5,192),(5,193),(5,205),(5,206),(5,207),(5,208),(5,209),(5,210),(5,211),(5,212),(5,213),(5,214),(5,215),(5,216),(5,217),(5,218),(5,219),(5,220),(5,221),(5,222),(5,3417),(5,583),(5,584),(5,585),(5,586),(5,587),(5,588),(5,589),(5,590),(5,591),(5,592),(5,593),(5,594),(5,595),(5,596),(5,976),(5,977),(5,978),(5,979),(5,984),(5,1087),(5,1088),(5,1089),(5,1090),(5,1091),(5,1092),(5,1093),(5,1094),(5,1095),(5,1096),(5,1097),(5,1098),(5,1099),(5,1100),(5,1101),(5,1305),(5,1306),(5,1307),(5,1308),(5,1309),(5,1310),(5,1311),(5,1312),(5,1313),(5,1314),(5,1315),(5,1316),(5,1317),(5,1318),(5,1319),(5,1320),(5,1321),(5,1322),(5,1323),(5,1324),(5,1406),(5,1407),(5,1408),(5,1409),(5,1410),(5,1411),(5,1412),(5,1413),(5,1686),(5,1687),(5,1688),(5,1689),(5,1690),(5,1691),(5,1692),(5,1693),(5,1694),(5,1695),(5,1696),(5,1697),(5,1698),(5,1699),(5,1700),(5,1701),(5,408),(5,409),(5,410),(5,411),(5,412),(5,413),(5,414),(5,415),(5,416),(5,417),(5,418),(5,1813),(5,1814),(5,1815),(5,1816),(5,1817),(5,1818),(5,1819),(5,1820),(5,1821),(5,1822),(5,1823),(5,1824),(5,1825),(5,1826),(5,1827),(5,1828),(5,1969),(5,1970),(5,1971),(5,1972),(5,1973),(5,1974),(5,1975),(5,1976),(5,1977),(5,1978),(5,1979),(5,1980),(5,1981),(5,1982),(5,1983),(5,1984),(5,1985),(5,2113),(5,2114),(5,2115),(5,2116),(5,2117),(5,2118),(5,2119),(5,2120),(5,2121),(5,2122),(5,2123),(5,2124),(5,2149),(5,2150),(5,2151),(5,2152),(5,2153),(5,2154),(5,2155),(5,2156),(5,2157),(5,2158),(5,2159),(5,2160),(5,2161),(5,2162),(5,2163),(5,2164),(5,2676),(5,2677),(5,2678),(5,2679),(5,2680),(5,2681),(5,2682),(5,2683),(5,2684),(5,2685),(5,2686),(5,2687),(5,2688),(5,2689),(5,3418),(5,2500),(5,2501),(5,2803),(5,2804),(5,2805),(5,2806),(5,2807),(5,2808),(5,2809),(5,2810),(5,2811),(5,2812),(5,2813),(5,2814),(5,2815),(5,2816),(5,2817),(5,2818),(5,2949),(5,2950),(5,2951),(5,2952),(5,2953),(5,2954),(5,2955),(5,2956),(5,2957),(5,2958),(5,2959),(5,2960),(5,2961),(5,2962),(5,2963),(5,3004),(5,3005),(5,3006),(5,3007),(5,3008),(5,3009),(5,3010),(5,3011),(5,3012),(5,3013),(5,3014),(5,3015),(5,3016),(5,3017),(5,3092),(5,3093),(5,3094),(5,3095),(5,3096),(5,3097),(5,3098),(5,3099),(5,3100),(5,3101),(5,3102),(5,3103),(5,3409),(5,299),(5,300),(5,301),(5,302),(5,303),(5,304),(5,305),(5,306),(5,307),(5,308),(5,309),(5,310),(5,311),(5,312),(5,851),(5,852),(5,853),(5,854),(5,855),(5,856),(5,857),(5,858),(5,859),(5,860),(5,861),(5,862),(5,863),(5,864),(5,865),(5,866),(5,867),(5,868),(5,869),(5,870),(5,871),(5,872),(5,873),(5,874),(5,875),(5,876),(5,1057),(5,1058),(5,1059),(5,1060),(5,1061),(5,1062),(5,1063),(5,1064),(5,1065),(5,1066),(5,1067),(5,1068),(5,1069),(5,1070),(5,1071),(5,1072),(5,501),(5,502),(5,503),(5,504),(5,505),(5,506),(5,507),(5,508),(5,509),(5,510),(5,511),(5,512),(5,513),(5,514),(5,1444),(5,1445),(5,1446),(5,1447),(5,1448),(5,1449),(5,1450),(5,1451),(5,1452),(5,1453),(5,1454),(5,1496),(5,1497),(5,1498),(5,1499),(5,1500),(5,1501),(5,1502),(5,1503),(5,1504),(5,1505),(5,1671),(5,1672),(5,1673),(5,1674),(5,1675),(5,1676),(5,1677),(5,1678),(5,1679),(5,1680),(5,1681),(5,1682),(5,1683),(5,1684),(5,1685),(5,2044),(5,2045),(5,2046),(5,2047),(5,2048),(5,2049),(5,2050),(5,2051),(5,2052),(5,2053),(5,2054),(5,2055),(5,2056),(5,2057),(5,2058),(5,2059),(5,2060),(5,2061),(5,2062),(5,2063),(5,2064),(5,2238),(5,2239),(5,2240),(5,2241),(5,2242),(5,2243),(5,2244),(5,2245),(5,2246),(5,2247),(5,2248),(5,2249),(5,2250),(5,2251),(5,2252),(5,2253),(5,2391),(5,2392),(5,2393),(5,2394),(5,2395),(5,2396),(5,2397),(5,2398),(5,2399),(5,2400),(5,2401),(5,2402),(5,2403),(5,2404),(5,2405),(5,570),(5,573),(5,577),(5,580),(5,581),(5,571),(5,579),(5,582),(5,572),(5,575),(5,578),(5,574),(5,576),(5,2707),(5,2714),(5,2717),(5,2718),(5,3146),(5,3147),(5,3148),(5,3149),(5,3150),(5,3151),(5,3152),(5,3153),(5,3154),(5,3155),(5,3156),(5,3157),(5,3158),(5,3159),(5,3160),(5,3161),(5,3162),(5,3163),(5,3164),(5,3438),(5,3442),(5,3436),(5,3454),(5,3432),(5,3447),(5,3434),(5,3449),(5,3445),(5,3439),(5,3435),(5,3448),(5,3437),(5,3446),(5,3444),(5,3451),(5,3430),(5,3482),(5,3485),(5,3499),(5,3490),(5,3489),(5,3492),(5,3493),(5,3498),(5,3481),(5,3503),(8,3427),(8,3357),(8,1),(8,6),(8,7),(8,8),(8,9),(8,10),(8,11),(8,12),(8,13),(8,14),(8,15),(8,16),(8,17),(8,18),(8,19),(8,20),(8,21),(8,22),(8,3411),(8,3412),(8,3419),(8,2),(8,3),(8,4),(8,5),(8,23),(8,24),(8,25),(8,26),(8,27),(8,28),(8,29),(8,30),(8,31),(8,32),(8,33),(8,34),(8,35),(8,36),(8,37),(8,3256),(8,3350),(8,3349),(8,38),(8,39),(8,40),(8,41),(8,42),(8,43),(8,44),(8,45),(8,46),(8,47),(8,48),(8,49),(8,50),(8,3403),(8,51),(8,52),(8,53),(8,54),(8,55),(8,56),(8,57),(8,58),(8,59),(8,60),(8,61),(8,62),(8,3406),(8,379),(8,391),(8,63),(8,64),(8,65),(8,66),(8,67),(8,68),(8,69),(8,70),(8,71),(8,72),(8,73),(8,74),(8,75),(8,76),(8,77),(8,78),(8,79),(8,80),(8,81),(8,82),(8,83),(8,84),(8,85),(8,86),(8,87),(8,88),(8,89),(8,90),(8,91),(8,92),(8,93),(8,94),(8,95),(8,96),(8,97),(8,98),(8,99),(8,100),(8,101),(8,102),(8,103),(8,104),(8,105),(8,106),(8,107),(8,108),(8,109),(8,110),(8,3402),(8,3389),(8,3390),(8,3391),(8,3392),(8,3393),(8,3394),(8,3395),(8,3396),(8,3397),(8,3398),(8,3399),(8,3400),(8,3401),(8,3262),(8,376),(8,397),(8,382),(8,111),(8,112),(8,113),(8,114),(8,115),(8,116),(8,117),(8,118),(8,119),(8,120),(8,121),(8,122),(8,389),(8,404),(8,406),(8,3421),(8,380),(8,394),(8,3268),(8,3413),(8,3263),(8,123),(8,124),(8,125),(8,126),(8,127),(8,128),(8,129),(8,130),(8,2572),(8,2573),(8,2574),(8,2575),(8,2576),(8,2577),(8,2578),(8,2579),(8,2580),(8,2581),(8,2582),(8,2583),(8,2584),(8,2585),(8,2586),(8,2587),(8,2588),(8,2589),(8,2590),(8,3266),(8,131),(8,132),(8,133),(8,134),(8,135),(8,136),(8,137),(8,138),(8,139),(8,140),(8,141),(8,142),(8,143),(8,144),(8,145),(8,146),(8,147),(8,148),(8,149),(8,150),(8,151),(8,152),(8,153),(8,154),(8,155),(8,156),(8,157),(8,158),(8,159),(8,160),(8,161),(8,162),(8,163),(8,164),(8,165),(8,166),(8,167),(8,168),(8,169),(8,170),(8,171),(8,172),(8,173),(8,174),(8,175),(8,176),(8,177),(8,178),(8,179),(8,180),(8,181),(8,182),(8,3426),(8,3416),(8,183),(8,184),(8,185),(8,186),(8,187),(8,188),(8,189),(8,190),(8,191),(8,192),(8,193),(8,194),(8,195),(8,196),(8,197),(8,198),(8,199),(8,200),(8,201),(8,202),(8,203),(8,204),(8,515),(8,516),(8,517),(8,518),(8,519),(8,520),(8,521),(8,522),(8,523),(8,524),(8,525),(8,526),(8,527),(8,528),(8,205),(8,206),(8,207),(8,208),(8,209),(8,210),(8,211),(8,212),(8,213),(8,214),(8,215),(8,216),(8,217),(8,218),(8,219),(8,220),(8,221),(8,222),(8,223),(8,224),(8,225),(8,3336),(8,715),(8,716),(8,717),(8,718),(8,719),(8,720),(8,721),(8,722),(8,723),(8,724),(8,725),(8,726),(8,727),(8,728),(8,729),(8,730),(8,731),(8,732),(8,733),(8,734),(8,735),(8,736),(8,737),(8,738),(8,739),(8,740),(8,741),(8,742),(8,743),(8,744),(8,3324),(8,3417),(8,226),(8,227),(8,228),(8,229),(8,230),(8,231),(8,232),(8,233),(8,234),(8,235),(8,236),(8,237),(8,238),(8,239),(8,240),(8,241),(8,242),(8,243),(8,244),(8,245),(8,246),(8,247),(8,248),(8,249),(8,250),(8,251),(8,252),(8,253),(8,254),(8,255),(8,256),(8,257),(8,258),(8,259),(8,260),(8,261),(8,262),(8,263),(8,264),(8,265),(8,266),(8,267),(8,268),(8,269),(8,270),(8,271),(8,272),(8,273),(8,274),(8,275),(8,276),(8,277),(8,278),(8,279),(8,280),(8,281),(8,3375),(8,3376),(8,3377),(8,3378),(8,3379),(8,3380),(8,3381),(8,3382),(8,3383),(8,3384),(8,3385),(8,3386),(8,3387),(8,3388),(8,3255),(8,282),(8,283),(8,284),(8,285),(8,286),(8,287),(8,288),(8,289),(8,290),(8,291),(8,292),(8,293),(8,294),(8,295),(8,296),(8,297),(8,298),(8,299),(8,300),(8,301),(8,302),(8,303),(8,304),(8,305),(8,306),(8,307),(8,308),(8,309),(8,310),(8,311),(8,312),(8,2591),(8,2592),(8,2593),(8,2594),(8,2595),(8,2596),(8,2597),(8,2598),(8,2599),(8,2600),(8,2601),(8,2602),(8,2603),(8,2604),(8,2605),(8,2606),(8,2607),(8,2608),(8,313),(8,314),(8,315),(8,316),(8,317),(8,318),(8,319),(8,320),(8,321),(8,322),(8,399),(8,3259),(8,675),(8,676),(8,677),(8,678),(8,679),(8,680),(8,681),(8,682),(8,683),(8,684),(8,685),(8,686),(8,687),(8,688),(8,689),(8,690),(8,691),(8,692),(8,693),(8,694),(8,695),(8,696),(8,697),(8,698),(8,699),(8,700),(8,701),(8,702),(8,703),(8,704),(8,705),(8,706),(8,707),(8,708),(8,709),(8,710),(8,711),(8,712),(8,713),(8,714),(8,2609),(8,2610),(8,2611),(8,2612),(8,2613),(8,2614),(8,2615),(8,2616),(8,2617),(8,2618),(8,2619),(8,2620),(8,2621),(8,2622),(8,2623),(8,2624),(8,2625),(8,2626),(8,2627),(8,2628),(8,2629),(8,2630),(8,2631),(8,2632),(8,2633),(8,2634),(8,2635),(8,2636),(8,2637),(8,2638),(8,489),(8,490),(8,491),(8,492),(8,493),(8,494),(8,495),(8,496),(8,497),(8,498),(8,499),(8,500),(8,816),(8,817),(8,818),(8,819),(8,820),(8,821),(8,822),(8,823),(8,824),(8,825),(8,745),(8,746),(8,747),(8,748),(8,749),(8,750),(8,751),(8,752),(8,753),(8,754),(8,755),(8,756),(8,757),(8,758),(8,759),(8,760),(8,620),(8,621),(8,622),(8,623),(8,761),(8,762),(8,763),(8,764),(8,765),(8,766),(8,767),(8,768),(8,769),(8,770),(8,771),(8,772),(8,773),(8,774),(8,775),(8,776),(8,777),(8,778),(8,779),(8,780),(8,781),(8,782),(8,783),(8,784),(8,785),(8,543),(8,544),(8,545),(8,546),(8,547),(8,548),(8,549),(8,786),(8,787),(8,788),(8,789),(8,790),(8,791),(8,792),(8,793),(8,794),(8,795),(8,796),(8,797),(8,798),(8,799),(8,800),(8,801),(8,802),(8,803),(8,804),(8,805),(8,806),(8,807),(8,808),(8,809),(8,810),(8,811),(8,812),(8,813),(8,814),(8,815),(8,826),(8,827),(8,828),(8,829),(8,830),(8,831),(8,832),(8,833),(8,834),(8,835),(8,836),(8,837),(8,838),(8,839),(8,840),(8,841),(8,842),(8,843),(8,844),(8,845),(8,846),(8,847),(8,848),(8,849),(8,850),(8,3260),(8,3331),(8,851),(8,852),(8,853),(8,854),(8,855),(8,856),(8,857),(8,858),(8,859),(8,860),(8,861),(8,862),(8,863),(8,864),(8,865),(8,866),(8,867),(8,868),(8,869),(8,870),(8,871),(8,872),(8,873),(8,874),(8,875),(8,876),(8,2639),(8,2640),(8,2641),(8,2642),(8,2643),(8,2644),(8,2645),(8,2646),(8,2647),(8,2648),(8,2649),(8,3225),(8,583),(8,584),(8,585),(8,586),(8,587),(8,588),(8,589),(8,590),(8,591),(8,592),(8,593),(8,594),(8,595),(8,596),(8,388),(8,402),(8,407),(8,396),(8,877),(8,878),(8,879),(8,880),(8,881),(8,882),(8,883),(8,884),(8,885),(8,886),(8,887),(8,888),(8,889),(8,890),(8,3405),(8,891),(8,892),(8,893),(8,894),(8,895),(8,896),(8,897),(8,898),(8,899),(8,900),(8,901),(8,902),(8,903),(8,904),(8,905),(8,906),(8,907),(8,908),(8,909),(8,910),(8,911),(8,912),(8,913),(8,914),(8,915),(8,916),(8,917),(8,918),(8,919),(8,920),(8,921),(8,922),(8,3423),(8,923),(8,924),(8,925),(8,926),(8,927),(8,928),(8,929),(8,930),(8,931),(8,932),(8,933),(8,934),(8,935),(8,936),(8,937),(8,938),(8,939),(8,940),(8,941),(8,942),(8,943),(8,944),(8,945),(8,946),(8,947),(8,948),(8,949),(8,950),(8,951),(8,952),(8,953),(8,954),(8,955),(8,956),(8,957),(8,958),(8,959),(8,960),(8,961),(8,962),(8,963),(8,964),(8,965),(8,966),(8,967),(8,968),(8,969),(8,970),(8,971),(8,972),(8,973),(8,974),(8,975),(8,976),(8,977),(8,978),(8,979),(8,980),(8,981),(8,982),(8,983),(8,984),(8,985),(8,986),(8,987),(8,988),(8,390),(8,3273),(8,1020),(8,1021),(8,1022),(8,1023),(8,1024),(8,1025),(8,1026),(8,1027),(8,1028),(8,1029),(8,1030),(8,1031),(8,1032),(8,989),(8,990),(8,991),(8,992),(8,993),(8,994),(8,995),(8,996),(8,997),(8,998),(8,999),(8,1000),(8,1001),(8,1002),(8,1003),(8,1004),(8,1005),(8,1006),(8,1007),(8,1008),(8,1009),(8,1010),(8,1011),(8,1012),(8,1013),(8,1014),(8,1015),(8,1016),(8,1017),(8,1018),(8,1019),(8,1033),(8,1034),(8,1035),(8,1036),(8,1037),(8,1038),(8,1039),(8,1040),(8,1041),(8,1042),(8,1043),(8,1044),(8,1045),(8,1046),(8,1047),(8,1048),(8,1049),(8,1050),(8,1051),(8,1052),(8,1053),(8,1054),(8,1055),(8,1056),(8,351),(8,352),(8,353),(8,354),(8,355),(8,356),(8,357),(8,358),(8,359),(8,3332),(8,1057),(8,1058),(8,1059),(8,1060),(8,1061),(8,1062),(8,1063),(8,1064),(8,1065),(8,1066),(8,1067),(8,1068),(8,1069),(8,1070),(8,1071),(8,1072),(8,624),(8,625),(8,626),(8,627),(8,628),(8,629),(8,630),(8,631),(8,632),(8,633),(8,634),(8,635),(8,636),(8,637),(8,638),(8,639),(8,640),(8,641),(8,642),(8,643),(8,644),(8,645),(8,1073),(8,1074),(8,1075),(8,1076),(8,1077),(8,1078),(8,1079),(8,1080),(8,1081),(8,1082),(8,1083),(8,1084),(8,1085),(8,1086),(8,377),(8,395),(8,1102),(8,1103),(8,1104),(8,1087),(8,1088),(8,1089),(8,1090),(8,1091),(8,1092),(8,1093),(8,1094),(8,1095),(8,1096),(8,1097),(8,1098),(8,1099),(8,1100),(8,1101),(8,1105),(8,1106),(8,1107),(8,1108),(8,1109),(8,1110),(8,1111),(8,1112),(8,1113),(8,1114),(8,1115),(8,1116),(8,1117),(8,1118),(8,1119),(8,1120),(8,1121),(8,1122),(8,1123),(8,1124),(8,1125),(8,1126),(8,1127),(8,1128),(8,1129),(8,1130),(8,1131),(8,1132),(8,501),(8,502),(8,503),(8,504),(8,505),(8,506),(8,507),(8,508),(8,509),(8,510),(8,511),(8,512),(8,513),(8,514),(8,1133),(8,1134),(8,1135),(8,1136),(8,1137),(8,1138),(8,1139),(8,1140),(8,1141),(8,1142),(8,1143),(8,1144),(8,1145),(8,3265),(8,468),(8,469),(8,470),(8,471),(8,472),(8,473),(8,474),(8,475),(8,476),(8,477),(8,478),(8,479),(8,480),(8,481),(8,482),(8,483),(8,484),(8,485),(8,486),(8,487),(8,488),(8,1146),(8,1147),(8,1148),(8,1149),(8,1150),(8,1151),(8,1152),(8,1153),(8,1154),(8,1155),(8,1156),(8,1157),(8,1158),(8,1159),(8,1160),(8,1161),(8,1162),(8,1163),(8,1164),(8,1165),(8,1166),(8,1167),(8,1168),(8,1169),(8,1170),(8,1171),(8,1172),(8,1173),(8,1174),(8,1175),(8,1176),(8,1177),(8,1178),(8,1179),(8,1180),(8,1181),(8,1182),(8,1183),(8,1184),(8,1185),(8,1186),(8,1187),(8,3322),(8,3354),(8,3351),(8,3422),(8,405),(8,3407),(8,3301),(8,3300),(8,3302),(8,3303),(8,3304),(8,3305),(8,3306),(8,3307),(8,3308),(8,3309),(8,3310),(8,3311),(8,3312),(8,3313),(8,3314),(8,3315),(8,3316),(8,3317),(8,3318),(8,1188),(8,1189),(8,1190),(8,1191),(8,1192),(8,1193),(8,1194),(8,1195),(8,1196),(8,1197),(8,1198),(8,1199),(8,1200),(8,3329),(8,1235),(8,1236),(8,1237),(8,1238),(8,1239),(8,1240),(8,1241),(8,1242),(8,1243),(8,1244),(8,1245),(8,1246),(8,1247),(8,1248),(8,1249),(8,1250),(8,1251),(8,1252),(8,1253),(8,1254),(8,1255),(8,1256),(8,1257),(8,1258),(8,1259),(8,1260),(8,1261),(8,1262),(8,1263),(8,1264),(8,1265),(8,1266),(8,1267),(8,1268),(8,1269),(8,1270),(8,1271),(8,1272),(8,1273),(8,1274),(8,1275),(8,1276),(8,1277),(8,1278),(8,1279),(8,1280),(8,1281),(8,1282),(8,1283),(8,1284),(8,1285),(8,1286),(8,1287),(8,1288),(8,1289),(8,1290),(8,1291),(8,1292),(8,1293),(8,1294),(8,1295),(8,1296),(8,1297),(8,1298),(8,1299),(8,1300),(8,1301),(8,1302),(8,1303),(8,1304),(8,1305),(8,1306),(8,1307),(8,1308),(8,1309),(8,1310),(8,1311),(8,1312),(8,1313),(8,1314),(8,1315),(8,1316),(8,1317),(8,1318),(8,1319),(8,1320),(8,1321),(8,1322),(8,1323),(8,1324),(8,1201),(8,1202),(8,1203),(8,1204),(8,1205),(8,1206),(8,1207),(8,1208),(8,1209),(8,1210),(8,1211),(8,1325),(8,1326),(8,1327),(8,1328),(8,1329),(8,1330),(8,1331),(8,1332),(8,1333),(8,1334),(8,1391),(8,1393),(8,1388),(8,1394),(8,1387),(8,1392),(8,1389),(8,1390),(8,1335),(8,1336),(8,1337),(8,1338),(8,1339),(8,1340),(8,1341),(8,1342),(8,1343),(8,1344),(8,1345),(8,1346),(8,1347),(8,1348),(8,1349),(8,1350),(8,1351),(8,1212),(8,1213),(8,1214),(8,1215),(8,1216),(8,1217),(8,1218),(8,1219),(8,1220),(8,1221),(8,1222),(8,1223),(8,1224),(8,1225),(8,1226),(8,1227),(8,1228),(8,1229),(8,1230),(8,1231),(8,1232),(8,1233),(8,1234),(8,1352),(8,1353),(8,1354),(8,1355),(8,1356),(8,1357),(8,1358),(8,1359),(8,1360),(8,1361),(8,1362),(8,1363),(8,1364),(8,1365),(8,1366),(8,1367),(8,1368),(8,1369),(8,1370),(8,1371),(8,1372),(8,1373),(8,1374),(8,1375),(8,1376),(8,1377),(8,1378),(8,1379),(8,1380),(8,1381),(8,1382),(8,1386),(8,1383),(8,1385),(8,1384),(8,1406),(8,1407),(8,1408),(8,1409),(8,1410),(8,1411),(8,1412),(8,1413),(8,1395),(8,1396),(8,1397),(8,1398),(8,1399),(8,1400),(8,1401),(8,1402),(8,1403),(8,1404),(8,1405),(8,3274),(8,3267),(8,3261),(8,3272),(8,1414),(8,1415),(8,1416),(8,1417),(8,1418),(8,1419),(8,1420),(8,1421),(8,1422),(8,1423),(8,1424),(8,1425),(8,1426),(8,1427),(8,1428),(8,1429),(8,1430),(8,1431),(8,1432),(8,1433),(8,1434),(8,1435),(8,1436),(8,1437),(8,1438),(8,1439),(8,1440),(8,1441),(8,1442),(8,1443),(8,1455),(8,1456),(8,1457),(8,1458),(8,1459),(8,1460),(8,1461),(8,1462),(8,1463),(8,1464),(8,1465),(8,1444),(8,1445),(8,1446),(8,1447),(8,1448),(8,1449),(8,1450),(8,1451),(8,1452),(8,1453),(8,1454),(8,1466),(8,1467),(8,1468),(8,1469),(8,1470),(8,1471),(8,1472),(8,1473),(8,1474),(8,1475),(8,1476),(8,1477),(8,1478),(8,1479),(8,1480),(8,1481),(8,1482),(8,1483),(8,1484),(8,1485),(8,1486),(8,1487),(8,1488),(8,1489),(8,1490),(8,1491),(8,1492),(8,1493),(8,1494),(8,1495),(8,378),(8,392),(8,1532),(8,1533),(8,1534),(8,1535),(8,1536),(8,1537),(8,1538),(8,1539),(8,1540),(8,1541),(8,1542),(8,1543),(8,1544),(8,1545),(8,1496),(8,1497),(8,1498),(8,1499),(8,1500),(8,1501),(8,1502),(8,1503),(8,1504),(8,1505),(8,403),(8,1506),(8,1507),(8,1508),(8,1509),(8,1510),(8,1511),(8,1512),(8,1513),(8,1514),(8,1515),(8,1516),(8,1517),(8,1518),(8,1519),(8,381),(8,1520),(8,1521),(8,1522),(8,1523),(8,1524),(8,1525),(8,1526),(8,1527),(8,1528),(8,1529),(8,1530),(8,1531),(8,1546),(8,1547),(8,1548),(8,1549),(8,1550),(8,1551),(8,1552),(8,1553),(8,1554),(8,1555),(8,1556),(8,1557),(8,1558),(8,1559),(8,1560),(8,1561),(8,3352),(8,3358),(8,400),(8,436),(8,437),(8,438),(8,439),(8,440),(8,441),(8,442),(8,443),(8,444),(8,445),(8,446),(8,447),(8,448),(8,449),(8,450),(8,451),(8,452),(8,453),(8,454),(8,455),(8,1562),(8,1563),(8,1564),(8,1565),(8,1566),(8,1567),(8,1568),(8,1569),(8,1570),(8,1571),(8,1572),(8,1573),(8,1574),(8,1575),(8,1576),(8,337),(8,338),(8,339),(8,340),(8,341),(8,342),(8,343),(8,344),(8,345),(8,346),(8,347),(8,348),(8,349),(8,350),(8,1577),(8,1578),(8,1579),(8,1580),(8,1581),(8,1582),(8,1583),(8,1584),(8,1585),(8,1586),(8,1587),(8,1588),(8,1589),(8,1590),(8,1591),(8,1592),(8,1593),(8,1594),(8,1595),(8,1596),(8,1597),(8,1598),(8,1599),(8,1600),(8,1601),(8,1602),(8,1603),(8,1604),(8,1605),(8,1606),(8,1607),(8,1608),(8,1609),(8,1610),(8,1611),(8,1612),(8,1613),(8,1614),(8,1615),(8,1616),(8,1617),(8,1618),(8,1619),(8,1620),(8,1621),(8,1622),(8,1623),(8,1624),(8,1625),(8,1626),(8,1627),(8,1628),(8,1629),(8,1630),(8,1631),(8,1632),(8,1633),(8,1634),(8,1635),(8,1636),(8,1637),(8,1638),(8,1639),(8,1640),(8,1641),(8,1642),(8,1643),(8,1644),(8,1645),(8,550),(8,551),(8,552),(8,553),(8,554),(8,555),(8,1646),(8,1647),(8,1648),(8,1649),(8,1650),(8,1651),(8,1652),(8,1653),(8,1654),(8,1655),(8,1656),(8,1657),(8,1658),(8,1659),(8,1660),(8,1661),(8,1662),(8,1663),(8,1664),(8,1665),(8,1666),(8,1667),(8,1668),(8,1669),(8,1670),(8,1686),(8,1687),(8,1688),(8,1689),(8,1690),(8,1691),(8,1692),(8,1693),(8,1694),(8,1695),(8,1696),(8,1697),(8,1698),(8,1699),(8,1700),(8,1701),(8,1671),(8,1672),(8,1673),(8,1674),(8,1675),(8,1676),(8,1677),(8,1678),(8,1679),(8,1680),(8,1681),(8,1682),(8,1683),(8,1684),(8,1685),(8,1702),(8,1703),(8,1704),(8,1705),(8,1706),(8,1707),(8,1708),(8,1709),(8,1710),(8,1711),(8,1712),(8,1713),(8,1714),(8,1715),(8,1716),(8,3257),(8,3425),(8,3420),(8,3326),(8,3258),(8,3356),(8,3424),(8,384),(8,1717),(8,1720),(8,1722),(8,1723),(8,1726),(8,1727),(8,1730),(8,1731),(8,1733),(8,1736),(8,1737),(8,1740),(8,1742),(8,1743),(8,1718),(8,1719),(8,1721),(8,1724),(8,1725),(8,1728),(8,1729),(8,1732),(8,1734),(8,1735),(8,1738),(8,1739),(8,1741),(8,1744),(8,374),(8,1745),(8,1746),(8,1747),(8,1748),(8,1749),(8,1750),(8,1751),(8,1752),(8,1753),(8,1754),(8,1755),(8,1762),(8,1763),(8,1756),(8,1764),(8,1757),(8,1758),(8,1765),(8,1766),(8,1759),(8,1760),(8,1767),(8,1761),(8,1768),(8,1769),(8,1770),(8,1771),(8,1772),(8,1773),(8,1774),(8,1775),(8,1776),(8,1777),(8,1778),(8,1779),(8,1780),(8,1781),(8,1782),(8,1783),(8,1784),(8,1785),(8,1786),(8,1787),(8,1788),(8,1789),(8,1790),(8,3270),(8,1791),(8,1792),(8,1793),(8,1794),(8,1795),(8,1796),(8,1797),(8,1798),(8,1799),(8,1800),(8,1893),(8,1894),(8,1895),(8,1896),(8,1897),(8,1898),(8,1899),(8,1900),(8,1901),(8,1801),(8,1802),(8,1803),(8,1804),(8,1805),(8,1806),(8,1807),(8,1808),(8,1809),(8,1810),(8,1811),(8,1812),(8,408),(8,409),(8,410),(8,411),(8,412),(8,413),(8,414),(8,415),(8,416),(8,417),(8,418),(8,1813),(8,1814),(8,1815),(8,1816),(8,1817),(8,1818),(8,1819),(8,1820),(8,1821),(8,1822),(8,1823),(8,1824),(8,1825),(8,1826),(8,1827),(8,1828),(8,1829),(8,1830),(8,1831),(8,1832),(8,1833),(8,1834),(8,1835),(8,1836),(8,1837),(8,1838),(8,1839),(8,1840),(8,1841),(8,1842),(8,1843),(8,1844),(8,1845),(8,1846),(8,1847),(8,1848),(8,1849),(8,1850),(8,1851),(8,1852),(8,1853),(8,1854),(8,1855),(8,1856),(8,1857),(8,1858),(8,1859),(8,1860),(8,1861),(8,1862),(8,1863),(8,1864),(8,1865),(8,1866),(8,1867),(8,1868),(8,1869),(8,1870),(8,1871),(8,1872),(8,1873),(8,1874),(8,1875),(8,1876),(8,1877),(8,1878),(8,1879),(8,1880),(8,1881),(8,1882),(8,1883),(8,1884),(8,1885),(8,1886),(8,1887),(8,1888),(8,1889),(8,1890),(8,1891),(8,1892),(8,597),(8,598),(8,599),(8,600),(8,601),(8,602),(8,603),(8,604),(8,605),(8,606),(8,607),(8,608),(8,609),(8,610),(8,611),(8,612),(8,613),(8,614),(8,615),(8,616),(8,617),(8,618),(8,619),(8,1902),(8,1903),(8,1904),(8,1905),(8,1906),(8,1907),(8,1908),(8,1909),(8,1910),(8,1911),(8,1912),(8,1913),(8,1914),(8,1915),(8,398),(8,1916),(8,1917),(8,1918),(8,1919),(8,1920),(8,1921),(8,1922),(8,1923),(8,1924),(8,1925),(8,1926),(8,1927),(8,1928),(8,1929),(8,1930),(8,1931),(8,1932),(8,1933),(8,1934),(8,1935),(8,1936),(8,1937),(8,1938),(8,1939),(8,1940),(8,1941),(8,375),(8,1957),(8,1958),(8,1959),(8,1960),(8,1961),(8,1962),(8,1963),(8,1964),(8,1965),(8,1966),(8,1967),(8,1968),(8,1969),(8,1970),(8,1971),(8,1972),(8,1973),(8,1974),(8,1975),(8,1976),(8,1977),(8,1978),(8,1979),(8,1980),(8,1981),(8,1982),(8,1983),(8,1984),(8,1985),(8,1942),(8,1943),(8,1944),(8,1945),(8,1946),(8,1947),(8,1948),(8,1949),(8,1950),(8,1951),(8,1952),(8,1953),(8,1954),(8,1955),(8,1956),(8,3327),(8,3330),(8,385),(8,3321),(8,383),(8,3359),(8,1986),(8,1987),(8,1988),(8,1989),(8,1990),(8,1991),(8,1992),(8,1993),(8,1994),(8,1995),(8,1996),(8,1997),(8,1998),(8,1999),(8,2000),(8,2001),(8,2002),(8,2003),(8,2004),(8,2005),(8,2006),(8,2007),(8,2008),(8,2009),(8,2010),(8,2011),(8,2012),(8,2013),(8,2014),(8,387),(8,3319),(8,2015),(8,2016),(8,2017),(8,2018),(8,2019),(8,2020),(8,2021),(8,2022),(8,2023),(8,2024),(8,2025),(8,2026),(8,2027),(8,2028),(8,2029),(8,2030),(8,2031),(8,2032),(8,2033),(8,2034),(8,2035),(8,2036),(8,2037),(8,2038),(8,2039),(8,2040),(8,2041),(8,2042),(8,2043),(8,3415),(8,393),(8,529),(8,530),(8,531),(8,532),(8,533),(8,534),(8,535),(8,536),(8,537),(8,538),(8,539),(8,540),(8,541),(8,542),(8,2044),(8,2045),(8,2046),(8,2047),(8,2048),(8,2049),(8,2050),(8,2051),(8,2052),(8,2053),(8,2054),(8,2055),(8,2056),(8,2057),(8,2058),(8,2059),(8,2060),(8,2061),(8,2062),(8,2063),(8,2064),(8,2065),(8,2066),(8,2067),(8,2068),(8,2069),(8,2070),(8,2071),(8,2072),(8,2073),(8,2074),(8,2075),(8,2076),(8,2077),(8,2078),(8,2079),(8,2080),(8,2081),(8,2082),(8,2083),(8,2084),(8,2085),(8,2086),(8,2087),(8,2088),(8,2089),(8,2090),(8,2091),(8,2092),(8,3328),(8,2093),(8,2094),(8,2095),(8,2096),(8,2097),(8,2098),(8,3276),(8,3277),(8,3278),(8,3279),(8,3280),(8,3281),(8,3282),(8,3283),(8,3284),(8,3285),(8,3286),(8,3287),(8,2099),(8,2100),(8,2101),(8,2102),(8,2103),(8,2104),(8,2105),(8,2106),(8,2107),(8,2108),(8,2109),(8,2110),(8,2111),(8,2112),(8,2113),(8,2114),(8,2115),(8,2116),(8,2117),(8,2118),(8,2119),(8,2120),(8,2121),(8,2122),(8,2123),(8,2124),(8,2125),(8,2126),(8,2127),(8,2128),(8,2129),(8,2130),(8,2131),(8,2132),(8,2133),(8,2134),(8,2135),(8,2136),(8,2137),(8,2138),(8,2139),(8,2140),(8,2141),(8,2142),(8,2143),(8,2144),(8,2145),(8,2146),(8,2147),(8,2148),(8,2149),(8,2150),(8,2151),(8,2152),(8,2153),(8,2154),(8,2155),(8,2156),(8,2157),(8,2158),(8,2159),(8,2160),(8,2161),(8,2162),(8,2163),(8,2164),(8,2165),(8,2166),(8,2167),(8,2168),(8,2169),(8,2170),(8,2171),(8,2172),(8,2173),(8,2174),(8,2175),(8,2176),(8,2177),(8,2178),(8,2179),(8,2180),(8,2181),(8,2182),(8,2183),(8,2184),(8,2185),(8,2186),(8,2187),(8,2188),(8,2189),(8,2190),(8,2191),(8,2192),(8,2193),(8,2194),(8,2195),(8,2196),(8,2197),(8,2198),(8,2199),(8,2200),(8,2201),(8,2202),(8,2203),(8,2204),(8,2205),(8,2206),(8,2207),(8,2208),(8,2209),(8,2210),(8,2211),(8,2212),(8,2213),(8,2214),(8,2215),(8,386),(8,3325),(8,2216),(8,2217),(8,2218),(8,2219),(8,2220),(8,2221),(8,2222),(8,2223),(8,2224),(8,2225),(8,2226),(8,2227),(8,2228),(8,2229),(8,2230),(8,2231),(8,2232),(8,2233),(8,2234),(8,2235),(8,2236),(8,2237),(8,2238),(8,2239),(8,2240),(8,2241),(8,2242),(8,2243),(8,2244),(8,2245),(8,2246),(8,2247),(8,2248),(8,2249),(8,2250),(8,2251),(8,2252),(8,2253),(8,2650),(8,2651),(8,2652),(8,2653),(8,2654),(8,2655),(8,2656),(8,2657),(8,2658),(8,2659),(8,2660),(8,2661),(8,2662),(8,2663),(8,3353),(8,3355),(8,3271),(8,2254),(8,2255),(8,2256),(8,2257),(8,2258),(8,2259),(8,2260),(8,2261),(8,2262),(8,2263),(8,2264),(8,2265),(8,2266),(8,2267),(8,2268),(8,2269),(8,2270),(8,419),(8,420),(8,421),(8,422),(8,423),(8,424),(8,425),(8,426),(8,427),(8,428),(8,429),(8,430),(8,431),(8,432),(8,433),(8,434),(8,435),(8,2271),(8,2272),(8,2273),(8,2274),(8,2275),(8,2276),(8,2277),(8,2278),(8,2279),(8,2280),(8,2281),(8,2318),(8,2319),(8,2320),(8,2321),(8,2322),(8,2323),(8,2324),(8,2325),(8,2326),(8,2327),(8,2328),(8,2329),(8,2330),(8,2331),(8,2332),(8,2333),(8,2285),(8,2286),(8,2287),(8,2288),(8,2289),(8,2290),(8,2291),(8,2292),(8,2293),(8,2294),(8,2295),(8,3254),(8,2296),(8,2297),(8,2298),(8,2299),(8,2300),(8,2301),(8,2302),(8,2303),(8,2304),(8,2305),(8,2306),(8,2307),(8,2308),(8,2309),(8,2310),(8,2311),(8,2312),(8,2313),(8,2314),(8,2315),(8,2316),(8,2317),(8,2282),(8,2283),(8,2284),(8,2334),(8,2335),(8,2336),(8,2337),(8,2338),(8,2339),(8,2340),(8,2341),(8,2342),(8,2343),(8,2344),(8,2345),(8,2346),(8,2347),(8,2348),(8,2349),(8,2350),(8,2351),(8,2352),(8,2353),(8,2354),(8,2355),(8,2356),(8,2357),(8,2358),(8,2359),(8,2360),(8,2361),(8,2362),(8,2363),(8,2364),(8,2365),(8,2366),(8,2367),(8,2368),(8,2369),(8,2370),(8,2371),(8,2372),(8,2373),(8,2374),(8,2375),(8,2376),(8,2377),(8,2378),(8,2379),(8,2380),(8,2381),(8,2382),(8,2383),(8,2384),(8,2385),(8,2386),(8,2387),(8,2388),(8,2389),(8,2390),(8,2391),(8,2392),(8,2393),(8,2394),(8,2395),(8,2396),(8,2397),(8,2398),(8,2399),(8,2400),(8,2401),(8,2402),(8,2403),(8,2404),(8,2405),(8,3275),(8,3404),(8,3323),(8,2664),(8,2665),(8,2666),(8,2667),(8,2668),(8,2669),(8,2670),(8,2671),(8,2672),(8,2673),(8,2674),(8,2675),(8,2676),(8,2677),(8,2678),(8,2679),(8,2680),(8,2681),(8,2682),(8,2683),(8,2684),(8,2685),(8,2686),(8,2687),(8,2688),(8,2689),(8,2690),(8,2691),(8,2692),(8,2693),(8,2694),(8,2695),(8,2696),(8,2697),(8,2698),(8,2699),(8,2700),(8,2701),(8,2702),(8,2703),(8,2704),(8,3414),(8,2406),(8,2407),(8,2408),(8,2409),(8,2410),(8,2411),(8,2412),(8,2413),(8,2414),(8,2415),(8,2416),(8,2417),(8,2418),(8,2419),(8,3334),(8,401),(8,2420),(8,2421),(8,2422),(8,2423),(8,2424),(8,2425),(8,2426),(8,2427),(8,2428),(8,2429),(8,2430),(8,2431),(8,2432),(8,2433),(8,570),(8,573),(8,577),(8,580),(8,581),(8,571),(8,579),(8,582),(8,572),(8,575),(8,578),(8,574),(8,576),(8,3410),(8,3288),(8,3289),(8,3290),(8,3291),(8,3292),(8,3293),(8,3294),(8,3295),(8,3296),(8,3297),(8,3298),(8,3299),(8,3333),(8,2434),(8,2435),(8,2436),(8,2437),(8,2438),(8,2439),(8,2440),(8,2441),(8,2442),(8,2443),(8,2444),(8,2445),(8,2446),(8,2447),(8,2448),(8,3418),(8,2449),(8,2450),(8,2451),(8,2452),(8,2453),(8,2454),(8,2455),(8,2456),(8,2457),(8,2458),(8,2459),(8,2460),(8,2461),(8,2462),(8,2463),(8,2464),(8,2465),(8,2466),(8,2467),(8,2468),(8,2469),(8,2470),(8,2471),(8,2472),(8,2473),(8,2474),(8,2475),(8,2476),(8,2477),(8,2478),(8,2479),(8,2480),(8,2481),(8,2482),(8,2483),(8,2484),(8,2485),(8,2486),(8,2487),(8,2488),(8,2489),(8,2490),(8,2491),(8,2492),(8,2493),(8,2494),(8,2495),(8,2496),(8,2497),(8,2498),(8,2499),(8,2500),(8,2501),(8,2502),(8,2503),(8,2504),(8,2505),(8,3269),(8,2506),(8,2507),(8,2508),(8,2509),(8,2510),(8,2511),(8,2512),(8,2513),(8,2514),(8,2515),(8,2516),(8,2517),(8,2518),(8,2519),(8,2520),(8,2521),(8,2522),(8,456),(8,457),(8,458),(8,459),(8,460),(8,461),(8,462),(8,463),(8,464),(8,465),(8,466),(8,467),(8,2523),(8,2524),(8,2525),(8,2526),(8,2527),(8,2528),(8,2529),(8,2530),(8,2531),(8,3335),(8,2532),(8,2533),(8,2534),(8,2535),(8,2536),(8,2537),(8,2538),(8,2539),(8,2540),(8,2541),(8,2542),(8,2543),(8,2544),(8,2545),(8,2546),(8,2547),(8,2548),(8,2549),(8,2550),(8,2551),(8,2552),(8,2553),(8,2554),(8,2555),(8,2556),(8,2557),(8,2558),(8,2559),(8,2560),(8,2561),(8,2562),(8,2563),(8,2564),(8,2705),(8,2706),(8,2707),(8,2708),(8,2709),(8,2710),(8,2711),(8,2712),(8,2713),(8,2714),(8,2715),(8,2716),(8,2717),(8,2718),(8,2719),(8,2720),(8,2721),(8,2722),(8,2723),(8,2724),(8,2725),(8,2726),(8,2727),(8,2728),(8,2729),(8,2730),(8,3365),(8,3366),(8,3367),(8,3368),(8,3369),(8,3370),(8,3371),(8,3372),(8,3373),(8,3374),(8,2565),(8,2566),(8,2567),(8,2568),(8,2569),(8,2570),(8,2571),(8,2751),(8,2752),(8,2753),(8,2754),(8,2755),(8,2756),(8,2757),(8,2758),(8,2759),(8,2760),(8,2761),(8,2762),(8,2763),(8,2764),(8,2765),(8,2766),(8,2767),(8,2768),(8,2769),(8,2770),(8,2771),(8,2772),(8,2773),(8,2774),(8,2775),(8,2776),(8,2777),(8,2778),(8,2779),(8,2780),(8,2781),(8,2782),(8,2783),(8,2784),(8,2785),(8,2786),(8,2787),(8,2788),(8,2789),(8,2790),(8,2791),(8,2792),(8,2793),(8,2794),(8,2795),(8,2796),(8,2797),(8,2798),(8,2799),(8,2800),(8,2801),(8,2802),(8,2803),(8,2804),(8,2805),(8,2806),(8,2807),(8,2808),(8,2809),(8,2810),(8,2811),(8,2812),(8,2813),(8,2814),(8,2815),(8,2816),(8,2817),(8,2818),(8,646),(8,647),(8,648),(8,649),(8,651),(8,653),(8,655),(8,658),(8,2926),(8,2927),(8,2928),(8,2929),(8,2930),(8,2931),(8,2932),(8,2933),(8,2934),(8,2935),(8,2936),(8,2937),(8,2938),(8,2939),(8,2940),(8,2941),(8,2942),(8,2943),(8,2944),(8,2945),(8,2946),(8,2947),(8,2948),(8,2949),(8,2950),(8,2951),(8,2952),(8,2953),(8,2954),(8,2955),(8,2956),(8,2957),(8,2958),(8,2959),(8,2960),(8,2961),(8,2962),(8,2963),(8,3004),(8,3005),(8,3006),(8,3007),(8,3008),(8,3009),(8,3010),(8,3011),(8,3012),(8,3013),(8,3014),(8,3015),(8,3016),(8,3017),(8,2964),(8,2965),(8,2966),(8,2967),(8,2968),(8,2969),(8,2970),(8,2971),(8,2972),(8,2973),(8,2974),(8,3253),(8,2975),(8,2976),(8,2977),(8,2978),(8,2979),(8,2980),(8,2981),(8,2982),(8,2983),(8,2984),(8,2985),(8,2986),(8,2987),(8,2988),(8,2989),(8,2990),(8,2991),(8,2992),(8,2993),(8,2994),(8,2995),(8,2996),(8,2997),(8,2998),(8,2999),(8,3000),(8,3001),(8,3002),(8,3003),(8,3018),(8,3019),(8,3020),(8,3021),(8,3022),(8,3023),(8,3024),(8,3025),(8,3026),(8,3027),(8,3028),(8,3029),(8,3030),(8,3031),(8,3032),(8,3033),(8,3034),(8,3035),(8,3036),(8,3037),(8,3038),(8,3039),(8,3040),(8,3041),(8,3042),(8,3043),(8,3044),(8,3045),(8,3046),(8,3047),(8,3048),(8,3049),(8,3050),(8,3051),(8,3064),(8,3065),(8,3066),(8,3067),(8,3068),(8,3069),(8,3070),(8,3071),(8,3072),(8,3073),(8,3074),(8,3075),(8,3076),(8,3077),(8,3078),(8,3079),(8,3080),(8,3052),(8,3053),(8,3054),(8,3055),(8,3056),(8,3057),(8,3058),(8,3059),(8,3060),(8,3061),(8,3062),(8,3063),(8,3081),(8,3082),(8,3083),(8,3084),(8,3085),(8,3086),(8,3087),(8,3088),(8,3089),(8,3090),(8,3091),(8,3092),(8,3093),(8,3094),(8,3095),(8,3096),(8,3097),(8,3098),(8,3099),(8,3100),(8,3101),(8,3102),(8,3103),(8,323),(8,324),(8,325),(8,326),(8,327),(8,328),(8,329),(8,330),(8,331),(8,332),(8,333),(8,334),(8,335),(8,336),(8,360),(8,361),(8,362),(8,363),(8,364),(8,365),(8,366),(8,367),(8,368),(8,369),(8,370),(8,371),(8,372),(8,373),(8,556),(8,557),(8,558),(8,559),(8,560),(8,561),(8,562),(8,563),(8,564),(8,565),(8,566),(8,567),(8,568),(8,569),(8,661),(8,662),(8,663),(8,664),(8,665),(8,666),(8,667),(8,668),(8,669),(8,670),(8,671),(8,672),(8,673),(8,674),(8,3104),(8,3105),(8,3106),(8,3107),(8,3108),(8,3109),(8,3110),(8,3111),(8,3112),(8,3113),(8,3114),(8,3115),(8,3116),(8,3117),(8,3118),(8,3119),(8,3120),(8,3121),(8,3122),(8,3123),(8,3124),(8,3125),(8,3126),(8,3127),(8,3128),(8,3129),(8,3130),(8,3131),(8,652),(8,656),(8,657),(8,650),(8,659),(8,654),(8,660),(8,3132),(8,3133),(8,3134),(8,3135),(8,3136),(8,3137),(8,3138),(8,3139),(8,3140),(8,3141),(8,3142),(8,3143),(8,3144),(8,3145),(8,2731),(8,2732),(8,2733),(8,2734),(8,2735),(8,2736),(8,2737),(8,2738),(8,2739),(8,2740),(8,2741),(8,2742),(8,2743),(8,2744),(8,2745),(8,2746),(8,2747),(8,2748),(8,2749),(8,2750),(8,3408),(8,3320),(8,3409),(8,3264),(8,3146),(8,3147),(8,3148),(8,3149),(8,3150),(8,3151),(8,3152),(8,3153),(8,3154),(8,3155),(8,3156),(8,3157),(8,3158),(8,3159),(8,3160),(8,3161),(8,3162),(8,3163),(8,3164),(8,3438),(8,3442),(8,3436),(8,3450),(8,3454),(8,3432),(8,3443),(8,3447),(8,3452),(8,3441),(8,3434),(8,3449),(8,3445),(8,3440),(8,3453),(8,3439),(8,3435),(8,3448),(8,3437),(8,3446),(8,3444),(8,3433),(8,3431),(8,3451),(8,3430),(8,3455),(8,3456),(8,3457),(8,3458),(8,3459),(8,3460),(8,3461),(8,3462),(8,3463),(8,3464),(8,3465),(8,3466),(8,3467),(8,3468),(8,3469),(8,3470),(8,3471),(8,3472),(8,3473),(8,3474),(8,3475),(8,3476),(8,3477),(8,3478),(8,3482),(8,3485),(8,3491),(8,3501),(8,3487),(8,3500),(8,3488),(8,3499),(8,3497),(8,3494),(8,3495),(8,3490),(8,3489),(8,3492),(8,3483),(8,3493),(8,3498),(8,3496),(8,3502),(8,3479),(8,3481),(8,3503),(8,3486),(8,3480),(8,3484),(9,3402),(10,3250),(10,2819),(10,2820),(10,2821),(10,2822),(10,2823),(10,2824),(10,2825),(10,2826),(10,2827),(10,2828),(10,2829),(10,2830),(10,2831),(10,2832),(10,2833),(10,2834),(10,2835),(10,2836),(10,2837),(10,2838),(10,3226),(10,3227),(10,3228),(10,3229),(10,3230),(10,3231),(10,3232),(10,3233),(10,3234),(10,3235),(10,3236),(10,3237),(10,3238),(10,3239),(10,3240),(10,3241),(10,3242),(10,3243),(10,3244),(10,3245),(10,3246),(10,3247),(10,3248),(10,3249),(10,2839),(10,2840),(10,2841),(10,2842),(10,2843),(10,2844),(10,2845),(10,2846),(10,2847),(10,2848),(10,2849),(10,2850),(10,2851),(10,2852),(10,2853),(10,2854),(10,2855),(10,2856),(10,3166),(10,3167),(10,3168),(10,3171),(10,3223),(10,2858),(10,2861),(10,2865),(10,2868),(10,2871),(10,2873),(10,2877),(10,2880),(10,2883),(10,2885),(10,2888),(10,2893),(10,2894),(10,2898),(10,2901),(10,2904),(10,2906),(10,2911),(10,2913),(10,2915),(10,2917),(10,2919),(10,2921),(10,2923),(10,2925),(10,2859),(10,2860),(10,2864),(10,2867),(10,2869),(10,2872),(10,2878),(10,2879),(10,2884),(10,2887),(10,2889),(10,2892),(10,2896),(10,2897),(10,2902),(10,2905),(10,2907),(10,2910),(10,2914),(10,2916),(10,2918),(10,2920),(10,2922),(10,2924),(10,2857),(10,2862),(10,2863),(10,2866),(10,2870),(10,2874),(10,2875),(10,2876),(10,2881),(10,2882),(10,2886),(10,2890),(10,2891),(10,2895),(10,2899),(10,2900),(10,2903),(10,2908),(10,2909),(10,2912),(10,3165),(10,3169),(10,3170),(10,3252),(10,3224),(10,3251),(10,3340),(10,3339),(10,3338),(10,3337),(10,3341),(10,3345),(10,3342),(10,3346),(10,3343),(10,3347),(10,3344),(10,3348),(10,3360),(10,3361),(10,3362),(10,3363),(10,3364),(10,3172),(10,3173),(10,3174),(10,3175),(10,3176),(10,3177),(10,3178),(10,3179),(10,3180),(10,3181),(10,3182),(10,3183),(10,3184),(10,3185),(10,3186),(10,3187),(10,3188),(10,3189),(10,3190),(10,3191),(10,3192),(10,3193),(10,3194),(10,3195),(10,3196),(10,3197),(10,3198),(10,3199),(10,3200),(10,3201),(10,3202),(10,3203),(10,3204),(10,3205),(10,3206),(10,3207),(10,3208),(10,3209),(10,3210),(10,3211),(10,3212),(10,3213),(10,3214),(10,3215),(10,3216),(10,3217),(10,3218),(10,3219),(10,3220),(10,3221),(10,3222),(10,3428),(10,3429),(11,391),(11,516),(11,523),(11,219),(11,220),(11,215),(11,730),(11,738),(11,228),(11,230),(11,236),(11,852),(11,858),(11,864),(11,867),(11,874),(11,877),(11,885),(11,888),(11,1088),(11,1093),(11,1099),(11,1105),(11,501),(11,504),(11,1518),(11,1519),(11,1514),(11,1916),(11,1928),(11,1921),(11,2752),(11,2753),(11,2754),(11,2758),(11,2767),(11,2768),(11,2769),(11,393),(12,3479),(12,3480),(12,3481),(12,3482),(12,3483),(12,3484),(12,3485),(12,3486),(12,3487),(12,3488),(12,3489),(12,3490),(12,3491),(12,3492),(12,3493),(12,3494),(12,3495),(12,3496),(12,3497),(12,3498),(12,3499),(12,3500),(12,3501),(12,3502),(12,3503),(12,3430),(12,3431),(12,3432),(12,3433),(12,3434),(12,3435),(12,3436),(12,3437),(12,3438),(12,3439),(12,3440),(12,3441),(12,3442),(12,3443),(12,3444),(12,3445),(12,3446),(12,3447),(12,3448),(12,3449),(12,3450),(12,3451),(12,3452),(12,3453),(12,3454),(12,3403),(12,3404),(12,3405),(12,3406),(12,3407),(12,3408),(12,3409),(12,3410),(12,3411),(12,3412),(12,3413),(12,3414),(12,3415),(12,3416),(12,3417),(12,3418),(12,3419),(12,3420),(12,3421),(12,3422),(12,3423),(12,3424),(12,3425),(12,3426),(12,3427),(13,3479),(13,3480),(13,3481),(13,3482),(13,3483),(13,3484),(13,3485),(13,3486),(13,3487),(13,3488),(13,3489),(13,3490),(13,3491),(13,3492),(13,3493),(13,3494),(13,3495),(13,3496),(13,3497),(13,3498),(13,3499),(13,3500),(13,3501),(13,3502),(13,3503),(14,3430),(14,3431),(14,3432),(14,3433),(14,3434),(14,3435),(14,3436),(14,3437),(14,3438),(14,3439),(14,3440),(14,3441),(14,3442),(14,3443),(14,3444),(14,3445),(14,3446),(14,3447),(14,3448),(14,3449),(14,3450),(14,3451),(14,3452),(14,3453),(14,3454),(15,3403),(15,3404),(15,3405),(15,3406),(15,3407),(15,3408),(15,3409),(15,3410),(15,3411),(15,3412),(15,3413),(15,3414),(15,3415),(15,3416),(15,3417),(15,3418),(15,3419),(15,3420),(15,3421),(15,3422),(15,3423),(15,3424),(15,3425),(15,3426),(15,3427),(16,3367),(16,52),(16,2194),(16,2195),(16,2198),(16,2206),(16,2512),(16,2516),(16,2550),(16,2003),(16,2004),(16,2005),(16,2007),(16,2010),(16,2013),(17,1),(17,2),(17,3),(17,4),(17,5),(17,152),(17,160),(17,1278),(17,1283),(17,1392),(17,1335),(17,1345),(17,1380),(17,1801),(17,1830),(17,1837),(17,1854),(17,1876),(17,1880),(17,1984),(17,1942),(17,1945),(17,2094),(17,2095),(17,2096),(17,3290),(18,597);
/*!40000 ALTER TABLE `playlist_track` ENABLE KEYS */;
UNLOCK TABLES;

--
-- Table structure for table `track`
--

DROP TABLE IF EXISTS `track`;
/*!40101 SET @saved_cs_client     = @@character_set_client */;
/*!50503 SET character_set_client = utf8mb4 */;
CREATE TABLE `track` (
  `track_id` int DEFAULT NULL,
  `name` text,
  `album_id` text,
  `media_type_id` int DEFAULT NULL,
  `genre_id` int DEFAULT NULL,
  `composer` text,
  `milliseconds` int DEFAULT NULL,
  `bytes` int DEFAULT NULL,
  `unit_price` double DEFAULT NULL
) ENGINE=InnoDB DEFAULT CHARSET=utf8mb4 COLLATE=utf8mb4_0900_ai_ci;
/*!40101 SET character_set_client = @saved_cs_client */;

--
-- Dumping data for table `track`
--

LOCK TABLES `track` WRITE;
/*!40000 ALTER TABLE `track` DISABLE KEYS */;
INSERT INTO `track` VALUES (1,'For Those About To Rock (We Salute You)','1',1,1,'Angus Young, Malcolm Young, Brian Johnson',343719,11170334,0.99),(2,'Balls to the Wall','2',2,1,'',342562,5510424,0.99),(3,'Fast As a Shark','3',2,1,'F. Baltes, S. Kaufman, U. Dirkscneider & W. Hoffman',230619,3990994,0.99),(4,'Restless and Wild','3',2,1,'F. Baltes, R.A. Smith-Diesel, S. Kaufman, U. Dirkscneider & W. Hoffman',252051,4331779,0.99),(5,'Princess of the Dawn','3',2,1,'Deaffy & R.A. Smith-Diesel',375418,6290521,0.99),(6,'Put The Finger On You','1',1,1,'Angus Young, Malcolm Young, Brian Johnson',205662,6713451,0.99),(7,'Let\'s Get It Up','1',1,1,'Angus Young, Malcolm Young, Brian Johnson',233926,7636561,0.99),(8,'Inject The Venom','1',1,1,'Angus Young, Malcolm Young, Brian Johnson',210834,6852860,0.99),(9,'Snowballed','1',1,1,'Angus Young, Malcolm Young, Brian Johnson',203102,6599424,0.99),(10,'Evil Walks','1',1,1,'Angus Young, Malcolm Young, Brian Johnson',263497,8611245,0.99),(11,'C.O.D.','1',1,1,'Angus Young, Malcolm Young, Brian Johnson',199836,6566314,0.99),(12,'Breaking The Rules','1',1,1,'Angus Young, Malcolm Young, Brian Johnson',263288,8596840,0.99),(13,'Night Of The Long Knives','1',1,1,'Angus Young, Malcolm Young, Brian Johnson',205688,6706347,0.99),(14,'Spellbound','1',1,1,'Angus Young, Malcolm Young, Brian Johnson',270863,8817038,0.99),(15,'Go Down','4',1,1,'AC/DC',331180,10847611,0.99),(16,'Dog Eat Dog','4',1,1,'AC/DC',215196,7032162,0.99),(17,'Let There Be Rock','4',1,1,'AC/DC',366654,12021261,0.99),(18,'Bad Boy Boogie','4',1,1,'AC/DC',267728,8776140,0.99),(19,'Problem Child','4',1,1,'AC/DC',325041,10617116,0.99),(20,'Overdose','4',1,1,'AC/DC',369319,12066294,0.99),(21,'Hell Ain\'t A Bad Place To Be','4',1,1,'AC/DC',254380,8331286,0.99),(5,'1180','4',1,1,'AC/DC',323761,10547154,0.99),(5,'1183','5',1,1,'Steven Tyler, Joe Perry, Jack Blades, Tommy Shaw',295680,9719579,0.99),(5,'1185','5',1,1,'Steven Tyler, Joe Perry',321828,10552051,0.99),(5,'1414','5',1,1,'Steven Tyler, Joe Perry, Jim Vallance, Holly Knight',264698,8675345,0.99),(5,'1417','5',1,1,'Steven Tyler, Joe Perry, Desmond Child',310622,10144730,0.99),(5,'1420','5',1,1,'Steven Tyler, Joe Perry, Desmond Child',264855,8679940,0.99),(5,'1422','5',1,1,'Steven Tyler, Tom Hamilton',330736,10869391,0.99),(5,'1425','5',1,1,'Steven Tyler, Joe Perry, Taylor Rhodes',309263,10056995,0.99),(5,'1428','5',1,1,'Steven Tyler, Richie Supa',356519,11616195,0.99),(5,'1431','5',1,1,'Steven Tyler, Joe Perry, Taylor Rhodes',240718,7877453,0.99),(5,'1433','5',1,1,'Steven Tyler, Jim Vallance',215875,7074167,0.99),(5,'1803','5',1,1,'Steven Tyler, Jim Vallance',244375,7983270,0.99),(5,'1806','5',1,1,'Steven Tyler, Joe Perry, Desmond Child',316656,10402398,0.99),(5,'1809','5',1,1,'Steven Tyler, Joe Perry, Jim Vallance',251036,8262039,0.99),(5,'1811','5',1,1,'Steven Tyler, Desmond Child',307617,9989331,0.99),(5,'2004','5',1,1,'Steven Tyler, Joe Perry, Mark Hudson',381231,12374569,0.99),(5,'2007','6',1,1,'Alanis Morissette & Glenn Ballard',284891,9375567,0.99),(5,'2010','6',1,1,'Alanis Morissette & Glenn Ballard',249234,8196916,0.99),(5,'2014','6',1,1,'Alanis Morissette & Glenn Ballard',188133,6145404,0.99),(5,'2195','6',1,1,'Alanis Morissette & Glenn Ballard',221570,7224246,0.99),(5,'2198','6',1,1,'Alanis Morissette & Glenn Ballard',176117,5793082,0.99),(5,'2202','6',1,1,'Alanis Morissette & Glenn Ballard',300355,9753256,0.99),(5,'428','6',1,1,'Alanis Morissette & Glenn Ballard',239699,7824837,0.99),(5,'2310','6',1,1,'Alanis Morissette & Glenn Ballard',267493,8758008,0.99),(5,'2313','6',1,1,'Alanis Morissette & Glenn Ballard',280607,9163588,0.99),(5,'2315','6',1,1,'Alanis Morissette & Glenn Ballard',229825,7598866,0.99),(5,'2282','6',1,1,'Alanis Morissette & Glenn Ballard',227631,7604601,0.99),(5,'2284','6',1,1,'Alanis Morissette & Glenn Ballard',293485,9703359,0.99),(5,'2360','6',1,1,'Alanis Morissette & Glenn Ballard',491885,16008629,0.99),(5,'2363','7',1,1,'Jerry Cantrell',152084,4925362,0.99),(5,'2365','7',1,1,'Jerry Cantrell, Layne Staley',286641,9310272,0.99),(5,'2368','7',1,1,'Jerry Cantrell',349831,11316328,0.99),(5,'2371','7',1,1,'Jerry Cantrell',241946,7847716,0.99),(5,'2373','7',1,1,'Jerry Cantrell, Layne Staley',222955,7302550,0.99),(5,'2421','7',1,1,'Jerry Cantrell, Layne Staley',387134,12575396,0.99),(5,'2424','7',1,1,'Jerry Cantrell, Michael Starr, Sean Kinney',277577,8993793,0.99),(5,'2488','7',1,1,'Jerry Cantrell',284969,9216057,0.99),(5,'2512','7',1,1,'Jerry Cantrell',196231,6420530,0.99),(5,'2715','7',1,1,'Jerry Cantrell, Michael Starr, Layne Staley',344163,11183647,0.99),(5,'3367','7',1,1,'Jerry Cantrell',261955,8497788,0.99),(5,'3370','7',1,1,'Jerry Cantrell, Layne Staley',243879,7937731,0.99),(5,'3373','8',1,2,'',185338,5990473,0.99),(5,'2927','8',1,2,'',285048,9348428,0.99),(5,'2930','8',1,2,'',137273,4535401,0.99),(5,'2933','8',1,2,'',169900,5536496,0.99),(5,'2936','8',1,2,'',251977,8226934,0.99),(5,'3076','8',1,2,'',129227,4198774,0.99),(5,'167','8',1,2,'',253178,8149148,0.99),(5,'170','8',1,2,'',134948,4393377,0.99),(5,'173','8',1,2,'',219663,7121735,0.99),(5,'175','8',1,2,'',169508,5574957,0.99),(5,'178','8',1,2,'',205662,6687994,0.99),(5,'181','8',1,2,'',126511,4110053,0.99),(5,'2625','8',1,2,'',366837,12089673,0.99),(5,'817','8',1,2,'',271856,8719426,0.99),(5,'820','9',1,3,'Apocalyptica',221701,7286305,0.99),(5,'823','9',1,3,'Apocalyptica',436453,14375310,0.99),(5,'825','9',1,3,'Apocalyptica',374543,12372536,0.99),(5,'770','9',1,3,'Apocalyptica',322925,10422447,0.99),(5,'772','9',1,3,'Apocalyptica',288208,9405526,0.99),(5,'775','9',1,3,'Apocalyptica',308035,10110980,0.99),(5,'778','9',1,3,'Apocalyptica',369345,12033110,0.99),(5,'911','9',1,3,'Apocalyptica',350197,11406431,0.99),(5,'913','10',1,1,'Audioslave/Chris Cornell',222380,5339931,0.99),(5,'916','10',1,1,'Audioslave/Chris Cornell',277890,6672176,0.99),(5,'919','10',1,1,'Audioslave/Chris Cornell',279457,6709793,0.99),(5,'922','10',1,1,'Audioslave/Chris Cornell',249391,5988186,0.99),(89,'Like a Stone','10',1,1,'Audioslave/Chris Cornell',294034,7059624,0.99),(5,'938','10',1,1,'Audioslave/Chris Cornell',263262,6321091,0.99),(5,'940','10',1,1,'Audioslave/Chris Cornell',343457,8245793,0.99),(5,'943','10',1,1,'Audioslave/Chris Cornell',334942,8041411,0.99),(5,'946','10',1,1,'Audioslave/Chris Cornell',206053,4948095,0.99),(5,'3301','10',1,1,'Audioslave/Chris Cornell',206628,4961887,0.99),(5,'3303','10',1,1,'Audioslave/Chris Cornell',329534,7911634,0.99),(5,'3306','10',1,1,'Audioslave/Chris Cornell',303595,7289084,0.99),(5,'3309','10',1,1,'Audioslave/Chris Cornell',299598,7193162,0.99),(5,'3312','10',1,1,'Audioslave/Chris Cornell',317492,7622615,0.99),(99,'Your Time Has Come','11',1,4,'Cornell, Commerford, Morello, Wilk',255529,8273592,0.99),(5,'3315','11',1,4,'Cornell, Commerford, Morello, Wilk',291291,9506571,0.99),(5,'3318','11',1,4,'Cornell, Commerford, Morello, Wilk',279484,9106160,0.99),(5,'1257','11',1,4,'Cornell, Commerford, Morello, Wilk',255869,8357387,0.99),(5,'1260','11',1,4,'Cornell, Commerford, Morello, Wilk',233691,7609178,0.99),(5,'1263','11',1,4,'Cornell, Commerford, Morello, Wilk',276688,9006158,0.99),(5,'1265','11',1,4,'Cornell, Commerford, Morello, Wilk',237714,7710800,0.99),(5,'2490','11',1,4,'Cornell, Commerford, Morello, Wilk',233195,7542942,0.99),(5,'2544','11',1,4,'Cornell, Commerford, Morello, Wilk',273763,8944205,0.99),(5,'2547','11',1,4,'Cornell, Commerford, Morello, Wilk',278125,9003592,0.99),(5,'2550','11',1,4,'Cornell, Commerford, Morello, Wilk',299102,9731988,0.99),(5,'2552','11',1,4,'Cornell, Commerford, Morello, Wilk',309786,10029406,0.99),(5,'3403','12',1,5,'Berry Gordy, Jr./Janie Bradford',147591,2365897,0.99),(5,'1213','12',1,5,'Enotris Johnson/Little Richard/Robert \"Bumps\"\" Blackwell\"',106396,1707084,0.99),(5,'1217','12',1,5,'Larry Williams',116088,1862126,0.99),(5,'1220','12',1,5,'Bert Russell/Phil Medley',161123,2582553,0.99),(5,'1223','12',1,5,'Brian Holland/Freddie Gorman/Georgia Dobbins/Robert Bateman/William Garrett',137639,2206986,0.99),(5,'1225','12',1,5,'Eddie Cochran/Jerry Capehart',140199,2247846,0.99),(5,'1228','12',1,5,'Chuck Berry',141923,2276788,0.99),(5,'1230','12',1,5,'Larry Williams',163265,2616981,0.99),(5,'1233','12',1,5,'Bo Diddley',143595,2301989,0.99),(5,'1435','12',1,5,'Chuck Berry',143830,2306019,0.99),(5,'1438','12',1,5,'Little Richard',106266,1704918,0.99),(5,'1441','12',1,5,'Ned Fairchild',107807,1299960,0.99),(5,'1443','13',1,2,'Billy Cobham',261851,8538199,0.99),(5,'Snoopy\'s search-Red baron','13',1,2,'Billy Cobham',456071,15075616,0.99),(5,'2206','13',1,2,'Billy Cobham',248084,8217867,0.99),(5,'2209','13',1,2,'Billy Cobham',294060,9714812,0.99),(5,'2212','13',1,2,'Billy Cobham',582086,19115680,0.99),(5,'2215','13',1,2,'Billy Cobham',318066,10630578,0.99),(5,'2492','13',1,2,'Billy Cobham',246151,8230661,0.99),(5,'3029','13',1,2,'George Duke',274155,9018565,0.99),(5,'3032','14',1,3,'',323683,10642901,0.99),(5,'3035','14',1,3,'',246987,8137421,0.99),(5,'3037','14',1,3,'',300747,9869647,0.99),(5,'24','14',1,3,'',235833,7726948,0.99),(5,'27','14',1,3,'',319373,10513905,0.99),(5,'30','14',1,3,'',273606,9011701,0.99),(5,'33','14',1,3,'',284081,9355309,0.99),(5,'36','14',1,3,'',247327,8130090,0.99),(5,'112','14',1,3,'',266266,8574746,0.99),(5,'115','14',1,3,'',282122,9257358,0.99),(5,'118','14',1,3,'',359157,11820932,0.99),(5,'120','14',1,3,'',555075,18041629,0.99),(5,'515','14',1,3,'',365662,11965109,0.99),(5,'518','15',1,3,'',194873,6417460,0.99),(5,'520','15',1,3,'',420022,13842549,0.99),(5,'522','15',1,3,'',276532,9115657,0.99),(5,'525','15',1,3,'',284368,9359475,0.99),(5,'528','15',1,3,'',271960,8975814,0.99),(5,'271','16',1,3,'',382066,12440200,0.99),(5,'274','16',1,3,'',264829,8646737,0.99),(5,'277','16',1,3,'',217573,7169049,0.99),(5,'279','16',1,3,'',368770,12029390,0.99),(5,'891','16',1,3,'',204930,6655170,0.99),(5,'893','16',1,3,'',644571,21128525,0.99),(5,'896','16',1,3,'',212062,6893363,0.99),(5,'899','17',1,3,'Tony Iommi, Bill Ward, Geezer Butler, Ozzy Osbourne',494524,16065830,0.99),(5,'902','17',1,3,'Tony Iommi, Bill Ward, Geezer Butler, Ozzy Osbourne',192496,6252071,0.99),(5,'905','17',1,3,'Tony Iommi, Bill Ward, Geezer Butler, Ozzy Osbourne',286275,9175517,0.99),(5,'908','17',1,3,'Tony Iommi, Bill Ward, Geezer Butler, Ozzy Osbourne',103157,3331776,0.99),(5,'1107','17',1,3,'Tony Iommi, Bill Ward, Geezer Butler, Ozzy Osbourne',285779,9245971,0.99),(5,'1110','17',1,3,'Tony Iommi, Bill Ward, Geezer Butler, Ozzy Osbourne',331676,10813386,0.99),(5,'1113','17',1,3,'Tony Iommi, Bill Ward, Geezer Butler, Ozzy Osbourne',234814,7653880,0.99),(5,'1115','17',1,3,'Tony Iommi, Bill Ward, Geezer Butler, Ozzy Osbourne',173087,5671374,0.99),(5,'1118','17',1,3,'Tony Iommi, Bill Ward, Geezer Butler, Ozzy Osbourne',149655,4884969,0.99),(5,'470','17',1,3,'Tony Iommi, Bill Ward, Geezer Butler, Ozzy Osbourne',350458,11360486,0.99),(5,'472','18',1,4,'',47333,1549074,0.99),(5,'3424','18',1,4,'',204251,6715413,0.99),(5,'2692','18',1,4,'',4884,161266,0.99),(5,'2694','18',1,4,'',317936,10489139,0.99),(5,'2697','18',1,4,'',6373,211997,0.99),(5,'2700','18',1,4,'',223216,7324125,0.99),(5,'2704','18',1,4,'',11650,387360,0.99),(5,'2515','18',1,4,'',173008,5709631,0.99),(5,'3132','18',1,4,'',95738,3067064,0.99),(5,'3134','18',1,4,'',300721,9875962,0.99),(5,'3137','18',1,4,'',392254,12843821,0.99),(5,'3140','18',1,4,'',350171,11443471,0.99),(5,'3143','18',1,4,'',6635,224313,0.99),(5,'3408','18',1,4,'',239020,7828873,0.99),(5,'4','18',1,4,'',166426,5463690,0.99),(5,'39','18',1,4,'',371539,12122946,0.99),(5,'42','18',1,4,'',281234,9337917,0.99),(5,'44','19',1,3,'Roy Z',283167,9218499,0.99),(5,'46','19',1,3,'Roy Z',246177,8022764,0.99),(185,'The Tower','19',1,3,'Roy Z',285257,9435693,0.99),(5,'50','19',1,3,'Adrian Smith',269557,8854240,0.99),(5,'828','19',1,3,'Eddie Casillas/Roy Z',494393,16034404,0.99),(188,'829','19',1,3,'Roy Z',265351,8627004,0.99),(5,'832','19',1,3,'Roy Z',402390,13194463,0.99),(5,'835','19',1,3,'Roy Z',359131,11820908,0.99),(5,'837','19',1,3,'Adrian Smith',341655,11138147,0.99),(5,'839','19',1,3,'Roy Z',509413,16545657,0.99),(5,'949','19',1,3,'Roy Z',237531,7802095,0.99),(5,'952','20',1,6,'Eurreal Montgomery',140434,4604995,0.99),(5,'955','20',1,6,'Willie Dixon',175386,5716994,0.99),(5,'957','20',1,6,'Buddy Guy',433397,14184984,0.99),(5,'960','20',1,6,'Willie Dixon',237662,7848282,0.99),(5,'475','20',1,6,'Al Perkins/Willie Dixon',235311,7685363,0.99),(5,'478','20',1,6,'Buddy Guy',204721,6859518,0.99),(5,'3354','20',1,6,'Buddy Guy',136803,4456321,0.99),(5,'1396','20',1,6,'Sonny Boy Williamson [i]',166060,5487056,0.99),(5,'1399','20',1,6,'Robert Geddins/Ron Badger/Sheldon Feinberg',182491,6022698,0.99),(5,'1402','20',1,6,'Willie Dixon',135053,4459946,0.99),(5,'1405','20',1,6,'Amos Blakemore/Buddy Guy',589531,19161377,0.99),(5,'1457','21',1,7,'Jorge Ben',177397,5842196,0.99),(5,'1460','21',1,7,'Tradicional',99369,3225364,0.99),(5,'1463','21',1,7,'Tom Jobim - Newton Mendoça',148793,4865597,0.99),(5,'1465','21',1,7,'Caetano Veloso',482429,15889054,0.99),(5,'1522','21',1,7,'Caetano Veloso',221936,7382703,0.99),(5,'1525','21',1,7,'Caetano Veloso',84088,2752161,0.99),(5,'1528','21',1,7,'Gilberto Gil',133172,4333651,0.99),(5,'1531','21',1,7,'Gilberto Gil',156264,5065932,0.99),(5,'3278','21',1,7,'Caetano Veloso',144326,4726981,0.99),(5,'3280','21',1,7,'Chico Buarque',181812,5924159,0.99),(5,'3283','21',1,7,'Peninha',190589,6253200,0.99),(5,'3286','21',1,7,'Caetano Veloso',223111,7217126,0.99),(5,'2125','21',1,7,'Caetano Veloso - Waly Salomão',294765,9854062,0.99),(5,'2128','21',1,7,'Caetano Veloso - Djavan',299337,10003747,0.99),(5,'2131','21',1,7,'Caetano Veloso',141270,4704104,0.99),(5,'2134','21',1,7,'Caetano Veloso',251742,8507446,0.99),(5,'2136','21',1,7,'David Corrêa - Paulinho Carvalho - Carlos Sena - Bira do Ponto',307252,10364247,0.99),(5,'2476','21',1,7,'Fausto Nilo - Armandinho',281730,9411272,0.99),(5,'2495','22',1,7,'',436636,14462072,0.99),(5,'2498','22',1,7,'',195004,6455134,0.99),(5,'2712','22',1,7,'',328071,10975007,0.99),(5,'3040','23',1,7,'',163056,5375395,0.99),(5,'3043','23',1,7,'',167235,5568574,0.99),(5,'3046','23',1,7,'',369763,12359161,0.99),(5,'3048','23',1,7,'',162429,5431854,0.99),(5,'3051','23',1,7,'',283402,9499590,0.99),(5,'78','23',1,7,'',189675,6132843,0.99),(5,'80','23',1,7,'',172120,5645703,0.99),(5,'83','23',1,7,'',167288,5574848,0.99),(5,'246','23',1,7,'',186801,6373932,0.99),(5,'249','23',1,7,'',234501,7886937,0.99),(5,'252','23',1,7,'',132493,4349539,0.99),(5,'254','23',1,7,'',182256,6029673,0.99),(5,'257','23',1,7,'',175386,5846442,0.99),(5,'260','23',1,7,'',214099,7270749,0.99),(5,'263','23',1,7,'',260257,8778172,0.99),(5,'265','23',1,7,'',317570,10342226,0.99),(5,'268','23',1,7,'',169717,5461468,0.99),(5,'788','23',1,7,'',139154,4693941,0.99),(5,'790','23',1,7,'',153208,5074189,0.99),(5,'793','23',1,7,'',383059,12675305,0.99),(5,'795','24',1,7,'Chico Science',33149,1103013,0.99),(5,'1562','24',1,7,'Chico Science',200933,6724966,0.99),(5,'1565','24',1,7,'Chico Science',152555,5061413,0.99),(5,'1568','24',1,7,'Chico Science',151823,5042447,0.99),(5,'1571','24',1,7,'Chico Science',249600,8253934,0.99),(5,'1574','24',1,7,'Chico Science',240091,7984291,0.99),(252,'Samba Do Lado','24',1,7,'Chico Science',227317,7541688,0.99),(5,'1840','24',1,7,'Chico Science',284264,9670057,0.99),(5,'1843','24',1,7,'Chico Science',99108,3240816,0.99),(5,'1846','24',1,7,'Chico Science',232672,7714954,0.99),(5,'1849','24',1,7,'Chico Science',240091,7960868,0.99),(5,'1852','24',1,7,'Chico Science',194560,6475159,0.99),(5,'1988','24',1,7,'Chico Science',126615,4272821,0.99),(5,'1991','24',1,7,'Chico Science',152659,5198539,0.99),(5,'1994','24',1,7,'Chico Science',132231,4415557,0.99),(5,'1997','24',1,7,'Chico Science',88764,2968650,0.99),(5,'1999','24',1,7,'Chico Science',71627,2408550,0.99),(263,'Criança De Domingo','24',1,7,'Chico Science',208222,6984813,0.99),(5,'3415','24',1,7,'Chico Science',175333,5881293,0.99),(5,'2652','24',1,7,'Chico Science',272431,8911641,0.99),(5,'2655','24',1,7,'Chico Science',273084,9019677,0.99),(5,'2658','24',1,7,'Chico Science',210155,6986421,0.99),(5,'2661','24',1,7,'Chico Science',221492,7380787,0.99),(5,'2663','25',1,7,'',307095,10251097,0.99),(5,'2298','25',1,7,'',243644,8147224,0.99),(5,'2301','25',1,7,'',286720,9659152,0.99),(5,'2303','25',1,7,'',216346,7241817,0.99),(5,'2305','25',1,7,'',183640,6172781,0.99),(5,'2309','25',1,7,'',271856,9095410,0.99),(275,'Da Lama Ao Caos','25',1,7,'',251559,8378065,0.99),(5,'2335','25',1,7,'',88868,2901397,0.99),(5,'2338','25',1,7,'',215405,7183969,0.99),(278,'Antene Se','25',1,7,'',248372,8253618,0.99),(5,'2342','25',1,7,'',105586,3536938,0.99),(5,'2434','25',1,7,'',193253,6534200,0.99),(5,'2437','25',1,7,'',404323,13702771,0.99),(5,'2439','26',1,8,'Bino Farias/Da Gama/Lazão/Pedro Luis/Toni Garrido',249808,8327676,0.99),(5,'2442','26',1,8,'Da Gama/Toni Garrido',230922,7697230,0.99),(5,'2445','26',1,8,'Chuck Berry',254615,8505985,0.99),(5,'2447','26',1,8,'Herbert Vianna',194220,6455080,0.99),(5,'2463','26',1,8,'Bino Farias/Da Gama/Henry Lawes/Lazão/Toni Garrido/Winston Foser-Vers',222145,7402658,0.99),(5,'2466','26',1,8,'Gilberto Gil',304352,10078050,0.99),(5,'2469','26',1,8,'Bernardo Vilhena/Bino Farias/Da Gama/Lazão/Toni Garrido',236382,7866924,0.99),(5,'2478','26',1,8,'Bino Farias/Da Gama/Lazão/Toni Garrido',232280,7747747,0.99),(5,'2520','26',1,8,'Bino Farias/Da Gama/Lazão/Toni Garrido',248842,8275673,0.99),(5,'456','26',1,8,'Da Gama/Toni Garrido',207542,6920424,0.99),(5,'458','26',1,8,'Bino Farias/Da Gama/Lazão/Toni Garrido',221544,7388466,0.99),(5,'461','26',1,8,'Marisa Monte/Nando Reis',256026,8502588,0.99),(5,'464','26',1,8,'Bino Farias/Da Gamma/Lazão/Rás Bernard',173008,5748424,0.99),(5,'466','26',1,8,'Da Gama/Lazão/Rás Bernardo',257619,8552474,0.99),(5,'3079','26',1,8,'Bino Farias/Da Gama/Lazão/Toni Garrido',195239,6503533,0.99),(5,'924','26',1,8,'Bino Farias/Da Gama/Lazão/Rás Bernardo',225332,7488852,0.99),(5,'926','26',1,8,'Bernardo Vilhena/Da Gama/Lazão',231392,7663348,0.99),(5,'928','27',1,8,'Marisa Monte/Nando Reis',298396,10056970,0.99),(5,'931','27',1,8,'Bernardo Vilhena/Bino/Da Gama/Lazao/Toni Garrido',206942,6950332,0.99),(5,'934','27',1,8,'Da Gama/Toni Garrido',285231,9544383,0.99),(5,'1022','27',1,8,'Da Gama/Lazao/Toni Garrido',282174,9344477,0.99),(5,'1025','27',1,8,'Bino/Da Gama/Ras Bernardo',244950,8189093,0.99),(5,'1028','27',1,8,'Harry Lawes/Winston Foster-Vers',225488,7507866,0.99),(5,'1031','27',1,8,'Bino/Da Gama/Ras Bernardo',192391,6399761,0.99),(5,'481','27',1,8,'Bino/Da Gamma/Lazao/Toni Garrido',240300,8069934,0.99),(5,'484','27',1,8,'Bino/Da Gama/Toni Garrido',178155,5950952,0.99),(308,'1188','27',1,8,'Bino/Da Gama/Lazao/Ras Bernardo',289750,9633659,0.99),(5,'1192','27',1,8,'Cidade Negra',239725,8024386,0.99),(5,'1195','27',1,8,'Lulu Santos',267363,8895073,0.99),(5,'1199','27',1,8,'Bernardo Vilhena/Da Gama/Lazao',273031,9142937,0.99),(5,'437','27',1,8,'Fausto Nilo/Moraes Moreira/Pepeu Gomes',211147,7029400,0.99),(5,'440','28',1,7,'',311353,10309980,0.99),(5,'443','28',1,7,'',244532,8150846,0.99),(5,'446','28',1,7,'',253492,8441034,0.99),(5,'449','28',1,7,'',244715,8123466,0.99),(5,'453','28',1,7,'',254040,8420093,0.99),(5,'455','28',1,7,'',264202,8731945,0.99),(5,'339','28',1,7,'',230452,7685326,0.99),(5,'341','28',1,7,'',275748,9205941,0.99),(5,'344','28',1,7,'',266605,8873358,0.99),(5,'347','28',1,7,'',214595,7111596,0.99),(5,'350','29',1,9,'Cassiano Costa/Cintia Maviane/J.F./Lucas Costa',205479,6892516,0.99),(5,'1579','29',1,9,'Augusto Conceição/Chiclete Com Banana',198661,6643207,0.99),(325,'TriboTchan','29',1,9,'Cal Adan/Paulo Levi',194194,6507950,0.99),(5,'1583','29',1,9,'Paulo Levi/W. Rangel',188630,6327391,0.99),(5,'1586','29',1,9,'Jorge Cardoso/Pierre Onasis',230791,7748006,0.99),(5,'1863','29',1,9,'Fábio Nolasco/Gal Sales/Ivan Brasil',206733,7034985,0.99),(5,'1866','29',1,9,'Garay, Ricardo Engels/Luca Predabom/Ludwig, Carlos Henrique/Maurício Vieira',210155,6973625,0.99),(5,'1869','29',1,9,'Luiz Wanderley/Paulo Levi',190093,6457752,0.99),(5,'1872','29',1,9,'Do Vale, Valverde/Gal Oliveira/Luciano Pinto',214256,7254147,0.99),(5,'2406','29',1,9,'Cal Adan/Ferrugem/Julinho Carioca/Tríona Ní Dhomhnaill',210599,7027525,0.99),(5,'2409','29',1,9,'Lucina/Luli',196519,6568081,0.99),(5,'2412','29',1,9,'Cal Adan/Del Rey, Tension/Edu Casanova',206654,6931328,0.99),(5,'2415','29',1,9,'Jauperi/Zeu Góes',203493,6772813,0.99),(5,'2418','29',1,9,'Adriano Bernandes/Edmar Neves',166687,5532564,0.99),(5,'2708','30',1,1,'J B Lenoir/Willie Dixon',315951,10249958,0.99),(5,'2716','30',1,1,'Willie Dixon',263836,8581414,0.99),(5,'2722','30',1,1,'Jimmy Page/John Bonham/John Paul Jones',192653,6287257,0.99),(5,'2725','30',1,1,'Jimmy Page',401920,13035765,0.99),(341,'The Girl I Love She Got Long Black Wavy Hair','30',1,1,'Jimmy Page/John Bonham/John Estes/John Paul Jones/Robert Plant',183327,5995686,0.99),(5,'2729','30',1,1,'Jimmy Page/Robert Plant',260675,8497116,0.99),(5,'2566','30',1,1,'Jimmy Page/John Bonham/John Paul Jones',161149,5261022,0.99),(5,'2570','30',1,1,'Jimmy Page/Robert Johnson/Robert Plant',312032,10232581,0.99),(5,'2782','30',1,1,'Jimmy Page/John Bonham/John Paul Jones/Robert Plant/Willie Dixon',373394,12258175,0.99),(5,'2783','30',1,1,'Bob Cochran/Sharon Sheeley',127869,4165650,0.99),(5,'2786','30',1,1,'Jimmy Page/John Bonham/John Paul Jones',185260,6041133,0.99),(348,'I Can\'t Quit You Baby(2)','30',1,1,'Willie Dixon',380551,12377615,0.99),(5,'2789','30',1,1,'J B Lenoir/Willie Dixon',619467,20138673,0.99),(5,'2792','30',1,1,'Chester Burnett/Jimmy Page/John Bonham/John Paul Jones/Robert Plant',711836,23092953,0.99),(5,'2795','31',1,1,'Frank Zappa',234553,7649679,0.99),(5,'2799','31',1,1,'Frank Zappa',359680,11731061,0.99),(5,'2975','31',1,1,'Don Van Vliet',171284,5572993,0.99),(5,'2978','31',1,1,'Frank Zappa',183902,6007019,0.99),(5,'2981','31',1,1,'Frank Zappa',272561,8912465,0.99),(5,'2984','31',1,1,'Frank Zappa',144483,4728586,0.99),(5,'2986','31',1,1,'Frank Zappa',677694,22080051,0.99),(5,'185','31',1,1,'Don Van Vliet',88894,2922044,0.99),(5,'188','31',1,1,'Frank Zappa',332878,10891682,0.99),(5,'191','32',1,10,'',276349,9402241,0.99),(5,'206','32',1,10,'',273920,9310370,0.99),(5,'208','32',1,10,'',282723,9616640,0.99);
/*!40000 ALTER TABLE `track` ENABLE KEYS */;
UNLOCK TABLES;
/*!40103 SET TIME_ZONE=@OLD_TIME_ZONE */;

/*!40101 SET SQL_MODE=@OLD_SQL_MODE */;
/*!40014 SET FOREIGN_KEY_CHECKS=@OLD_FOREIGN_KEY_CHECKS */;
/*!40014 SET UNIQUE_CHECKS=@OLD_UNIQUE_CHECKS */;
/*!40101 SET CHARACTER_SET_CLIENT=@OLD_CHARACTER_SET_CLIENT */;
/*!40101 SET CHARACTER_SET_RESULTS=@OLD_CHARACTER_SET_RESULTS */;
/*!40101 SET COLLATION_CONNECTION=@OLD_COLLATION_CONNECTION */;
/*!40111 SET SQL_NOTES=@OLD_SQL_NOTES */;

-- Dump completed on 2023-09-25 16:41:59
